run_id,class,dimension,model,task_id,pole,rep,strip_level,raw_oracle_pass,stripped_oracle_pass,detector_label,requested_pole,detector_correct,ambiguous,execution_error,notes
core_v2_generalization_local_quadrature_001,B,trapezoidal_vs_simpson,ollama__devstral__latest,integrate_exp_0_1,simpson,1,raw,True,True,simpson,simpson,True,False,,
core_v2_generalization_local_quadrature_001,B,trapezoidal_vs_simpson,ollama__devstral__latest,integrate_exp_0_1,simpson,2,raw,True,True,simpson,simpson,True,False,,
core_v2_generalization_local_quadrature_001,B,trapezoidal_vs_simpson,ollama__devstral__latest,integrate_exp_0_1,simpson,3,raw,True,True,simpson,simpson,True,False,,
core_v2_generalization_local_quadrature_001,B,trapezoidal_vs_simpson,ollama__devstral__latest,integrate_exp_0_1,simpson,4,raw,True,True,simpson,simpson,True,False,,
core_v2_generalization_local_quadrature_001,B,trapezoidal_vs_simpson,ollama__devstral__latest,integrate_exp_0_1,simpson,5,raw,True,True,simpson,simpson,True,False,,
core_v2_generalization_local_quadrature_001,B,trapezoidal_vs_simpson,ollama__devstral__latest,integrate_exp_0_1,trapezoidal,1,raw,True,True,trapezoidal,trapezoidal,True,False,,
core_v2_generalization_local_quadrature_001,B,trapezoidal_vs_simpson,ollama__devstral__latest,integrate_exp_0_1,trapezoidal,2,raw,True,True,trapezoidal,trapezoidal,True,False,,
core_v2_generalization_local_quadrature_001,B,trapezoidal_vs_simpson,ollama__devstral__latest,integrate_exp_0_1,trapezoidal,3,raw,True,True,trapezoidal,trapezoidal,True,False,,
core_v2_generalization_local_quadrature_001,B,trapezoidal_vs_simpson,ollama__devstral__latest,integrate_exp_0_1,trapezoidal,4,raw,True,True,trapezoidal,trapezoidal,True,False,,
core_v2_generalization_local_quadrature_001,B,trapezoidal_vs_simpson,ollama__devstral__latest,integrate_exp_0_1,trapezoidal,5,raw,True,True,trapezoidal,trapezoidal,True,False,,
core_v2_generalization_local_quadrature_001,B,trapezoidal_vs_simpson,ollama__devstral__latest,integrate_polynomial,simpson,1,raw,True,True,simpson,simpson,True,False,,
core_v2_generalization_local_quadrature_001,B,trapezoidal_vs_simpson,ollama__devstral__latest,integrate_polynomial,simpson,2,raw,True,True,simpson,simpson,True,False,,
core_v2_generalization_local_quadrature_001,B,trapezoidal_vs_simpson,ollama__devstral__latest,integrate_polynomial,simpson,3,raw,True,True,simpson,simpson,True,False,,
core_v2_generalization_local_quadrature_001,B,trapezoidal_vs_simpson,ollama__devstral__latest,integrate_polynomial,simpson,4,raw,True,True,simpson,simpson,True,False,,
core_v2_generalization_local_quadrature_001,B,trapezoidal_vs_simpson,ollama__devstral__latest,integrate_polynomial,simpson,5,raw,True,True,simpson,simpson,True,False,,
core_v2_generalization_local_quadrature_001,B,trapezoidal_vs_simpson,ollama__devstral__latest,integrate_polynomial,trapezoidal,1,raw,True,True,trapezoidal,trapezoidal,True,False,,
core_v2_generalization_local_quadrature_001,B,trapezoidal_vs_simpson,ollama__devstral__latest,integrate_polynomial,trapezoidal,2,raw,True,True,trapezoidal,trapezoidal,True,False,,
core_v2_generalization_local_quadrature_001,B,trapezoidal_vs_simpson,ollama__devstral__latest,integrate_polynomial,trapezoidal,3,raw,True,True,trapezoidal,trapezoidal,True,False,,
core_v2_generalization_local_quadrature_001,B,trapezoidal_vs_simpson,ollama__devstral__latest,integrate_polynomial,trapezoidal,4,raw,True,True,trapezoidal,trapezoidal,True,False,,
core_v2_generalization_local_quadrature_001,B,trapezoidal_vs_simpson,ollama__devstral__latest,integrate_polynomial,trapezoidal,5,raw,True,True,trapezoidal,trapezoidal,True,False,,
core_v2_generalization_local_quadrature_001,B,trapezoidal_vs_simpson,ollama__devstral__latest,integrate_sin_0_pi,simpson,1,raw,True,True,simpson,simpson,True,False,,
core_v2_generalization_local_quadrature_001,B,trapezoidal_vs_simpson,ollama__devstral__latest,integrate_sin_0_pi,simpson,2,raw,True,True,simpson,simpson,True,False,,
core_v2_generalization_local_quadrature_001,B,trapezoidal_vs_simpson,ollama__devstral__latest,integrate_sin_0_pi,simpson,3,raw,True,True,simpson,simpson,True,False,,
core_v2_generalization_local_quadrature_001,B,trapezoidal_vs_simpson,ollama__devstral__latest,integrate_sin_0_pi,simpson,4,raw,True,True,simpson,simpson,True,False,,
core_v2_generalization_local_quadrature_001,B,trapezoidal_vs_simpson,ollama__devstral__latest,integrate_sin_0_pi,simpson,5,raw,True,True,simpson,simpson,True,False,,
core_v2_generalization_local_quadrature_001,B,trapezoidal_vs_simpson,ollama__devstral__latest,integrate_sin_0_pi,trapezoidal,1,raw,True,True,trapezoidal,trapezoidal,True,False,,
core_v2_generalization_local_quadrature_001,B,trapezoidal_vs_simpson,ollama__devstral__latest,integrate_sin_0_pi,trapezoidal,2,raw,True,True,trapezoidal,trapezoidal,True,False,,
core_v2_generalization_local_quadrature_001,B,trapezoidal_vs_simpson,ollama__devstral__latest,integrate_sin_0_pi,trapezoidal,3,raw,True,True,trapezoidal,trapezoidal,True,False,,
core_v2_generalization_local_quadrature_001,B,trapezoidal_vs_simpson,ollama__devstral__latest,integrate_sin_0_pi,trapezoidal,4,raw,True,True,trapezoidal,trapezoidal,True,False,,
core_v2_generalization_local_quadrature_001,B,trapezoidal_vs_simpson,ollama__devstral__latest,integrate_sin_0_pi,trapezoidal,5,raw,True,True,trapezoidal,trapezoidal,True,False,,
core_v2_generalization_local_quadrature_001,B,trapezoidal_vs_simpson,ollama__qwen2_5-coder__14b,integrate_exp_0_1,simpson,1,raw,True,True,simpson,simpson,True,False,,
core_v2_generalization_local_quadrature_001,B,trapezoidal_vs_simpson,ollama__qwen2_5-coder__14b,integrate_exp_0_1,simpson,2,raw,True,True,simpson,simpson,True,False,,
core_v2_generalization_local_quadrature_001,B,trapezoidal_vs_simpson,ollama__qwen2_5-coder__14b,integrate_exp_0_1,simpson,3,raw,True,True,simpson,simpson,True,False,,
core_v2_generalization_local_quadrature_001,B,trapezoidal_vs_simpson,ollama__qwen2_5-coder__14b,integrate_exp_0_1,simpson,4,raw,True,True,simpson,simpson,True,False,,
core_v2_generalization_local_quadrature_001,B,trapezoidal_vs_simpson,ollama__qwen2_5-coder__14b,integrate_exp_0_1,simpson,5,raw,True,True,simpson,simpson,True,False,,
core_v2_generalization_local_quadrature_001,B,trapezoidal_vs_simpson,ollama__qwen2_5-coder__14b,integrate_exp_0_1,trapezoidal,1,raw,True,True,trapezoidal,trapezoidal,True,False,,
core_v2_generalization_local_quadrature_001,B,trapezoidal_vs_simpson,ollama__qwen2_5-coder__14b,integrate_exp_0_1,trapezoidal,2,raw,True,True,trapezoidal,trapezoidal,True,False,,
core_v2_generalization_local_quadrature_001,B,trapezoidal_vs_simpson,ollama__qwen2_5-coder__14b,integrate_exp_0_1,trapezoidal,3,raw,True,True,trapezoidal,trapezoidal,True,False,,
core_v2_generalization_local_quadrature_001,B,trapezoidal_vs_simpson,ollama__qwen2_5-coder__14b,integrate_exp_0_1,trapezoidal,4,raw,True,True,trapezoidal,trapezoidal,True,False,,
core_v2_generalization_local_quadrature_001,B,trapezoidal_vs_simpson,ollama__qwen2_5-coder__14b,integrate_exp_0_1,trapezoidal,5,raw,True,True,trapezoidal,trapezoidal,True,False,,
core_v2_generalization_local_quadrature_001,B,trapezoidal_vs_simpson,ollama__qwen2_5-coder__14b,integrate_polynomial,simpson,1,raw,True,True,simpson,simpson,True,False,,
core_v2_generalization_local_quadrature_001,B,trapezoidal_vs_simpson,ollama__qwen2_5-coder__14b,integrate_polynomial,simpson,2,raw,True,True,simpson,simpson,True,False,,
core_v2_generalization_local_quadrature_001,B,trapezoidal_vs_simpson,ollama__qwen2_5-coder__14b,integrate_polynomial,simpson,3,raw,True,True,simpson,simpson,True,False,,
core_v2_generalization_local_quadrature_001,B,trapezoidal_vs_simpson,ollama__qwen2_5-coder__14b,integrate_polynomial,simpson,4,raw,True,True,simpson,simpson,True,False,,
core_v2_generalization_local_quadrature_001,B,trapezoidal_vs_simpson,ollama__qwen2_5-coder__14b,integrate_polynomial,simpson,5,raw,True,True,simpson,simpson,True,False,,
core_v2_generalization_local_quadrature_001,B,trapezoidal_vs_simpson,ollama__qwen2_5-coder__14b,integrate_polynomial,trapezoidal,1,raw,True,True,trapezoidal,trapezoidal,True,False,,
core_v2_generalization_local_quadrature_001,B,trapezoidal_vs_simpson,ollama__qwen2_5-coder__14b,integrate_polynomial,trapezoidal,2,raw,True,True,trapezoidal,trapezoidal,True,False,,
core_v2_generalization_local_quadrature_001,B,trapezoidal_vs_simpson,ollama__qwen2_5-coder__14b,integrate_polynomial,trapezoidal,3,raw,True,True,trapezoidal,trapezoidal,True,False,,
core_v2_generalization_local_quadrature_001,B,trapezoidal_vs_simpson,ollama__qwen2_5-coder__14b,integrate_polynomial,trapezoidal,4,raw,True,True,trapezoidal,trapezoidal,True,False,,
core_v2_generalization_local_quadrature_001,B,trapezoidal_vs_simpson,ollama__qwen2_5-coder__14b,integrate_polynomial,trapezoidal,5,raw,True,True,trapezoidal,trapezoidal,True,False,,
core_v2_generalization_local_quadrature_001,B,trapezoidal_vs_simpson,ollama__qwen2_5-coder__14b,integrate_sin_0_pi,simpson,1,raw,True,True,simpson,simpson,True,False,,
core_v2_generalization_local_quadrature_001,B,trapezoidal_vs_simpson,ollama__qwen2_5-coder__14b,integrate_sin_0_pi,simpson,2,raw,True,True,simpson,simpson,True,False,,
core_v2_generalization_local_quadrature_001,B,trapezoidal_vs_simpson,ollama__qwen2_5-coder__14b,integrate_sin_0_pi,simpson,3,raw,True,True,simpson,simpson,True,False,,
core_v2_generalization_local_quadrature_001,B,trapezoidal_vs_simpson,ollama__qwen2_5-coder__14b,integrate_sin_0_pi,simpson,4,raw,True,True,simpson,simpson,True,False,,
core_v2_generalization_local_quadrature_001,B,trapezoidal_vs_simpson,ollama__qwen2_5-coder__14b,integrate_sin_0_pi,simpson,5,raw,True,True,simpson,simpson,True,False,,
core_v2_generalization_local_quadrature_001,B,trapezoidal_vs_simpson,ollama__qwen2_5-coder__14b,integrate_sin_0_pi,trapezoidal,1,raw,True,True,trapezoidal,trapezoidal,True,False,,
core_v2_generalization_local_quadrature_001,B,trapezoidal_vs_simpson,ollama__qwen2_5-coder__14b,integrate_sin_0_pi,trapezoidal,2,raw,True,True,trapezoidal,trapezoidal,True,False,,
core_v2_generalization_local_quadrature_001,B,trapezoidal_vs_simpson,ollama__qwen2_5-coder__14b,integrate_sin_0_pi,trapezoidal,3,raw,True,True,trapezoidal,trapezoidal,True,False,,
core_v2_generalization_local_quadrature_001,B,trapezoidal_vs_simpson,ollama__qwen2_5-coder__14b,integrate_sin_0_pi,trapezoidal,4,raw,True,True,trapezoidal,trapezoidal,True,False,,
core_v2_generalization_local_quadrature_001,B,trapezoidal_vs_simpson,ollama__qwen2_5-coder__14b,integrate_sin_0_pi,trapezoidal,5,raw,True,True,trapezoidal,trapezoidal,True,False,,
core_v2_generalization_local_quadrature_001,B,trapezoidal_vs_simpson,ollama__qwen3-coder__30b,integrate_exp_0_1,simpson,1,raw,True,True,simpson,simpson,True,False,,
core_v2_generalization_local_quadrature_001,B,trapezoidal_vs_simpson,ollama__qwen3-coder__30b,integrate_exp_0_1,simpson,2,raw,True,True,simpson,simpson,True,False,,
core_v2_generalization_local_quadrature_001,B,trapezoidal_vs_simpson,ollama__qwen3-coder__30b,integrate_exp_0_1,simpson,3,raw,True,True,simpson,simpson,True,False,,
core_v2_generalization_local_quadrature_001,B,trapezoidal_vs_simpson,ollama__qwen3-coder__30b,integrate_exp_0_1,simpson,4,raw,True,True,simpson,simpson,True,False,,
core_v2_generalization_local_quadrature_001,B,trapezoidal_vs_simpson,ollama__qwen3-coder__30b,integrate_exp_0_1,simpson,5,raw,True,True,simpson,simpson,True,False,,
core_v2_generalization_local_quadrature_001,B,trapezoidal_vs_simpson,ollama__qwen3-coder__30b,integrate_exp_0_1,trapezoidal,1,raw,True,True,trapezoidal,trapezoidal,True,False,,
core_v2_generalization_local_quadrature_001,B,trapezoidal_vs_simpson,ollama__qwen3-coder__30b,integrate_exp_0_1,trapezoidal,2,raw,True,True,trapezoidal,trapezoidal,True,False,,
core_v2_generalization_local_quadrature_001,B,trapezoidal_vs_simpson,ollama__qwen3-coder__30b,integrate_exp_0_1,trapezoidal,3,raw,True,True,trapezoidal,trapezoidal,True,False,,
core_v2_generalization_local_quadrature_001,B,trapezoidal_vs_simpson,ollama__qwen3-coder__30b,integrate_exp_0_1,trapezoidal,4,raw,True,True,trapezoidal,trapezoidal,True,False,,
core_v2_generalization_local_quadrature_001,B,trapezoidal_vs_simpson,ollama__qwen3-coder__30b,integrate_exp_0_1,trapezoidal,5,raw,True,True,trapezoidal,trapezoidal,True,False,,
core_v2_generalization_local_quadrature_001,B,trapezoidal_vs_simpson,ollama__qwen3-coder__30b,integrate_polynomial,simpson,1,raw,True,True,simpson,simpson,True,False,,
core_v2_generalization_local_quadrature_001,B,trapezoidal_vs_simpson,ollama__qwen3-coder__30b,integrate_polynomial,simpson,2,raw,True,True,simpson,simpson,True,False,,
core_v2_generalization_local_quadrature_001,B,trapezoidal_vs_simpson,ollama__qwen3-coder__30b,integrate_polynomial,simpson,3,raw,True,True,simpson,simpson,True,False,,
core_v2_generalization_local_quadrature_001,B,trapezoidal_vs_simpson,ollama__qwen3-coder__30b,integrate_polynomial,simpson,4,raw,True,True,simpson,simpson,True,False,,
core_v2_generalization_local_quadrature_001,B,trapezoidal_vs_simpson,ollama__qwen3-coder__30b,integrate_polynomial,simpson,5,raw,True,True,simpson,simpson,True,False,,
core_v2_generalization_local_quadrature_001,B,trapezoidal_vs_simpson,ollama__qwen3-coder__30b,integrate_polynomial,trapezoidal,1,raw,True,True,trapezoidal,trapezoidal,True,False,,
core_v2_generalization_local_quadrature_001,B,trapezoidal_vs_simpson,ollama__qwen3-coder__30b,integrate_polynomial,trapezoidal,2,raw,True,True,trapezoidal,trapezoidal,True,False,,
core_v2_generalization_local_quadrature_001,B,trapezoidal_vs_simpson,ollama__qwen3-coder__30b,integrate_polynomial,trapezoidal,3,raw,True,True,trapezoidal,trapezoidal,True,False,,
core_v2_generalization_local_quadrature_001,B,trapezoidal_vs_simpson,ollama__qwen3-coder__30b,integrate_polynomial,trapezoidal,4,raw,True,True,trapezoidal,trapezoidal,True,False,,
core_v2_generalization_local_quadrature_001,B,trapezoidal_vs_simpson,ollama__qwen3-coder__30b,integrate_polynomial,trapezoidal,5,raw,True,True,trapezoidal,trapezoidal,True,False,,
core_v2_generalization_local_quadrature_001,B,trapezoidal_vs_simpson,ollama__qwen3-coder__30b,integrate_sin_0_pi,simpson,1,raw,True,True,simpson,simpson,True,False,,
core_v2_generalization_local_quadrature_001,B,trapezoidal_vs_simpson,ollama__qwen3-coder__30b,integrate_sin_0_pi,simpson,2,raw,True,True,simpson,simpson,True,False,,
core_v2_generalization_local_quadrature_001,B,trapezoidal_vs_simpson,ollama__qwen3-coder__30b,integrate_sin_0_pi,simpson,3,raw,True,True,simpson,simpson,True,False,,
core_v2_generalization_local_quadrature_001,B,trapezoidal_vs_simpson,ollama__qwen3-coder__30b,integrate_sin_0_pi,simpson,4,raw,True,True,simpson,simpson,True,False,,
core_v2_generalization_local_quadrature_001,B,trapezoidal_vs_simpson,ollama__qwen3-coder__30b,integrate_sin_0_pi,simpson,5,raw,True,True,simpson,simpson,True,False,,
core_v2_generalization_local_quadrature_001,B,trapezoidal_vs_simpson,ollama__qwen3-coder__30b,integrate_sin_0_pi,trapezoidal,1,raw,True,True,trapezoidal,trapezoidal,True,False,,
core_v2_generalization_local_quadrature_001,B,trapezoidal_vs_simpson,ollama__qwen3-coder__30b,integrate_sin_0_pi,trapezoidal,2,raw,True,True,trapezoidal,trapezoidal,True,False,,
core_v2_generalization_local_quadrature_001,B,trapezoidal_vs_simpson,ollama__qwen3-coder__30b,integrate_sin_0_pi,trapezoidal,3,raw,True,True,trapezoidal,trapezoidal,True,False,,
core_v2_generalization_local_quadrature_001,B,trapezoidal_vs_simpson,ollama__qwen3-coder__30b,integrate_sin_0_pi,trapezoidal,4,raw,True,True,trapezoidal,trapezoidal,True,False,,
core_v2_generalization_local_quadrature_001,B,trapezoidal_vs_simpson,ollama__qwen3-coder__30b,integrate_sin_0_pi,trapezoidal,5,raw,True,True,trapezoidal,trapezoidal,True,False,,
core_v2_generalization_local_quadrature_001,B,trapezoidal_vs_simpson,ollama__devstral__latest,integrate_exp_0_1,simpson,1,no_comments,True,True,simpson,simpson,True,False,,
core_v2_generalization_local_quadrature_001,B,trapezoidal_vs_simpson,ollama__devstral__latest,integrate_exp_0_1,simpson,2,no_comments,True,True,simpson,simpson,True,False,,
core_v2_generalization_local_quadrature_001,B,trapezoidal_vs_simpson,ollama__devstral__latest,integrate_exp_0_1,simpson,3,no_comments,True,True,simpson,simpson,True,False,,
core_v2_generalization_local_quadrature_001,B,trapezoidal_vs_simpson,ollama__devstral__latest,integrate_exp_0_1,simpson,4,no_comments,True,True,simpson,simpson,True,False,,
core_v2_generalization_local_quadrature_001,B,trapezoidal_vs_simpson,ollama__devstral__latest,integrate_exp_0_1,simpson,5,no_comments,True,True,simpson,simpson,True,False,,
core_v2_generalization_local_quadrature_001,B,trapezoidal_vs_simpson,ollama__devstral__latest,integrate_exp_0_1,trapezoidal,1,no_comments,True,True,trapezoidal,trapezoidal,True,False,,
core_v2_generalization_local_quadrature_001,B,trapezoidal_vs_simpson,ollama__devstral__latest,integrate_exp_0_1,trapezoidal,2,no_comments,True,True,trapezoidal,trapezoidal,True,False,,
core_v2_generalization_local_quadrature_001,B,trapezoidal_vs_simpson,ollama__devstral__latest,integrate_exp_0_1,trapezoidal,3,no_comments,True,True,trapezoidal,trapezoidal,True,False,,
core_v2_generalization_local_quadrature_001,B,trapezoidal_vs_simpson,ollama__devstral__latest,integrate_exp_0_1,trapezoidal,4,no_comments,True,True,trapezoidal,trapezoidal,True,False,,
core_v2_generalization_local_quadrature_001,B,trapezoidal_vs_simpson,ollama__devstral__latest,integrate_exp_0_1,trapezoidal,5,no_comments,True,True,trapezoidal,trapezoidal,True,False,,
core_v2_generalization_local_quadrature_001,B,trapezoidal_vs_simpson,ollama__devstral__latest,integrate_polynomial,simpson,1,no_comments,True,True,simpson,simpson,True,False,,
core_v2_generalization_local_quadrature_001,B,trapezoidal_vs_simpson,ollama__devstral__latest,integrate_polynomial,simpson,2,no_comments,True,True,simpson,simpson,True,False,,
core_v2_generalization_local_quadrature_001,B,trapezoidal_vs_simpson,ollama__devstral__latest,integrate_polynomial,simpson,3,no_comments,True,True,simpson,simpson,True,False,,
core_v2_generalization_local_quadrature_001,B,trapezoidal_vs_simpson,ollama__devstral__latest,integrate_polynomial,simpson,4,no_comments,True,True,simpson,simpson,True,False,,
core_v2_generalization_local_quadrature_001,B,trapezoidal_vs_simpson,ollama__devstral__latest,integrate_polynomial,simpson,5,no_comments,True,True,simpson,simpson,True,False,,
core_v2_generalization_local_quadrature_001,B,trapezoidal_vs_simpson,ollama__devstral__latest,integrate_polynomial,trapezoidal,1,no_comments,True,True,trapezoidal,trapezoidal,True,False,,
core_v2_generalization_local_quadrature_001,B,trapezoidal_vs_simpson,ollama__devstral__latest,integrate_polynomial,trapezoidal,2,no_comments,True,True,trapezoidal,trapezoidal,True,False,,
core_v2_generalization_local_quadrature_001,B,trapezoidal_vs_simpson,ollama__devstral__latest,integrate_polynomial,trapezoidal,3,no_comments,True,True,trapezoidal,trapezoidal,True,False,,
core_v2_generalization_local_quadrature_001,B,trapezoidal_vs_simpson,ollama__devstral__latest,integrate_polynomial,trapezoidal,4,no_comments,True,True,trapezoidal,trapezoidal,True,False,,
core_v2_generalization_local_quadrature_001,B,trapezoidal_vs_simpson,ollama__devstral__latest,integrate_polynomial,trapezoidal,5,no_comments,True,True,trapezoidal,trapezoidal,True,False,,
core_v2_generalization_local_quadrature_001,B,trapezoidal_vs_simpson,ollama__devstral__latest,integrate_sin_0_pi,simpson,1,no_comments,True,True,simpson,simpson,True,False,,
core_v2_generalization_local_quadrature_001,B,trapezoidal_vs_simpson,ollama__devstral__latest,integrate_sin_0_pi,simpson,2,no_comments,True,True,simpson,simpson,True,False,,
core_v2_generalization_local_quadrature_001,B,trapezoidal_vs_simpson,ollama__devstral__latest,integrate_sin_0_pi,simpson,3,no_comments,True,True,simpson,simpson,True,False,,
core_v2_generalization_local_quadrature_001,B,trapezoidal_vs_simpson,ollama__devstral__latest,integrate_sin_0_pi,simpson,4,no_comments,True,True,simpson,simpson,True,False,,
core_v2_generalization_local_quadrature_001,B,trapezoidal_vs_simpson,ollama__devstral__latest,integrate_sin_0_pi,simpson,5,no_comments,True,True,simpson,simpson,True,False,,
core_v2_generalization_local_quadrature_001,B,trapezoidal_vs_simpson,ollama__devstral__latest,integrate_sin_0_pi,trapezoidal,1,no_comments,True,True,trapezoidal,trapezoidal,True,False,,
core_v2_generalization_local_quadrature_001,B,trapezoidal_vs_simpson,ollama__devstral__latest,integrate_sin_0_pi,trapezoidal,2,no_comments,True,True,trapezoidal,trapezoidal,True,False,,
core_v2_generalization_local_quadrature_001,B,trapezoidal_vs_simpson,ollama__devstral__latest,integrate_sin_0_pi,trapezoidal,3,no_comments,True,True,trapezoidal,trapezoidal,True,False,,
core_v2_generalization_local_quadrature_001,B,trapezoidal_vs_simpson,ollama__devstral__latest,integrate_sin_0_pi,trapezoidal,4,no_comments,True,True,trapezoidal,trapezoidal,True,False,,
core_v2_generalization_local_quadrature_001,B,trapezoidal_vs_simpson,ollama__devstral__latest,integrate_sin_0_pi,trapezoidal,5,no_comments,True,True,trapezoidal,trapezoidal,True,False,,
core_v2_generalization_local_quadrature_001,B,trapezoidal_vs_simpson,ollama__qwen2_5-coder__14b,integrate_exp_0_1,simpson,1,no_comments,True,True,simpson,simpson,True,False,,
core_v2_generalization_local_quadrature_001,B,trapezoidal_vs_simpson,ollama__qwen2_5-coder__14b,integrate_exp_0_1,simpson,2,no_comments,True,True,simpson,simpson,True,False,,
core_v2_generalization_local_quadrature_001,B,trapezoidal_vs_simpson,ollama__qwen2_5-coder__14b,integrate_exp_0_1,simpson,3,no_comments,True,True,simpson,simpson,True,False,,
core_v2_generalization_local_quadrature_001,B,trapezoidal_vs_simpson,ollama__qwen2_5-coder__14b,integrate_exp_0_1,simpson,4,no_comments,True,True,simpson,simpson,True,False,,
core_v2_generalization_local_quadrature_001,B,trapezoidal_vs_simpson,ollama__qwen2_5-coder__14b,integrate_exp_0_1,simpson,5,no_comments,True,True,simpson,simpson,True,False,,
core_v2_generalization_local_quadrature_001,B,trapezoidal_vs_simpson,ollama__qwen2_5-coder__14b,integrate_exp_0_1,trapezoidal,1,no_comments,True,True,trapezoidal,trapezoidal,True,False,,
core_v2_generalization_local_quadrature_001,B,trapezoidal_vs_simpson,ollama__qwen2_5-coder__14b,integrate_exp_0_1,trapezoidal,2,no_comments,True,True,trapezoidal,trapezoidal,True,False,,
core_v2_generalization_local_quadrature_001,B,trapezoidal_vs_simpson,ollama__qwen2_5-coder__14b,integrate_exp_0_1,trapezoidal,3,no_comments,True,True,trapezoidal,trapezoidal,True,False,,
core_v2_generalization_local_quadrature_001,B,trapezoidal_vs_simpson,ollama__qwen2_5-coder__14b,integrate_exp_0_1,trapezoidal,4,no_comments,True,True,trapezoidal,trapezoidal,True,False,,
core_v2_generalization_local_quadrature_001,B,trapezoidal_vs_simpson,ollama__qwen2_5-coder__14b,integrate_exp_0_1,trapezoidal,5,no_comments,True,True,trapezoidal,trapezoidal,True,False,,
core_v2_generalization_local_quadrature_001,B,trapezoidal_vs_simpson,ollama__qwen2_5-coder__14b,integrate_polynomial,simpson,1,no_comments,True,True,simpson,simpson,True,False,,
core_v2_generalization_local_quadrature_001,B,trapezoidal_vs_simpson,ollama__qwen2_5-coder__14b,integrate_polynomial,simpson,2,no_comments,True,True,simpson,simpson,True,False,,
core_v2_generalization_local_quadrature_001,B,trapezoidal_vs_simpson,ollama__qwen2_5-coder__14b,integrate_polynomial,simpson,3,no_comments,True,True,simpson,simpson,True,False,,
core_v2_generalization_local_quadrature_001,B,trapezoidal_vs_simpson,ollama__qwen2_5-coder__14b,integrate_polynomial,simpson,4,no_comments,True,True,simpson,simpson,True,False,,
core_v2_generalization_local_quadrature_001,B,trapezoidal_vs_simpson,ollama__qwen2_5-coder__14b,integrate_polynomial,simpson,5,no_comments,True,True,simpson,simpson,True,False,,
core_v2_generalization_local_quadrature_001,B,trapezoidal_vs_simpson,ollama__qwen2_5-coder__14b,integrate_polynomial,trapezoidal,1,no_comments,True,True,trapezoidal,trapezoidal,True,False,,
core_v2_generalization_local_quadrature_001,B,trapezoidal_vs_simpson,ollama__qwen2_5-coder__14b,integrate_polynomial,trapezoidal,2,no_comments,True,True,trapezoidal,trapezoidal,True,False,,
core_v2_generalization_local_quadrature_001,B,trapezoidal_vs_simpson,ollama__qwen2_5-coder__14b,integrate_polynomial,trapezoidal,3,no_comments,True,True,trapezoidal,trapezoidal,True,False,,
core_v2_generalization_local_quadrature_001,B,trapezoidal_vs_simpson,ollama__qwen2_5-coder__14b,integrate_polynomial,trapezoidal,4,no_comments,True,True,trapezoidal,trapezoidal,True,False,,
core_v2_generalization_local_quadrature_001,B,trapezoidal_vs_simpson,ollama__qwen2_5-coder__14b,integrate_polynomial,trapezoidal,5,no_comments,True,True,trapezoidal,trapezoidal,True,False,,
core_v2_generalization_local_quadrature_001,B,trapezoidal_vs_simpson,ollama__qwen2_5-coder__14b,integrate_sin_0_pi,simpson,1,no_comments,True,True,simpson,simpson,True,False,,
core_v2_generalization_local_quadrature_001,B,trapezoidal_vs_simpson,ollama__qwen2_5-coder__14b,integrate_sin_0_pi,simpson,2,no_comments,True,True,simpson,simpson,True,False,,
core_v2_generalization_local_quadrature_001,B,trapezoidal_vs_simpson,ollama__qwen2_5-coder__14b,integrate_sin_0_pi,simpson,3,no_comments,True,True,simpson,simpson,True,False,,
core_v2_generalization_local_quadrature_001,B,trapezoidal_vs_simpson,ollama__qwen2_5-coder__14b,integrate_sin_0_pi,simpson,4,no_comments,True,True,simpson,simpson,True,False,,
core_v2_generalization_local_quadrature_001,B,trapezoidal_vs_simpson,ollama__qwen2_5-coder__14b,integrate_sin_0_pi,simpson,5,no_comments,True,True,simpson,simpson,True,False,,
core_v2_generalization_local_quadrature_001,B,trapezoidal_vs_simpson,ollama__qwen2_5-coder__14b,integrate_sin_0_pi,trapezoidal,1,no_comments,True,True,trapezoidal,trapezoidal,True,False,,
core_v2_generalization_local_quadrature_001,B,trapezoidal_vs_simpson,ollama__qwen2_5-coder__14b,integrate_sin_0_pi,trapezoidal,2,no_comments,True,True,trapezoidal,trapezoidal,True,False,,
core_v2_generalization_local_quadrature_001,B,trapezoidal_vs_simpson,ollama__qwen2_5-coder__14b,integrate_sin_0_pi,trapezoidal,3,no_comments,True,True,trapezoidal,trapezoidal,True,False,,
core_v2_generalization_local_quadrature_001,B,trapezoidal_vs_simpson,ollama__qwen2_5-coder__14b,integrate_sin_0_pi,trapezoidal,4,no_comments,True,True,trapezoidal,trapezoidal,True,False,,
core_v2_generalization_local_quadrature_001,B,trapezoidal_vs_simpson,ollama__qwen2_5-coder__14b,integrate_sin_0_pi,trapezoidal,5,no_comments,True,True,trapezoidal,trapezoidal,True,False,,
core_v2_generalization_local_quadrature_001,B,trapezoidal_vs_simpson,ollama__qwen3-coder__30b,integrate_exp_0_1,simpson,1,no_comments,True,True,simpson,simpson,True,False,,
core_v2_generalization_local_quadrature_001,B,trapezoidal_vs_simpson,ollama__qwen3-coder__30b,integrate_exp_0_1,simpson,2,no_comments,True,True,simpson,simpson,True,False,,
core_v2_generalization_local_quadrature_001,B,trapezoidal_vs_simpson,ollama__qwen3-coder__30b,integrate_exp_0_1,simpson,3,no_comments,True,True,simpson,simpson,True,False,,
core_v2_generalization_local_quadrature_001,B,trapezoidal_vs_simpson,ollama__qwen3-coder__30b,integrate_exp_0_1,simpson,4,no_comments,True,True,simpson,simpson,True,False,,
core_v2_generalization_local_quadrature_001,B,trapezoidal_vs_simpson,ollama__qwen3-coder__30b,integrate_exp_0_1,simpson,5,no_comments,True,True,simpson,simpson,True,False,,
core_v2_generalization_local_quadrature_001,B,trapezoidal_vs_simpson,ollama__qwen3-coder__30b,integrate_exp_0_1,trapezoidal,1,no_comments,True,True,trapezoidal,trapezoidal,True,False,,
core_v2_generalization_local_quadrature_001,B,trapezoidal_vs_simpson,ollama__qwen3-coder__30b,integrate_exp_0_1,trapezoidal,2,no_comments,True,True,trapezoidal,trapezoidal,True,False,,
core_v2_generalization_local_quadrature_001,B,trapezoidal_vs_simpson,ollama__qwen3-coder__30b,integrate_exp_0_1,trapezoidal,3,no_comments,True,True,trapezoidal,trapezoidal,True,False,,
core_v2_generalization_local_quadrature_001,B,trapezoidal_vs_simpson,ollama__qwen3-coder__30b,integrate_exp_0_1,trapezoidal,4,no_comments,True,True,trapezoidal,trapezoidal,True,False,,
core_v2_generalization_local_quadrature_001,B,trapezoidal_vs_simpson,ollama__qwen3-coder__30b,integrate_exp_0_1,trapezoidal,5,no_comments,True,True,trapezoidal,trapezoidal,True,False,,
core_v2_generalization_local_quadrature_001,B,trapezoidal_vs_simpson,ollama__qwen3-coder__30b,integrate_polynomial,simpson,1,no_comments,True,True,simpson,simpson,True,False,,
core_v2_generalization_local_quadrature_001,B,trapezoidal_vs_simpson,ollama__qwen3-coder__30b,integrate_polynomial,simpson,2,no_comments,True,True,simpson,simpson,True,False,,
core_v2_generalization_local_quadrature_001,B,trapezoidal_vs_simpson,ollama__qwen3-coder__30b,integrate_polynomial,simpson,3,no_comments,True,True,simpson,simpson,True,False,,
core_v2_generalization_local_quadrature_001,B,trapezoidal_vs_simpson,ollama__qwen3-coder__30b,integrate_polynomial,simpson,4,no_comments,True,True,simpson,simpson,True,False,,
core_v2_generalization_local_quadrature_001,B,trapezoidal_vs_simpson,ollama__qwen3-coder__30b,integrate_polynomial,simpson,5,no_comments,True,True,simpson,simpson,True,False,,
core_v2_generalization_local_quadrature_001,B,trapezoidal_vs_simpson,ollama__qwen3-coder__30b,integrate_polynomial,trapezoidal,1,no_comments,True,True,trapezoidal,trapezoidal,True,False,,
core_v2_generalization_local_quadrature_001,B,trapezoidal_vs_simpson,ollama__qwen3-coder__30b,integrate_polynomial,trapezoidal,2,no_comments,True,True,trapezoidal,trapezoidal,True,False,,
core_v2_generalization_local_quadrature_001,B,trapezoidal_vs_simpson,ollama__qwen3-coder__30b,integrate_polynomial,trapezoidal,3,no_comments,True,True,trapezoidal,trapezoidal,True,False,,
core_v2_generalization_local_quadrature_001,B,trapezoidal_vs_simpson,ollama__qwen3-coder__30b,integrate_polynomial,trapezoidal,4,no_comments,True,True,trapezoidal,trapezoidal,True,False,,
core_v2_generalization_local_quadrature_001,B,trapezoidal_vs_simpson,ollama__qwen3-coder__30b,integrate_polynomial,trapezoidal,5,no_comments,True,True,trapezoidal,trapezoidal,True,False,,
core_v2_generalization_local_quadrature_001,B,trapezoidal_vs_simpson,ollama__qwen3-coder__30b,integrate_sin_0_pi,simpson,1,no_comments,True,True,simpson,simpson,True,False,,
core_v2_generalization_local_quadrature_001,B,trapezoidal_vs_simpson,ollama__qwen3-coder__30b,integrate_sin_0_pi,simpson,2,no_comments,True,True,simpson,simpson,True,False,,
core_v2_generalization_local_quadrature_001,B,trapezoidal_vs_simpson,ollama__qwen3-coder__30b,integrate_sin_0_pi,simpson,3,no_comments,True,True,simpson,simpson,True,False,,
core_v2_generalization_local_quadrature_001,B,trapezoidal_vs_simpson,ollama__qwen3-coder__30b,integrate_sin_0_pi,simpson,4,no_comments,True,True,simpson,simpson,True,False,,
core_v2_generalization_local_quadrature_001,B,trapezoidal_vs_simpson,ollama__qwen3-coder__30b,integrate_sin_0_pi,simpson,5,no_comments,True,True,simpson,simpson,True,False,,
core_v2_generalization_local_quadrature_001,B,trapezoidal_vs_simpson,ollama__qwen3-coder__30b,integrate_sin_0_pi,trapezoidal,1,no_comments,True,True,trapezoidal,trapezoidal,True,False,,
core_v2_generalization_local_quadrature_001,B,trapezoidal_vs_simpson,ollama__qwen3-coder__30b,integrate_sin_0_pi,trapezoidal,2,no_comments,True,True,trapezoidal,trapezoidal,True,False,,
core_v2_generalization_local_quadrature_001,B,trapezoidal_vs_simpson,ollama__qwen3-coder__30b,integrate_sin_0_pi,trapezoidal,3,no_comments,True,True,trapezoidal,trapezoidal,True,False,,
core_v2_generalization_local_quadrature_001,B,trapezoidal_vs_simpson,ollama__qwen3-coder__30b,integrate_sin_0_pi,trapezoidal,4,no_comments,True,True,trapezoidal,trapezoidal,True,False,,
core_v2_generalization_local_quadrature_001,B,trapezoidal_vs_simpson,ollama__qwen3-coder__30b,integrate_sin_0_pi,trapezoidal,5,no_comments,True,True,trapezoidal,trapezoidal,True,False,,
core_v2_generalization_local_quadrature_001,B,trapezoidal_vs_simpson,ollama__devstral__latest,integrate_exp_0_1,simpson,1,renamed,True,False,simpson,simpson,True,False,parse_or_load_failed,
core_v2_generalization_local_quadrature_001,B,trapezoidal_vs_simpson,ollama__devstral__latest,integrate_exp_0_1,simpson,2,renamed,True,False,simpson,simpson,True,False,parse_or_load_failed,
core_v2_generalization_local_quadrature_001,B,trapezoidal_vs_simpson,ollama__devstral__latest,integrate_exp_0_1,simpson,3,renamed,True,False,simpson,simpson,True,False,parse_or_load_failed,
core_v2_generalization_local_quadrature_001,B,trapezoidal_vs_simpson,ollama__devstral__latest,integrate_exp_0_1,simpson,4,renamed,True,False,simpson,simpson,True,False,parse_or_load_failed,
core_v2_generalization_local_quadrature_001,B,trapezoidal_vs_simpson,ollama__devstral__latest,integrate_exp_0_1,simpson,5,renamed,True,False,simpson,simpson,True,False,parse_or_load_failed,
core_v2_generalization_local_quadrature_001,B,trapezoidal_vs_simpson,ollama__devstral__latest,integrate_exp_0_1,trapezoidal,1,renamed,True,False,trapezoidal,trapezoidal,True,False,parse_or_load_failed,
core_v2_generalization_local_quadrature_001,B,trapezoidal_vs_simpson,ollama__devstral__latest,integrate_exp_0_1,trapezoidal,2,renamed,True,False,trapezoidal,trapezoidal,True,False,parse_or_load_failed,
core_v2_generalization_local_quadrature_001,B,trapezoidal_vs_simpson,ollama__devstral__latest,integrate_exp_0_1,trapezoidal,3,renamed,True,False,trapezoidal,trapezoidal,True,False,parse_or_load_failed,
core_v2_generalization_local_quadrature_001,B,trapezoidal_vs_simpson,ollama__devstral__latest,integrate_exp_0_1,trapezoidal,4,renamed,True,False,trapezoidal,trapezoidal,True,False,parse_or_load_failed,
core_v2_generalization_local_quadrature_001,B,trapezoidal_vs_simpson,ollama__devstral__latest,integrate_exp_0_1,trapezoidal,5,renamed,True,False,trapezoidal,trapezoidal,True,False,parse_or_load_failed,
core_v2_generalization_local_quadrature_001,B,trapezoidal_vs_simpson,ollama__devstral__latest,integrate_polynomial,simpson,1,renamed,True,False,simpson,simpson,True,False,parse_or_load_failed,
core_v2_generalization_local_quadrature_001,B,trapezoidal_vs_simpson,ollama__devstral__latest,integrate_polynomial,simpson,2,renamed,True,False,simpson,simpson,True,False,parse_or_load_failed,
core_v2_generalization_local_quadrature_001,B,trapezoidal_vs_simpson,ollama__devstral__latest,integrate_polynomial,simpson,3,renamed,True,False,simpson,simpson,True,False,parse_or_load_failed,
core_v2_generalization_local_quadrature_001,B,trapezoidal_vs_simpson,ollama__devstral__latest,integrate_polynomial,simpson,4,renamed,True,False,simpson,simpson,True,False,parse_or_load_failed,
core_v2_generalization_local_quadrature_001,B,trapezoidal_vs_simpson,ollama__devstral__latest,integrate_polynomial,simpson,5,renamed,True,False,simpson,simpson,True,False,parse_or_load_failed,
core_v2_generalization_local_quadrature_001,B,trapezoidal_vs_simpson,ollama__devstral__latest,integrate_polynomial,trapezoidal,1,renamed,True,False,trapezoidal,trapezoidal,True,False,parse_or_load_failed,
core_v2_generalization_local_quadrature_001,B,trapezoidal_vs_simpson,ollama__devstral__latest,integrate_polynomial,trapezoidal,2,renamed,True,False,trapezoidal,trapezoidal,True,False,parse_or_load_failed,
core_v2_generalization_local_quadrature_001,B,trapezoidal_vs_simpson,ollama__devstral__latest,integrate_polynomial,trapezoidal,3,renamed,True,False,trapezoidal,trapezoidal,True,False,parse_or_load_failed,
core_v2_generalization_local_quadrature_001,B,trapezoidal_vs_simpson,ollama__devstral__latest,integrate_polynomial,trapezoidal,4,renamed,True,False,trapezoidal,trapezoidal,True,False,parse_or_load_failed,
core_v2_generalization_local_quadrature_001,B,trapezoidal_vs_simpson,ollama__devstral__latest,integrate_polynomial,trapezoidal,5,renamed,True,False,trapezoidal,trapezoidal,True,False,parse_or_load_failed,
core_v2_generalization_local_quadrature_001,B,trapezoidal_vs_simpson,ollama__devstral__latest,integrate_sin_0_pi,simpson,1,renamed,True,False,simpson,simpson,True,False,parse_or_load_failed,
core_v2_generalization_local_quadrature_001,B,trapezoidal_vs_simpson,ollama__devstral__latest,integrate_sin_0_pi,simpson,2,renamed,True,False,simpson,simpson,True,False,parse_or_load_failed,
core_v2_generalization_local_quadrature_001,B,trapezoidal_vs_simpson,ollama__devstral__latest,integrate_sin_0_pi,simpson,3,renamed,True,False,simpson,simpson,True,False,parse_or_load_failed,
core_v2_generalization_local_quadrature_001,B,trapezoidal_vs_simpson,ollama__devstral__latest,integrate_sin_0_pi,simpson,4,renamed,True,False,simpson,simpson,True,False,parse_or_load_failed,
core_v2_generalization_local_quadrature_001,B,trapezoidal_vs_simpson,ollama__devstral__latest,integrate_sin_0_pi,simpson,5,renamed,True,False,simpson,simpson,True,False,parse_or_load_failed,
core_v2_generalization_local_quadrature_001,B,trapezoidal_vs_simpson,ollama__devstral__latest,integrate_sin_0_pi,trapezoidal,1,renamed,True,False,trapezoidal,trapezoidal,True,False,parse_or_load_failed,
core_v2_generalization_local_quadrature_001,B,trapezoidal_vs_simpson,ollama__devstral__latest,integrate_sin_0_pi,trapezoidal,2,renamed,True,False,trapezoidal,trapezoidal,True,False,parse_or_load_failed,
core_v2_generalization_local_quadrature_001,B,trapezoidal_vs_simpson,ollama__devstral__latest,integrate_sin_0_pi,trapezoidal,3,renamed,True,False,trapezoidal,trapezoidal,True,False,parse_or_load_failed,
core_v2_generalization_local_quadrature_001,B,trapezoidal_vs_simpson,ollama__devstral__latest,integrate_sin_0_pi,trapezoidal,4,renamed,True,False,trapezoidal,trapezoidal,True,False,parse_or_load_failed,
core_v2_generalization_local_quadrature_001,B,trapezoidal_vs_simpson,ollama__devstral__latest,integrate_sin_0_pi,trapezoidal,5,renamed,True,False,trapezoidal,trapezoidal,True,False,parse_or_load_failed,
core_v2_generalization_local_quadrature_001,B,trapezoidal_vs_simpson,ollama__qwen2_5-coder__14b,integrate_exp_0_1,simpson,1,renamed,True,False,simpson,simpson,True,False,parse_or_load_failed,
core_v2_generalization_local_quadrature_001,B,trapezoidal_vs_simpson,ollama__qwen2_5-coder__14b,integrate_exp_0_1,simpson,2,renamed,True,False,simpson,simpson,True,False,parse_or_load_failed,
core_v2_generalization_local_quadrature_001,B,trapezoidal_vs_simpson,ollama__qwen2_5-coder__14b,integrate_exp_0_1,simpson,3,renamed,True,False,simpson,simpson,True,False,parse_or_load_failed,
core_v2_generalization_local_quadrature_001,B,trapezoidal_vs_simpson,ollama__qwen2_5-coder__14b,integrate_exp_0_1,simpson,4,renamed,True,False,simpson,simpson,True,False,parse_or_load_failed,
core_v2_generalization_local_quadrature_001,B,trapezoidal_vs_simpson,ollama__qwen2_5-coder__14b,integrate_exp_0_1,simpson,5,renamed,True,False,simpson,simpson,True,False,parse_or_load_failed,
core_v2_generalization_local_quadrature_001,B,trapezoidal_vs_simpson,ollama__qwen2_5-coder__14b,integrate_exp_0_1,trapezoidal,1,renamed,True,False,trapezoidal,trapezoidal,True,False,parse_or_load_failed,
core_v2_generalization_local_quadrature_001,B,trapezoidal_vs_simpson,ollama__qwen2_5-coder__14b,integrate_exp_0_1,trapezoidal,2,renamed,True,False,trapezoidal,trapezoidal,True,False,parse_or_load_failed,
core_v2_generalization_local_quadrature_001,B,trapezoidal_vs_simpson,ollama__qwen2_5-coder__14b,integrate_exp_0_1,trapezoidal,3,renamed,True,False,trapezoidal,trapezoidal,True,False,parse_or_load_failed,
core_v2_generalization_local_quadrature_001,B,trapezoidal_vs_simpson,ollama__qwen2_5-coder__14b,integrate_exp_0_1,trapezoidal,4,renamed,True,False,trapezoidal,trapezoidal,True,False,parse_or_load_failed,
core_v2_generalization_local_quadrature_001,B,trapezoidal_vs_simpson,ollama__qwen2_5-coder__14b,integrate_exp_0_1,trapezoidal,5,renamed,True,False,trapezoidal,trapezoidal,True,False,parse_or_load_failed,
core_v2_generalization_local_quadrature_001,B,trapezoidal_vs_simpson,ollama__qwen2_5-coder__14b,integrate_polynomial,simpson,1,renamed,True,False,simpson,simpson,True,False,parse_or_load_failed,
core_v2_generalization_local_quadrature_001,B,trapezoidal_vs_simpson,ollama__qwen2_5-coder__14b,integrate_polynomial,simpson,2,renamed,True,False,simpson,simpson,True,False,parse_or_load_failed,
core_v2_generalization_local_quadrature_001,B,trapezoidal_vs_simpson,ollama__qwen2_5-coder__14b,integrate_polynomial,simpson,3,renamed,True,False,simpson,simpson,True,False,parse_or_load_failed,
core_v2_generalization_local_quadrature_001,B,trapezoidal_vs_simpson,ollama__qwen2_5-coder__14b,integrate_polynomial,simpson,4,renamed,True,False,simpson,simpson,True,False,parse_or_load_failed,
core_v2_generalization_local_quadrature_001,B,trapezoidal_vs_simpson,ollama__qwen2_5-coder__14b,integrate_polynomial,simpson,5,renamed,True,False,simpson,simpson,True,False,parse_or_load_failed,
core_v2_generalization_local_quadrature_001,B,trapezoidal_vs_simpson,ollama__qwen2_5-coder__14b,integrate_polynomial,trapezoidal,1,renamed,True,False,trapezoidal,trapezoidal,True,False,parse_or_load_failed,
core_v2_generalization_local_quadrature_001,B,trapezoidal_vs_simpson,ollama__qwen2_5-coder__14b,integrate_polynomial,trapezoidal,2,renamed,True,False,trapezoidal,trapezoidal,True,False,parse_or_load_failed,
core_v2_generalization_local_quadrature_001,B,trapezoidal_vs_simpson,ollama__qwen2_5-coder__14b,integrate_polynomial,trapezoidal,3,renamed,True,False,trapezoidal,trapezoidal,True,False,parse_or_load_failed,
core_v2_generalization_local_quadrature_001,B,trapezoidal_vs_simpson,ollama__qwen2_5-coder__14b,integrate_polynomial,trapezoidal,4,renamed,True,False,trapezoidal,trapezoidal,True,False,parse_or_load_failed,
core_v2_generalization_local_quadrature_001,B,trapezoidal_vs_simpson,ollama__qwen2_5-coder__14b,integrate_polynomial,trapezoidal,5,renamed,True,False,trapezoidal,trapezoidal,True,False,parse_or_load_failed,
core_v2_generalization_local_quadrature_001,B,trapezoidal_vs_simpson,ollama__qwen2_5-coder__14b,integrate_sin_0_pi,simpson,1,renamed,True,False,simpson,simpson,True,False,parse_or_load_failed,
core_v2_generalization_local_quadrature_001,B,trapezoidal_vs_simpson,ollama__qwen2_5-coder__14b,integrate_sin_0_pi,simpson,2,renamed,True,False,simpson,simpson,True,False,parse_or_load_failed,
core_v2_generalization_local_quadrature_001,B,trapezoidal_vs_simpson,ollama__qwen2_5-coder__14b,integrate_sin_0_pi,simpson,3,renamed,True,False,simpson,simpson,True,False,parse_or_load_failed,
core_v2_generalization_local_quadrature_001,B,trapezoidal_vs_simpson,ollama__qwen2_5-coder__14b,integrate_sin_0_pi,simpson,4,renamed,True,False,simpson,simpson,True,False,parse_or_load_failed,
core_v2_generalization_local_quadrature_001,B,trapezoidal_vs_simpson,ollama__qwen2_5-coder__14b,integrate_sin_0_pi,simpson,5,renamed,True,False,simpson,simpson,True,False,parse_or_load_failed,
core_v2_generalization_local_quadrature_001,B,trapezoidal_vs_simpson,ollama__qwen2_5-coder__14b,integrate_sin_0_pi,trapezoidal,1,renamed,True,False,trapezoidal,trapezoidal,True,False,parse_or_load_failed,
core_v2_generalization_local_quadrature_001,B,trapezoidal_vs_simpson,ollama__qwen2_5-coder__14b,integrate_sin_0_pi,trapezoidal,2,renamed,True,False,trapezoidal,trapezoidal,True,False,parse_or_load_failed,
core_v2_generalization_local_quadrature_001,B,trapezoidal_vs_simpson,ollama__qwen2_5-coder__14b,integrate_sin_0_pi,trapezoidal,3,renamed,True,False,trapezoidal,trapezoidal,True,False,parse_or_load_failed,
core_v2_generalization_local_quadrature_001,B,trapezoidal_vs_simpson,ollama__qwen2_5-coder__14b,integrate_sin_0_pi,trapezoidal,4,renamed,True,False,trapezoidal,trapezoidal,True,False,parse_or_load_failed,
core_v2_generalization_local_quadrature_001,B,trapezoidal_vs_simpson,ollama__qwen2_5-coder__14b,integrate_sin_0_pi,trapezoidal,5,renamed,True,False,trapezoidal,trapezoidal,True,False,parse_or_load_failed,
core_v2_generalization_local_quadrature_001,B,trapezoidal_vs_simpson,ollama__qwen3-coder__30b,integrate_exp_0_1,simpson,1,renamed,True,False,simpson,simpson,True,False,parse_or_load_failed,
core_v2_generalization_local_quadrature_001,B,trapezoidal_vs_simpson,ollama__qwen3-coder__30b,integrate_exp_0_1,simpson,2,renamed,True,False,simpson,simpson,True,False,parse_or_load_failed,
core_v2_generalization_local_quadrature_001,B,trapezoidal_vs_simpson,ollama__qwen3-coder__30b,integrate_exp_0_1,simpson,3,renamed,True,False,simpson,simpson,True,False,parse_or_load_failed,
core_v2_generalization_local_quadrature_001,B,trapezoidal_vs_simpson,ollama__qwen3-coder__30b,integrate_exp_0_1,simpson,4,renamed,True,False,simpson,simpson,True,False,parse_or_load_failed,
core_v2_generalization_local_quadrature_001,B,trapezoidal_vs_simpson,ollama__qwen3-coder__30b,integrate_exp_0_1,simpson,5,renamed,True,False,simpson,simpson,True,False,parse_or_load_failed,
core_v2_generalization_local_quadrature_001,B,trapezoidal_vs_simpson,ollama__qwen3-coder__30b,integrate_exp_0_1,trapezoidal,1,renamed,True,False,trapezoidal,trapezoidal,True,False,parse_or_load_failed,
core_v2_generalization_local_quadrature_001,B,trapezoidal_vs_simpson,ollama__qwen3-coder__30b,integrate_exp_0_1,trapezoidal,2,renamed,True,False,trapezoidal,trapezoidal,True,False,parse_or_load_failed,
core_v2_generalization_local_quadrature_001,B,trapezoidal_vs_simpson,ollama__qwen3-coder__30b,integrate_exp_0_1,trapezoidal,3,renamed,True,False,trapezoidal,trapezoidal,True,False,parse_or_load_failed,
core_v2_generalization_local_quadrature_001,B,trapezoidal_vs_simpson,ollama__qwen3-coder__30b,integrate_exp_0_1,trapezoidal,4,renamed,True,False,trapezoidal,trapezoidal,True,False,parse_or_load_failed,
core_v2_generalization_local_quadrature_001,B,trapezoidal_vs_simpson,ollama__qwen3-coder__30b,integrate_exp_0_1,trapezoidal,5,renamed,True,False,trapezoidal,trapezoidal,True,False,parse_or_load_failed,
core_v2_generalization_local_quadrature_001,B,trapezoidal_vs_simpson,ollama__qwen3-coder__30b,integrate_polynomial,simpson,1,renamed,True,False,simpson,simpson,True,False,parse_or_load_failed,
core_v2_generalization_local_quadrature_001,B,trapezoidal_vs_simpson,ollama__qwen3-coder__30b,integrate_polynomial,simpson,2,renamed,True,False,simpson,simpson,True,False,parse_or_load_failed,
core_v2_generalization_local_quadrature_001,B,trapezoidal_vs_simpson,ollama__qwen3-coder__30b,integrate_polynomial,simpson,3,renamed,True,False,simpson,simpson,True,False,parse_or_load_failed,
core_v2_generalization_local_quadrature_001,B,trapezoidal_vs_simpson,ollama__qwen3-coder__30b,integrate_polynomial,simpson,4,renamed,True,False,simpson,simpson,True,False,parse_or_load_failed,
core_v2_generalization_local_quadrature_001,B,trapezoidal_vs_simpson,ollama__qwen3-coder__30b,integrate_polynomial,simpson,5,renamed,True,False,simpson,simpson,True,False,parse_or_load_failed,
core_v2_generalization_local_quadrature_001,B,trapezoidal_vs_simpson,ollama__qwen3-coder__30b,integrate_polynomial,trapezoidal,1,renamed,True,False,trapezoidal,trapezoidal,True,False,parse_or_load_failed,
core_v2_generalization_local_quadrature_001,B,trapezoidal_vs_simpson,ollama__qwen3-coder__30b,integrate_polynomial,trapezoidal,2,renamed,True,False,trapezoidal,trapezoidal,True,False,parse_or_load_failed,
core_v2_generalization_local_quadrature_001,B,trapezoidal_vs_simpson,ollama__qwen3-coder__30b,integrate_polynomial,trapezoidal,3,renamed,True,False,trapezoidal,trapezoidal,True,False,parse_or_load_failed,
core_v2_generalization_local_quadrature_001,B,trapezoidal_vs_simpson,ollama__qwen3-coder__30b,integrate_polynomial,trapezoidal,4,renamed,True,False,trapezoidal,trapezoidal,True,False,parse_or_load_failed,
core_v2_generalization_local_quadrature_001,B,trapezoidal_vs_simpson,ollama__qwen3-coder__30b,integrate_polynomial,trapezoidal,5,renamed,True,False,trapezoidal,trapezoidal,True,False,parse_or_load_failed,
core_v2_generalization_local_quadrature_001,B,trapezoidal_vs_simpson,ollama__qwen3-coder__30b,integrate_sin_0_pi,simpson,1,renamed,True,False,simpson,simpson,True,False,parse_or_load_failed,
core_v2_generalization_local_quadrature_001,B,trapezoidal_vs_simpson,ollama__qwen3-coder__30b,integrate_sin_0_pi,simpson,2,renamed,True,False,simpson,simpson,True,False,parse_or_load_failed,
core_v2_generalization_local_quadrature_001,B,trapezoidal_vs_simpson,ollama__qwen3-coder__30b,integrate_sin_0_pi,simpson,3,renamed,True,False,simpson,simpson,True,False,parse_or_load_failed,
core_v2_generalization_local_quadrature_001,B,trapezoidal_vs_simpson,ollama__qwen3-coder__30b,integrate_sin_0_pi,simpson,4,renamed,True,False,simpson,simpson,True,False,parse_or_load_failed,
core_v2_generalization_local_quadrature_001,B,trapezoidal_vs_simpson,ollama__qwen3-coder__30b,integrate_sin_0_pi,simpson,5,renamed,True,False,simpson,simpson,True,False,parse_or_load_failed,
core_v2_generalization_local_quadrature_001,B,trapezoidal_vs_simpson,ollama__qwen3-coder__30b,integrate_sin_0_pi,trapezoidal,1,renamed,True,False,trapezoidal,trapezoidal,True,False,parse_or_load_failed,
core_v2_generalization_local_quadrature_001,B,trapezoidal_vs_simpson,ollama__qwen3-coder__30b,integrate_sin_0_pi,trapezoidal,2,renamed,True,False,trapezoidal,trapezoidal,True,False,parse_or_load_failed,
core_v2_generalization_local_quadrature_001,B,trapezoidal_vs_simpson,ollama__qwen3-coder__30b,integrate_sin_0_pi,trapezoidal,3,renamed,True,False,trapezoidal,trapezoidal,True,False,parse_or_load_failed,
core_v2_generalization_local_quadrature_001,B,trapezoidal_vs_simpson,ollama__qwen3-coder__30b,integrate_sin_0_pi,trapezoidal,4,renamed,True,False,trapezoidal,trapezoidal,True,False,parse_or_load_failed,
core_v2_generalization_local_quadrature_001,B,trapezoidal_vs_simpson,ollama__qwen3-coder__30b,integrate_sin_0_pi,trapezoidal,5,renamed,True,False,trapezoidal,trapezoidal,True,False,parse_or_load_failed,
core_v2_generalization_local_quadrature_001,B,trapezoidal_vs_simpson,ollama__devstral__latest,integrate_exp_0_1,simpson,1,no_imports,True,False,simpson,simpson,True,False,parse_or_load_failed,
core_v2_generalization_local_quadrature_001,B,trapezoidal_vs_simpson,ollama__devstral__latest,integrate_exp_0_1,simpson,2,no_imports,True,False,simpson,simpson,True,False,parse_or_load_failed,
core_v2_generalization_local_quadrature_001,B,trapezoidal_vs_simpson,ollama__devstral__latest,integrate_exp_0_1,simpson,3,no_imports,True,False,simpson,simpson,True,False,parse_or_load_failed,
core_v2_generalization_local_quadrature_001,B,trapezoidal_vs_simpson,ollama__devstral__latest,integrate_exp_0_1,simpson,4,no_imports,True,False,simpson,simpson,True,False,parse_or_load_failed,
core_v2_generalization_local_quadrature_001,B,trapezoidal_vs_simpson,ollama__devstral__latest,integrate_exp_0_1,simpson,5,no_imports,True,False,simpson,simpson,True,False,parse_or_load_failed,
core_v2_generalization_local_quadrature_001,B,trapezoidal_vs_simpson,ollama__devstral__latest,integrate_exp_0_1,trapezoidal,1,no_imports,True,False,trapezoidal,trapezoidal,True,False,parse_or_load_failed,
core_v2_generalization_local_quadrature_001,B,trapezoidal_vs_simpson,ollama__devstral__latest,integrate_exp_0_1,trapezoidal,2,no_imports,True,False,trapezoidal,trapezoidal,True,False,parse_or_load_failed,
core_v2_generalization_local_quadrature_001,B,trapezoidal_vs_simpson,ollama__devstral__latest,integrate_exp_0_1,trapezoidal,3,no_imports,True,False,trapezoidal,trapezoidal,True,False,parse_or_load_failed,
core_v2_generalization_local_quadrature_001,B,trapezoidal_vs_simpson,ollama__devstral__latest,integrate_exp_0_1,trapezoidal,4,no_imports,True,False,trapezoidal,trapezoidal,True,False,parse_or_load_failed,
core_v2_generalization_local_quadrature_001,B,trapezoidal_vs_simpson,ollama__devstral__latest,integrate_exp_0_1,trapezoidal,5,no_imports,True,False,trapezoidal,trapezoidal,True,False,parse_or_load_failed,
core_v2_generalization_local_quadrature_001,B,trapezoidal_vs_simpson,ollama__devstral__latest,integrate_polynomial,simpson,1,no_imports,True,False,simpson,simpson,True,False,parse_or_load_failed,
core_v2_generalization_local_quadrature_001,B,trapezoidal_vs_simpson,ollama__devstral__latest,integrate_polynomial,simpson,2,no_imports,True,False,simpson,simpson,True,False,parse_or_load_failed,
core_v2_generalization_local_quadrature_001,B,trapezoidal_vs_simpson,ollama__devstral__latest,integrate_polynomial,simpson,3,no_imports,True,False,simpson,simpson,True,False,parse_or_load_failed,
core_v2_generalization_local_quadrature_001,B,trapezoidal_vs_simpson,ollama__devstral__latest,integrate_polynomial,simpson,4,no_imports,True,False,simpson,simpson,True,False,parse_or_load_failed,
core_v2_generalization_local_quadrature_001,B,trapezoidal_vs_simpson,ollama__devstral__latest,integrate_polynomial,simpson,5,no_imports,True,False,simpson,simpson,True,False,parse_or_load_failed,
core_v2_generalization_local_quadrature_001,B,trapezoidal_vs_simpson,ollama__devstral__latest,integrate_polynomial,trapezoidal,1,no_imports,True,False,trapezoidal,trapezoidal,True,False,parse_or_load_failed,
core_v2_generalization_local_quadrature_001,B,trapezoidal_vs_simpson,ollama__devstral__latest,integrate_polynomial,trapezoidal,2,no_imports,True,False,trapezoidal,trapezoidal,True,False,parse_or_load_failed,
core_v2_generalization_local_quadrature_001,B,trapezoidal_vs_simpson,ollama__devstral__latest,integrate_polynomial,trapezoidal,3,no_imports,True,False,trapezoidal,trapezoidal,True,False,parse_or_load_failed,
core_v2_generalization_local_quadrature_001,B,trapezoidal_vs_simpson,ollama__devstral__latest,integrate_polynomial,trapezoidal,4,no_imports,True,False,trapezoidal,trapezoidal,True,False,parse_or_load_failed,
core_v2_generalization_local_quadrature_001,B,trapezoidal_vs_simpson,ollama__devstral__latest,integrate_polynomial,trapezoidal,5,no_imports,True,False,trapezoidal,trapezoidal,True,False,parse_or_load_failed,
core_v2_generalization_local_quadrature_001,B,trapezoidal_vs_simpson,ollama__devstral__latest,integrate_sin_0_pi,simpson,1,no_imports,True,False,simpson,simpson,True,False,parse_or_load_failed,
core_v2_generalization_local_quadrature_001,B,trapezoidal_vs_simpson,ollama__devstral__latest,integrate_sin_0_pi,simpson,2,no_imports,True,False,simpson,simpson,True,False,parse_or_load_failed,
core_v2_generalization_local_quadrature_001,B,trapezoidal_vs_simpson,ollama__devstral__latest,integrate_sin_0_pi,simpson,3,no_imports,True,False,simpson,simpson,True,False,parse_or_load_failed,
core_v2_generalization_local_quadrature_001,B,trapezoidal_vs_simpson,ollama__devstral__latest,integrate_sin_0_pi,simpson,4,no_imports,True,False,simpson,simpson,True,False,parse_or_load_failed,
core_v2_generalization_local_quadrature_001,B,trapezoidal_vs_simpson,ollama__devstral__latest,integrate_sin_0_pi,simpson,5,no_imports,True,False,simpson,simpson,True,False,parse_or_load_failed,
core_v2_generalization_local_quadrature_001,B,trapezoidal_vs_simpson,ollama__devstral__latest,integrate_sin_0_pi,trapezoidal,1,no_imports,True,False,trapezoidal,trapezoidal,True,False,parse_or_load_failed,
core_v2_generalization_local_quadrature_001,B,trapezoidal_vs_simpson,ollama__devstral__latest,integrate_sin_0_pi,trapezoidal,2,no_imports,True,False,trapezoidal,trapezoidal,True,False,parse_or_load_failed,
core_v2_generalization_local_quadrature_001,B,trapezoidal_vs_simpson,ollama__devstral__latest,integrate_sin_0_pi,trapezoidal,3,no_imports,True,False,trapezoidal,trapezoidal,True,False,parse_or_load_failed,
core_v2_generalization_local_quadrature_001,B,trapezoidal_vs_simpson,ollama__devstral__latest,integrate_sin_0_pi,trapezoidal,4,no_imports,True,False,trapezoidal,trapezoidal,True,False,parse_or_load_failed,
core_v2_generalization_local_quadrature_001,B,trapezoidal_vs_simpson,ollama__devstral__latest,integrate_sin_0_pi,trapezoidal,5,no_imports,True,False,trapezoidal,trapezoidal,True,False,parse_or_load_failed,
core_v2_generalization_local_quadrature_001,B,trapezoidal_vs_simpson,ollama__qwen2_5-coder__14b,integrate_exp_0_1,simpson,1,no_imports,True,False,simpson,simpson,True,False,parse_or_load_failed,
core_v2_generalization_local_quadrature_001,B,trapezoidal_vs_simpson,ollama__qwen2_5-coder__14b,integrate_exp_0_1,simpson,2,no_imports,True,False,simpson,simpson,True,False,parse_or_load_failed,
core_v2_generalization_local_quadrature_001,B,trapezoidal_vs_simpson,ollama__qwen2_5-coder__14b,integrate_exp_0_1,simpson,3,no_imports,True,False,simpson,simpson,True,False,parse_or_load_failed,
core_v2_generalization_local_quadrature_001,B,trapezoidal_vs_simpson,ollama__qwen2_5-coder__14b,integrate_exp_0_1,simpson,4,no_imports,True,False,simpson,simpson,True,False,parse_or_load_failed,
core_v2_generalization_local_quadrature_001,B,trapezoidal_vs_simpson,ollama__qwen2_5-coder__14b,integrate_exp_0_1,simpson,5,no_imports,True,False,simpson,simpson,True,False,parse_or_load_failed,
core_v2_generalization_local_quadrature_001,B,trapezoidal_vs_simpson,ollama__qwen2_5-coder__14b,integrate_exp_0_1,trapezoidal,1,no_imports,True,False,trapezoidal,trapezoidal,True,False,parse_or_load_failed,
core_v2_generalization_local_quadrature_001,B,trapezoidal_vs_simpson,ollama__qwen2_5-coder__14b,integrate_exp_0_1,trapezoidal,2,no_imports,True,False,trapezoidal,trapezoidal,True,False,parse_or_load_failed,
core_v2_generalization_local_quadrature_001,B,trapezoidal_vs_simpson,ollama__qwen2_5-coder__14b,integrate_exp_0_1,trapezoidal,3,no_imports,True,False,trapezoidal,trapezoidal,True,False,parse_or_load_failed,
core_v2_generalization_local_quadrature_001,B,trapezoidal_vs_simpson,ollama__qwen2_5-coder__14b,integrate_exp_0_1,trapezoidal,4,no_imports,True,False,trapezoidal,trapezoidal,True,False,parse_or_load_failed,
core_v2_generalization_local_quadrature_001,B,trapezoidal_vs_simpson,ollama__qwen2_5-coder__14b,integrate_exp_0_1,trapezoidal,5,no_imports,True,False,trapezoidal,trapezoidal,True,False,parse_or_load_failed,
core_v2_generalization_local_quadrature_001,B,trapezoidal_vs_simpson,ollama__qwen2_5-coder__14b,integrate_polynomial,simpson,1,no_imports,True,False,simpson,simpson,True,False,parse_or_load_failed,
core_v2_generalization_local_quadrature_001,B,trapezoidal_vs_simpson,ollama__qwen2_5-coder__14b,integrate_polynomial,simpson,2,no_imports,True,False,simpson,simpson,True,False,parse_or_load_failed,
core_v2_generalization_local_quadrature_001,B,trapezoidal_vs_simpson,ollama__qwen2_5-coder__14b,integrate_polynomial,simpson,3,no_imports,True,False,simpson,simpson,True,False,parse_or_load_failed,
core_v2_generalization_local_quadrature_001,B,trapezoidal_vs_simpson,ollama__qwen2_5-coder__14b,integrate_polynomial,simpson,4,no_imports,True,False,simpson,simpson,True,False,parse_or_load_failed,
core_v2_generalization_local_quadrature_001,B,trapezoidal_vs_simpson,ollama__qwen2_5-coder__14b,integrate_polynomial,simpson,5,no_imports,True,False,simpson,simpson,True,False,parse_or_load_failed,
core_v2_generalization_local_quadrature_001,B,trapezoidal_vs_simpson,ollama__qwen2_5-coder__14b,integrate_polynomial,trapezoidal,1,no_imports,True,False,trapezoidal,trapezoidal,True,False,parse_or_load_failed,
core_v2_generalization_local_quadrature_001,B,trapezoidal_vs_simpson,ollama__qwen2_5-coder__14b,integrate_polynomial,trapezoidal,2,no_imports,True,False,trapezoidal,trapezoidal,True,False,parse_or_load_failed,
core_v2_generalization_local_quadrature_001,B,trapezoidal_vs_simpson,ollama__qwen2_5-coder__14b,integrate_polynomial,trapezoidal,3,no_imports,True,False,trapezoidal,trapezoidal,True,False,parse_or_load_failed,
core_v2_generalization_local_quadrature_001,B,trapezoidal_vs_simpson,ollama__qwen2_5-coder__14b,integrate_polynomial,trapezoidal,4,no_imports,True,False,trapezoidal,trapezoidal,True,False,parse_or_load_failed,
core_v2_generalization_local_quadrature_001,B,trapezoidal_vs_simpson,ollama__qwen2_5-coder__14b,integrate_polynomial,trapezoidal,5,no_imports,True,False,trapezoidal,trapezoidal,True,False,parse_or_load_failed,
core_v2_generalization_local_quadrature_001,B,trapezoidal_vs_simpson,ollama__qwen2_5-coder__14b,integrate_sin_0_pi,simpson,1,no_imports,True,False,simpson,simpson,True,False,parse_or_load_failed,
core_v2_generalization_local_quadrature_001,B,trapezoidal_vs_simpson,ollama__qwen2_5-coder__14b,integrate_sin_0_pi,simpson,2,no_imports,True,False,simpson,simpson,True,False,parse_or_load_failed,
core_v2_generalization_local_quadrature_001,B,trapezoidal_vs_simpson,ollama__qwen2_5-coder__14b,integrate_sin_0_pi,simpson,3,no_imports,True,False,simpson,simpson,True,False,parse_or_load_failed,
core_v2_generalization_local_quadrature_001,B,trapezoidal_vs_simpson,ollama__qwen2_5-coder__14b,integrate_sin_0_pi,simpson,4,no_imports,True,False,simpson,simpson,True,False,parse_or_load_failed,
core_v2_generalization_local_quadrature_001,B,trapezoidal_vs_simpson,ollama__qwen2_5-coder__14b,integrate_sin_0_pi,simpson,5,no_imports,True,False,simpson,simpson,True,False,parse_or_load_failed,
core_v2_generalization_local_quadrature_001,B,trapezoidal_vs_simpson,ollama__qwen2_5-coder__14b,integrate_sin_0_pi,trapezoidal,1,no_imports,True,False,trapezoidal,trapezoidal,True,False,parse_or_load_failed,
core_v2_generalization_local_quadrature_001,B,trapezoidal_vs_simpson,ollama__qwen2_5-coder__14b,integrate_sin_0_pi,trapezoidal,2,no_imports,True,False,trapezoidal,trapezoidal,True,False,parse_or_load_failed,
core_v2_generalization_local_quadrature_001,B,trapezoidal_vs_simpson,ollama__qwen2_5-coder__14b,integrate_sin_0_pi,trapezoidal,3,no_imports,True,False,trapezoidal,trapezoidal,True,False,parse_or_load_failed,
core_v2_generalization_local_quadrature_001,B,trapezoidal_vs_simpson,ollama__qwen2_5-coder__14b,integrate_sin_0_pi,trapezoidal,4,no_imports,True,False,trapezoidal,trapezoidal,True,False,parse_or_load_failed,
core_v2_generalization_local_quadrature_001,B,trapezoidal_vs_simpson,ollama__qwen2_5-coder__14b,integrate_sin_0_pi,trapezoidal,5,no_imports,True,False,trapezoidal,trapezoidal,True,False,parse_or_load_failed,
core_v2_generalization_local_quadrature_001,B,trapezoidal_vs_simpson,ollama__qwen3-coder__30b,integrate_exp_0_1,simpson,1,no_imports,True,False,simpson,simpson,True,False,parse_or_load_failed,
core_v2_generalization_local_quadrature_001,B,trapezoidal_vs_simpson,ollama__qwen3-coder__30b,integrate_exp_0_1,simpson,2,no_imports,True,False,simpson,simpson,True,False,parse_or_load_failed,
core_v2_generalization_local_quadrature_001,B,trapezoidal_vs_simpson,ollama__qwen3-coder__30b,integrate_exp_0_1,simpson,3,no_imports,True,False,simpson,simpson,True,False,parse_or_load_failed,
core_v2_generalization_local_quadrature_001,B,trapezoidal_vs_simpson,ollama__qwen3-coder__30b,integrate_exp_0_1,simpson,4,no_imports,True,False,simpson,simpson,True,False,parse_or_load_failed,
core_v2_generalization_local_quadrature_001,B,trapezoidal_vs_simpson,ollama__qwen3-coder__30b,integrate_exp_0_1,simpson,5,no_imports,True,False,simpson,simpson,True,False,parse_or_load_failed,
core_v2_generalization_local_quadrature_001,B,trapezoidal_vs_simpson,ollama__qwen3-coder__30b,integrate_exp_0_1,trapezoidal,1,no_imports,True,False,trapezoidal,trapezoidal,True,False,parse_or_load_failed,
core_v2_generalization_local_quadrature_001,B,trapezoidal_vs_simpson,ollama__qwen3-coder__30b,integrate_exp_0_1,trapezoidal,2,no_imports,True,False,trapezoidal,trapezoidal,True,False,parse_or_load_failed,
core_v2_generalization_local_quadrature_001,B,trapezoidal_vs_simpson,ollama__qwen3-coder__30b,integrate_exp_0_1,trapezoidal,3,no_imports,True,False,trapezoidal,trapezoidal,True,False,parse_or_load_failed,
core_v2_generalization_local_quadrature_001,B,trapezoidal_vs_simpson,ollama__qwen3-coder__30b,integrate_exp_0_1,trapezoidal,4,no_imports,True,False,trapezoidal,trapezoidal,True,False,parse_or_load_failed,
core_v2_generalization_local_quadrature_001,B,trapezoidal_vs_simpson,ollama__qwen3-coder__30b,integrate_exp_0_1,trapezoidal,5,no_imports,True,False,trapezoidal,trapezoidal,True,False,parse_or_load_failed,
core_v2_generalization_local_quadrature_001,B,trapezoidal_vs_simpson,ollama__qwen3-coder__30b,integrate_polynomial,simpson,1,no_imports,True,False,simpson,simpson,True,False,parse_or_load_failed,
core_v2_generalization_local_quadrature_001,B,trapezoidal_vs_simpson,ollama__qwen3-coder__30b,integrate_polynomial,simpson,2,no_imports,True,False,simpson,simpson,True,False,parse_or_load_failed,
core_v2_generalization_local_quadrature_001,B,trapezoidal_vs_simpson,ollama__qwen3-coder__30b,integrate_polynomial,simpson,3,no_imports,True,False,simpson,simpson,True,False,parse_or_load_failed,
core_v2_generalization_local_quadrature_001,B,trapezoidal_vs_simpson,ollama__qwen3-coder__30b,integrate_polynomial,simpson,4,no_imports,True,False,simpson,simpson,True,False,parse_or_load_failed,
core_v2_generalization_local_quadrature_001,B,trapezoidal_vs_simpson,ollama__qwen3-coder__30b,integrate_polynomial,simpson,5,no_imports,True,False,simpson,simpson,True,False,parse_or_load_failed,
core_v2_generalization_local_quadrature_001,B,trapezoidal_vs_simpson,ollama__qwen3-coder__30b,integrate_polynomial,trapezoidal,1,no_imports,True,False,trapezoidal,trapezoidal,True,False,parse_or_load_failed,
core_v2_generalization_local_quadrature_001,B,trapezoidal_vs_simpson,ollama__qwen3-coder__30b,integrate_polynomial,trapezoidal,2,no_imports,True,False,trapezoidal,trapezoidal,True,False,parse_or_load_failed,
core_v2_generalization_local_quadrature_001,B,trapezoidal_vs_simpson,ollama__qwen3-coder__30b,integrate_polynomial,trapezoidal,3,no_imports,True,False,trapezoidal,trapezoidal,True,False,parse_or_load_failed,
core_v2_generalization_local_quadrature_001,B,trapezoidal_vs_simpson,ollama__qwen3-coder__30b,integrate_polynomial,trapezoidal,4,no_imports,True,False,trapezoidal,trapezoidal,True,False,parse_or_load_failed,
core_v2_generalization_local_quadrature_001,B,trapezoidal_vs_simpson,ollama__qwen3-coder__30b,integrate_polynomial,trapezoidal,5,no_imports,True,False,trapezoidal,trapezoidal,True,False,parse_or_load_failed,
core_v2_generalization_local_quadrature_001,B,trapezoidal_vs_simpson,ollama__qwen3-coder__30b,integrate_sin_0_pi,simpson,1,no_imports,True,False,simpson,simpson,True,False,parse_or_load_failed,
core_v2_generalization_local_quadrature_001,B,trapezoidal_vs_simpson,ollama__qwen3-coder__30b,integrate_sin_0_pi,simpson,2,no_imports,True,False,simpson,simpson,True,False,parse_or_load_failed,
core_v2_generalization_local_quadrature_001,B,trapezoidal_vs_simpson,ollama__qwen3-coder__30b,integrate_sin_0_pi,simpson,3,no_imports,True,False,simpson,simpson,True,False,parse_or_load_failed,
core_v2_generalization_local_quadrature_001,B,trapezoidal_vs_simpson,ollama__qwen3-coder__30b,integrate_sin_0_pi,simpson,4,no_imports,True,False,simpson,simpson,True,False,parse_or_load_failed,
core_v2_generalization_local_quadrature_001,B,trapezoidal_vs_simpson,ollama__qwen3-coder__30b,integrate_sin_0_pi,simpson,5,no_imports,True,False,simpson,simpson,True,False,parse_or_load_failed,
core_v2_generalization_local_quadrature_001,B,trapezoidal_vs_simpson,ollama__qwen3-coder__30b,integrate_sin_0_pi,trapezoidal,1,no_imports,True,False,trapezoidal,trapezoidal,True,False,parse_or_load_failed,
core_v2_generalization_local_quadrature_001,B,trapezoidal_vs_simpson,ollama__qwen3-coder__30b,integrate_sin_0_pi,trapezoidal,2,no_imports,True,False,trapezoidal,trapezoidal,True,False,parse_or_load_failed,
core_v2_generalization_local_quadrature_001,B,trapezoidal_vs_simpson,ollama__qwen3-coder__30b,integrate_sin_0_pi,trapezoidal,3,no_imports,True,False,trapezoidal,trapezoidal,True,False,parse_or_load_failed,
core_v2_generalization_local_quadrature_001,B,trapezoidal_vs_simpson,ollama__qwen3-coder__30b,integrate_sin_0_pi,trapezoidal,4,no_imports,True,False,trapezoidal,trapezoidal,True,False,parse_or_load_failed,
core_v2_generalization_local_quadrature_001,B,trapezoidal_vs_simpson,ollama__qwen3-coder__30b,integrate_sin_0_pi,trapezoidal,5,no_imports,True,False,trapezoidal,trapezoidal,True,False,parse_or_load_failed,
core_v2_generalization_local_quadrature_001,B,trapezoidal_vs_simpson,ollama__devstral__latest,integrate_exp_0_1,simpson,1,format_normalized,True,False,simpson,simpson,True,False,parse_or_load_failed,
core_v2_generalization_local_quadrature_001,B,trapezoidal_vs_simpson,ollama__devstral__latest,integrate_exp_0_1,simpson,2,format_normalized,True,False,simpson,simpson,True,False,parse_or_load_failed,
core_v2_generalization_local_quadrature_001,B,trapezoidal_vs_simpson,ollama__devstral__latest,integrate_exp_0_1,simpson,3,format_normalized,True,False,simpson,simpson,True,False,parse_or_load_failed,
core_v2_generalization_local_quadrature_001,B,trapezoidal_vs_simpson,ollama__devstral__latest,integrate_exp_0_1,simpson,4,format_normalized,True,False,simpson,simpson,True,False,parse_or_load_failed,
core_v2_generalization_local_quadrature_001,B,trapezoidal_vs_simpson,ollama__devstral__latest,integrate_exp_0_1,simpson,5,format_normalized,True,False,simpson,simpson,True,False,parse_or_load_failed,
core_v2_generalization_local_quadrature_001,B,trapezoidal_vs_simpson,ollama__devstral__latest,integrate_exp_0_1,trapezoidal,1,format_normalized,True,False,trapezoidal,trapezoidal,True,False,parse_or_load_failed,
core_v2_generalization_local_quadrature_001,B,trapezoidal_vs_simpson,ollama__devstral__latest,integrate_exp_0_1,trapezoidal,2,format_normalized,True,False,trapezoidal,trapezoidal,True,False,parse_or_load_failed,
core_v2_generalization_local_quadrature_001,B,trapezoidal_vs_simpson,ollama__devstral__latest,integrate_exp_0_1,trapezoidal,3,format_normalized,True,False,trapezoidal,trapezoidal,True,False,parse_or_load_failed,
core_v2_generalization_local_quadrature_001,B,trapezoidal_vs_simpson,ollama__devstral__latest,integrate_exp_0_1,trapezoidal,4,format_normalized,True,False,trapezoidal,trapezoidal,True,False,parse_or_load_failed,
core_v2_generalization_local_quadrature_001,B,trapezoidal_vs_simpson,ollama__devstral__latest,integrate_exp_0_1,trapezoidal,5,format_normalized,True,False,trapezoidal,trapezoidal,True,False,parse_or_load_failed,
core_v2_generalization_local_quadrature_001,B,trapezoidal_vs_simpson,ollama__devstral__latest,integrate_polynomial,simpson,1,format_normalized,True,False,simpson,simpson,True,False,parse_or_load_failed,
core_v2_generalization_local_quadrature_001,B,trapezoidal_vs_simpson,ollama__devstral__latest,integrate_polynomial,simpson,2,format_normalized,True,False,simpson,simpson,True,False,parse_or_load_failed,
core_v2_generalization_local_quadrature_001,B,trapezoidal_vs_simpson,ollama__devstral__latest,integrate_polynomial,simpson,3,format_normalized,True,False,simpson,simpson,True,False,parse_or_load_failed,
core_v2_generalization_local_quadrature_001,B,trapezoidal_vs_simpson,ollama__devstral__latest,integrate_polynomial,simpson,4,format_normalized,True,False,simpson,simpson,True,False,parse_or_load_failed,
core_v2_generalization_local_quadrature_001,B,trapezoidal_vs_simpson,ollama__devstral__latest,integrate_polynomial,simpson,5,format_normalized,True,False,simpson,simpson,True,False,parse_or_load_failed,
core_v2_generalization_local_quadrature_001,B,trapezoidal_vs_simpson,ollama__devstral__latest,integrate_polynomial,trapezoidal,1,format_normalized,True,False,trapezoidal,trapezoidal,True,False,parse_or_load_failed,
core_v2_generalization_local_quadrature_001,B,trapezoidal_vs_simpson,ollama__devstral__latest,integrate_polynomial,trapezoidal,2,format_normalized,True,False,trapezoidal,trapezoidal,True,False,parse_or_load_failed,
core_v2_generalization_local_quadrature_001,B,trapezoidal_vs_simpson,ollama__devstral__latest,integrate_polynomial,trapezoidal,3,format_normalized,True,False,trapezoidal,trapezoidal,True,False,parse_or_load_failed,
core_v2_generalization_local_quadrature_001,B,trapezoidal_vs_simpson,ollama__devstral__latest,integrate_polynomial,trapezoidal,4,format_normalized,True,False,trapezoidal,trapezoidal,True,False,parse_or_load_failed,
core_v2_generalization_local_quadrature_001,B,trapezoidal_vs_simpson,ollama__devstral__latest,integrate_polynomial,trapezoidal,5,format_normalized,True,False,trapezoidal,trapezoidal,True,False,parse_or_load_failed,
core_v2_generalization_local_quadrature_001,B,trapezoidal_vs_simpson,ollama__devstral__latest,integrate_sin_0_pi,simpson,1,format_normalized,True,False,simpson,simpson,True,False,parse_or_load_failed,
core_v2_generalization_local_quadrature_001,B,trapezoidal_vs_simpson,ollama__devstral__latest,integrate_sin_0_pi,simpson,2,format_normalized,True,False,simpson,simpson,True,False,parse_or_load_failed,
core_v2_generalization_local_quadrature_001,B,trapezoidal_vs_simpson,ollama__devstral__latest,integrate_sin_0_pi,simpson,3,format_normalized,True,False,simpson,simpson,True,False,parse_or_load_failed,
core_v2_generalization_local_quadrature_001,B,trapezoidal_vs_simpson,ollama__devstral__latest,integrate_sin_0_pi,simpson,4,format_normalized,True,False,simpson,simpson,True,False,parse_or_load_failed,
core_v2_generalization_local_quadrature_001,B,trapezoidal_vs_simpson,ollama__devstral__latest,integrate_sin_0_pi,simpson,5,format_normalized,True,False,simpson,simpson,True,False,parse_or_load_failed,
core_v2_generalization_local_quadrature_001,B,trapezoidal_vs_simpson,ollama__devstral__latest,integrate_sin_0_pi,trapezoidal,1,format_normalized,True,False,trapezoidal,trapezoidal,True,False,parse_or_load_failed,
core_v2_generalization_local_quadrature_001,B,trapezoidal_vs_simpson,ollama__devstral__latest,integrate_sin_0_pi,trapezoidal,2,format_normalized,True,False,trapezoidal,trapezoidal,True,False,parse_or_load_failed,
core_v2_generalization_local_quadrature_001,B,trapezoidal_vs_simpson,ollama__devstral__latest,integrate_sin_0_pi,trapezoidal,3,format_normalized,True,False,trapezoidal,trapezoidal,True,False,parse_or_load_failed,
core_v2_generalization_local_quadrature_001,B,trapezoidal_vs_simpson,ollama__devstral__latest,integrate_sin_0_pi,trapezoidal,4,format_normalized,True,False,trapezoidal,trapezoidal,True,False,parse_or_load_failed,
core_v2_generalization_local_quadrature_001,B,trapezoidal_vs_simpson,ollama__devstral__latest,integrate_sin_0_pi,trapezoidal,5,format_normalized,True,False,trapezoidal,trapezoidal,True,False,parse_or_load_failed,
core_v2_generalization_local_quadrature_001,B,trapezoidal_vs_simpson,ollama__qwen2_5-coder__14b,integrate_exp_0_1,simpson,1,format_normalized,True,False,simpson,simpson,True,False,parse_or_load_failed,
core_v2_generalization_local_quadrature_001,B,trapezoidal_vs_simpson,ollama__qwen2_5-coder__14b,integrate_exp_0_1,simpson,2,format_normalized,True,False,simpson,simpson,True,False,parse_or_load_failed,
core_v2_generalization_local_quadrature_001,B,trapezoidal_vs_simpson,ollama__qwen2_5-coder__14b,integrate_exp_0_1,simpson,3,format_normalized,True,False,simpson,simpson,True,False,parse_or_load_failed,
core_v2_generalization_local_quadrature_001,B,trapezoidal_vs_simpson,ollama__qwen2_5-coder__14b,integrate_exp_0_1,simpson,4,format_normalized,True,False,simpson,simpson,True,False,parse_or_load_failed,
core_v2_generalization_local_quadrature_001,B,trapezoidal_vs_simpson,ollama__qwen2_5-coder__14b,integrate_exp_0_1,simpson,5,format_normalized,True,False,simpson,simpson,True,False,parse_or_load_failed,
core_v2_generalization_local_quadrature_001,B,trapezoidal_vs_simpson,ollama__qwen2_5-coder__14b,integrate_exp_0_1,trapezoidal,1,format_normalized,True,False,trapezoidal,trapezoidal,True,False,parse_or_load_failed,
core_v2_generalization_local_quadrature_001,B,trapezoidal_vs_simpson,ollama__qwen2_5-coder__14b,integrate_exp_0_1,trapezoidal,2,format_normalized,True,False,trapezoidal,trapezoidal,True,False,parse_or_load_failed,
core_v2_generalization_local_quadrature_001,B,trapezoidal_vs_simpson,ollama__qwen2_5-coder__14b,integrate_exp_0_1,trapezoidal,3,format_normalized,True,False,trapezoidal,trapezoidal,True,False,parse_or_load_failed,
core_v2_generalization_local_quadrature_001,B,trapezoidal_vs_simpson,ollama__qwen2_5-coder__14b,integrate_exp_0_1,trapezoidal,4,format_normalized,True,False,trapezoidal,trapezoidal,True,False,parse_or_load_failed,
core_v2_generalization_local_quadrature_001,B,trapezoidal_vs_simpson,ollama__qwen2_5-coder__14b,integrate_exp_0_1,trapezoidal,5,format_normalized,True,False,trapezoidal,trapezoidal,True,False,parse_or_load_failed,
core_v2_generalization_local_quadrature_001,B,trapezoidal_vs_simpson,ollama__qwen2_5-coder__14b,integrate_polynomial,simpson,1,format_normalized,True,False,simpson,simpson,True,False,parse_or_load_failed,
core_v2_generalization_local_quadrature_001,B,trapezoidal_vs_simpson,ollama__qwen2_5-coder__14b,integrate_polynomial,simpson,2,format_normalized,True,False,simpson,simpson,True,False,parse_or_load_failed,
core_v2_generalization_local_quadrature_001,B,trapezoidal_vs_simpson,ollama__qwen2_5-coder__14b,integrate_polynomial,simpson,3,format_normalized,True,False,simpson,simpson,True,False,parse_or_load_failed,
core_v2_generalization_local_quadrature_001,B,trapezoidal_vs_simpson,ollama__qwen2_5-coder__14b,integrate_polynomial,simpson,4,format_normalized,True,False,simpson,simpson,True,False,parse_or_load_failed,
core_v2_generalization_local_quadrature_001,B,trapezoidal_vs_simpson,ollama__qwen2_5-coder__14b,integrate_polynomial,simpson,5,format_normalized,True,False,simpson,simpson,True,False,parse_or_load_failed,
core_v2_generalization_local_quadrature_001,B,trapezoidal_vs_simpson,ollama__qwen2_5-coder__14b,integrate_polynomial,trapezoidal,1,format_normalized,True,False,trapezoidal,trapezoidal,True,False,parse_or_load_failed,
core_v2_generalization_local_quadrature_001,B,trapezoidal_vs_simpson,ollama__qwen2_5-coder__14b,integrate_polynomial,trapezoidal,2,format_normalized,True,False,trapezoidal,trapezoidal,True,False,parse_or_load_failed,
core_v2_generalization_local_quadrature_001,B,trapezoidal_vs_simpson,ollama__qwen2_5-coder__14b,integrate_polynomial,trapezoidal,3,format_normalized,True,False,trapezoidal,trapezoidal,True,False,parse_or_load_failed,
core_v2_generalization_local_quadrature_001,B,trapezoidal_vs_simpson,ollama__qwen2_5-coder__14b,integrate_polynomial,trapezoidal,4,format_normalized,True,False,trapezoidal,trapezoidal,True,False,parse_or_load_failed,
core_v2_generalization_local_quadrature_001,B,trapezoidal_vs_simpson,ollama__qwen2_5-coder__14b,integrate_polynomial,trapezoidal,5,format_normalized,True,False,trapezoidal,trapezoidal,True,False,parse_or_load_failed,
core_v2_generalization_local_quadrature_001,B,trapezoidal_vs_simpson,ollama__qwen2_5-coder__14b,integrate_sin_0_pi,simpson,1,format_normalized,True,False,simpson,simpson,True,False,parse_or_load_failed,
core_v2_generalization_local_quadrature_001,B,trapezoidal_vs_simpson,ollama__qwen2_5-coder__14b,integrate_sin_0_pi,simpson,2,format_normalized,True,False,simpson,simpson,True,False,parse_or_load_failed,
core_v2_generalization_local_quadrature_001,B,trapezoidal_vs_simpson,ollama__qwen2_5-coder__14b,integrate_sin_0_pi,simpson,3,format_normalized,True,False,simpson,simpson,True,False,parse_or_load_failed,
core_v2_generalization_local_quadrature_001,B,trapezoidal_vs_simpson,ollama__qwen2_5-coder__14b,integrate_sin_0_pi,simpson,4,format_normalized,True,False,simpson,simpson,True,False,parse_or_load_failed,
core_v2_generalization_local_quadrature_001,B,trapezoidal_vs_simpson,ollama__qwen2_5-coder__14b,integrate_sin_0_pi,simpson,5,format_normalized,True,False,simpson,simpson,True,False,parse_or_load_failed,
core_v2_generalization_local_quadrature_001,B,trapezoidal_vs_simpson,ollama__qwen2_5-coder__14b,integrate_sin_0_pi,trapezoidal,1,format_normalized,True,False,trapezoidal,trapezoidal,True,False,parse_or_load_failed,
core_v2_generalization_local_quadrature_001,B,trapezoidal_vs_simpson,ollama__qwen2_5-coder__14b,integrate_sin_0_pi,trapezoidal,2,format_normalized,True,False,trapezoidal,trapezoidal,True,False,parse_or_load_failed,
core_v2_generalization_local_quadrature_001,B,trapezoidal_vs_simpson,ollama__qwen2_5-coder__14b,integrate_sin_0_pi,trapezoidal,3,format_normalized,True,False,trapezoidal,trapezoidal,True,False,parse_or_load_failed,
core_v2_generalization_local_quadrature_001,B,trapezoidal_vs_simpson,ollama__qwen2_5-coder__14b,integrate_sin_0_pi,trapezoidal,4,format_normalized,True,False,trapezoidal,trapezoidal,True,False,parse_or_load_failed,
core_v2_generalization_local_quadrature_001,B,trapezoidal_vs_simpson,ollama__qwen2_5-coder__14b,integrate_sin_0_pi,trapezoidal,5,format_normalized,True,False,trapezoidal,trapezoidal,True,False,parse_or_load_failed,
core_v2_generalization_local_quadrature_001,B,trapezoidal_vs_simpson,ollama__qwen3-coder__30b,integrate_exp_0_1,simpson,1,format_normalized,True,False,simpson,simpson,True,False,parse_or_load_failed,
core_v2_generalization_local_quadrature_001,B,trapezoidal_vs_simpson,ollama__qwen3-coder__30b,integrate_exp_0_1,simpson,2,format_normalized,True,False,simpson,simpson,True,False,parse_or_load_failed,
core_v2_generalization_local_quadrature_001,B,trapezoidal_vs_simpson,ollama__qwen3-coder__30b,integrate_exp_0_1,simpson,3,format_normalized,True,False,simpson,simpson,True,False,parse_or_load_failed,
core_v2_generalization_local_quadrature_001,B,trapezoidal_vs_simpson,ollama__qwen3-coder__30b,integrate_exp_0_1,simpson,4,format_normalized,True,False,simpson,simpson,True,False,parse_or_load_failed,
core_v2_generalization_local_quadrature_001,B,trapezoidal_vs_simpson,ollama__qwen3-coder__30b,integrate_exp_0_1,simpson,5,format_normalized,True,False,simpson,simpson,True,False,parse_or_load_failed,
core_v2_generalization_local_quadrature_001,B,trapezoidal_vs_simpson,ollama__qwen3-coder__30b,integrate_exp_0_1,trapezoidal,1,format_normalized,True,False,trapezoidal,trapezoidal,True,False,parse_or_load_failed,
core_v2_generalization_local_quadrature_001,B,trapezoidal_vs_simpson,ollama__qwen3-coder__30b,integrate_exp_0_1,trapezoidal,2,format_normalized,True,False,trapezoidal,trapezoidal,True,False,parse_or_load_failed,
core_v2_generalization_local_quadrature_001,B,trapezoidal_vs_simpson,ollama__qwen3-coder__30b,integrate_exp_0_1,trapezoidal,3,format_normalized,True,False,trapezoidal,trapezoidal,True,False,parse_or_load_failed,
core_v2_generalization_local_quadrature_001,B,trapezoidal_vs_simpson,ollama__qwen3-coder__30b,integrate_exp_0_1,trapezoidal,4,format_normalized,True,False,trapezoidal,trapezoidal,True,False,parse_or_load_failed,
core_v2_generalization_local_quadrature_001,B,trapezoidal_vs_simpson,ollama__qwen3-coder__30b,integrate_exp_0_1,trapezoidal,5,format_normalized,True,False,trapezoidal,trapezoidal,True,False,parse_or_load_failed,
core_v2_generalization_local_quadrature_001,B,trapezoidal_vs_simpson,ollama__qwen3-coder__30b,integrate_polynomial,simpson,1,format_normalized,True,False,simpson,simpson,True,False,parse_or_load_failed,
core_v2_generalization_local_quadrature_001,B,trapezoidal_vs_simpson,ollama__qwen3-coder__30b,integrate_polynomial,simpson,2,format_normalized,True,False,simpson,simpson,True,False,parse_or_load_failed,
core_v2_generalization_local_quadrature_001,B,trapezoidal_vs_simpson,ollama__qwen3-coder__30b,integrate_polynomial,simpson,3,format_normalized,True,False,simpson,simpson,True,False,parse_or_load_failed,
core_v2_generalization_local_quadrature_001,B,trapezoidal_vs_simpson,ollama__qwen3-coder__30b,integrate_polynomial,simpson,4,format_normalized,True,False,simpson,simpson,True,False,parse_or_load_failed,
core_v2_generalization_local_quadrature_001,B,trapezoidal_vs_simpson,ollama__qwen3-coder__30b,integrate_polynomial,simpson,5,format_normalized,True,False,simpson,simpson,True,False,parse_or_load_failed,
core_v2_generalization_local_quadrature_001,B,trapezoidal_vs_simpson,ollama__qwen3-coder__30b,integrate_polynomial,trapezoidal,1,format_normalized,True,False,trapezoidal,trapezoidal,True,False,parse_or_load_failed,
core_v2_generalization_local_quadrature_001,B,trapezoidal_vs_simpson,ollama__qwen3-coder__30b,integrate_polynomial,trapezoidal,2,format_normalized,True,False,trapezoidal,trapezoidal,True,False,parse_or_load_failed,
core_v2_generalization_local_quadrature_001,B,trapezoidal_vs_simpson,ollama__qwen3-coder__30b,integrate_polynomial,trapezoidal,3,format_normalized,True,False,trapezoidal,trapezoidal,True,False,parse_or_load_failed,
core_v2_generalization_local_quadrature_001,B,trapezoidal_vs_simpson,ollama__qwen3-coder__30b,integrate_polynomial,trapezoidal,4,format_normalized,True,False,trapezoidal,trapezoidal,True,False,parse_or_load_failed,
core_v2_generalization_local_quadrature_001,B,trapezoidal_vs_simpson,ollama__qwen3-coder__30b,integrate_polynomial,trapezoidal,5,format_normalized,True,False,trapezoidal,trapezoidal,True,False,parse_or_load_failed,
core_v2_generalization_local_quadrature_001,B,trapezoidal_vs_simpson,ollama__qwen3-coder__30b,integrate_sin_0_pi,simpson,1,format_normalized,True,False,simpson,simpson,True,False,parse_or_load_failed,
core_v2_generalization_local_quadrature_001,B,trapezoidal_vs_simpson,ollama__qwen3-coder__30b,integrate_sin_0_pi,simpson,2,format_normalized,True,False,simpson,simpson,True,False,parse_or_load_failed,
core_v2_generalization_local_quadrature_001,B,trapezoidal_vs_simpson,ollama__qwen3-coder__30b,integrate_sin_0_pi,simpson,3,format_normalized,True,False,simpson,simpson,True,False,parse_or_load_failed,
core_v2_generalization_local_quadrature_001,B,trapezoidal_vs_simpson,ollama__qwen3-coder__30b,integrate_sin_0_pi,simpson,4,format_normalized,True,False,simpson,simpson,True,False,parse_or_load_failed,
core_v2_generalization_local_quadrature_001,B,trapezoidal_vs_simpson,ollama__qwen3-coder__30b,integrate_sin_0_pi,simpson,5,format_normalized,True,False,simpson,simpson,True,False,parse_or_load_failed,
core_v2_generalization_local_quadrature_001,B,trapezoidal_vs_simpson,ollama__qwen3-coder__30b,integrate_sin_0_pi,trapezoidal,1,format_normalized,True,False,trapezoidal,trapezoidal,True,False,parse_or_load_failed,
core_v2_generalization_local_quadrature_001,B,trapezoidal_vs_simpson,ollama__qwen3-coder__30b,integrate_sin_0_pi,trapezoidal,2,format_normalized,True,False,trapezoidal,trapezoidal,True,False,parse_or_load_failed,
core_v2_generalization_local_quadrature_001,B,trapezoidal_vs_simpson,ollama__qwen3-coder__30b,integrate_sin_0_pi,trapezoidal,3,format_normalized,True,False,trapezoidal,trapezoidal,True,False,parse_or_load_failed,
core_v2_generalization_local_quadrature_001,B,trapezoidal_vs_simpson,ollama__qwen3-coder__30b,integrate_sin_0_pi,trapezoidal,4,format_normalized,True,False,trapezoidal,trapezoidal,True,False,parse_or_load_failed,
core_v2_generalization_local_quadrature_001,B,trapezoidal_vs_simpson,ollama__qwen3-coder__30b,integrate_sin_0_pi,trapezoidal,5,format_normalized,True,False,trapezoidal,trapezoidal,True,False,parse_or_load_failed,
core_v2_generalization_local_eager_lazy_001,C,eager_vs_lazy,ollama__devstral__latest,mixed_signed_vector,eager,1,raw,True,True,eager,eager,True,False,,
core_v2_generalization_local_eager_lazy_001,C,eager_vs_lazy,ollama__devstral__latest,mixed_signed_vector,eager,2,raw,True,True,eager,eager,True,False,,
core_v2_generalization_local_eager_lazy_001,C,eager_vs_lazy,ollama__devstral__latest,mixed_signed_vector,eager,3,raw,True,True,eager,eager,True,False,,
core_v2_generalization_local_eager_lazy_001,C,eager_vs_lazy,ollama__devstral__latest,mixed_signed_vector,eager,4,raw,True,True,eager,eager,True,False,,
core_v2_generalization_local_eager_lazy_001,C,eager_vs_lazy,ollama__devstral__latest,mixed_signed_vector,eager,5,raw,True,True,eager,eager,True,False,,
core_v2_generalization_local_eager_lazy_001,C,eager_vs_lazy,ollama__devstral__latest,mixed_signed_vector,lazy,1,raw,True,True,lazy,lazy,True,False,,
core_v2_generalization_local_eager_lazy_001,C,eager_vs_lazy,ollama__devstral__latest,mixed_signed_vector,lazy,2,raw,True,True,lazy,lazy,True,False,,
core_v2_generalization_local_eager_lazy_001,C,eager_vs_lazy,ollama__devstral__latest,mixed_signed_vector,lazy,3,raw,True,True,lazy,lazy,True,False,,
core_v2_generalization_local_eager_lazy_001,C,eager_vs_lazy,ollama__devstral__latest,mixed_signed_vector,lazy,4,raw,True,True,lazy,lazy,True,False,,
core_v2_generalization_local_eager_lazy_001,C,eager_vs_lazy,ollama__devstral__latest,mixed_signed_vector,lazy,5,raw,True,True,lazy,lazy,True,False,,
core_v2_generalization_local_eager_lazy_001,C,eager_vs_lazy,ollama__devstral__latest,repeated_values_vector,eager,1,raw,True,True,eager,eager,True,False,,
core_v2_generalization_local_eager_lazy_001,C,eager_vs_lazy,ollama__devstral__latest,repeated_values_vector,eager,2,raw,True,True,eager,eager,True,False,,
core_v2_generalization_local_eager_lazy_001,C,eager_vs_lazy,ollama__devstral__latest,repeated_values_vector,eager,3,raw,True,True,eager,eager,True,False,,
core_v2_generalization_local_eager_lazy_001,C,eager_vs_lazy,ollama__devstral__latest,repeated_values_vector,eager,4,raw,True,True,eager,eager,True,False,,
core_v2_generalization_local_eager_lazy_001,C,eager_vs_lazy,ollama__devstral__latest,repeated_values_vector,eager,5,raw,True,True,eager,eager,True,False,,
core_v2_generalization_local_eager_lazy_001,C,eager_vs_lazy,ollama__devstral__latest,repeated_values_vector,lazy,1,raw,True,True,lazy,lazy,True,False,,
core_v2_generalization_local_eager_lazy_001,C,eager_vs_lazy,ollama__devstral__latest,repeated_values_vector,lazy,2,raw,True,True,lazy,lazy,True,False,,
core_v2_generalization_local_eager_lazy_001,C,eager_vs_lazy,ollama__devstral__latest,repeated_values_vector,lazy,3,raw,True,True,lazy,lazy,True,False,,
core_v2_generalization_local_eager_lazy_001,C,eager_vs_lazy,ollama__devstral__latest,repeated_values_vector,lazy,4,raw,True,True,lazy,lazy,True,False,,
core_v2_generalization_local_eager_lazy_001,C,eager_vs_lazy,ollama__devstral__latest,repeated_values_vector,lazy,5,raw,True,True,lazy,lazy,True,False,,
core_v2_generalization_local_eager_lazy_001,C,eager_vs_lazy,ollama__devstral__latest,small_positive_vector,eager,1,raw,True,True,eager,eager,True,False,,
core_v2_generalization_local_eager_lazy_001,C,eager_vs_lazy,ollama__devstral__latest,small_positive_vector,eager,2,raw,True,True,eager,eager,True,False,,
core_v2_generalization_local_eager_lazy_001,C,eager_vs_lazy,ollama__devstral__latest,small_positive_vector,eager,3,raw,True,True,eager,eager,True,False,,
core_v2_generalization_local_eager_lazy_001,C,eager_vs_lazy,ollama__devstral__latest,small_positive_vector,eager,4,raw,True,True,eager,eager,True,False,,
core_v2_generalization_local_eager_lazy_001,C,eager_vs_lazy,ollama__devstral__latest,small_positive_vector,eager,5,raw,True,True,eager,eager,True,False,,
core_v2_generalization_local_eager_lazy_001,C,eager_vs_lazy,ollama__devstral__latest,small_positive_vector,lazy,1,raw,True,True,lazy,lazy,True,False,,
core_v2_generalization_local_eager_lazy_001,C,eager_vs_lazy,ollama__devstral__latest,small_positive_vector,lazy,2,raw,True,True,lazy,lazy,True,False,,
core_v2_generalization_local_eager_lazy_001,C,eager_vs_lazy,ollama__devstral__latest,small_positive_vector,lazy,3,raw,True,True,lazy,lazy,True,False,,
core_v2_generalization_local_eager_lazy_001,C,eager_vs_lazy,ollama__devstral__latest,small_positive_vector,lazy,4,raw,True,True,lazy,lazy,True,False,,
core_v2_generalization_local_eager_lazy_001,C,eager_vs_lazy,ollama__devstral__latest,small_positive_vector,lazy,5,raw,True,True,lazy,lazy,True,False,,
core_v2_generalization_local_eager_lazy_001,C,eager_vs_lazy,ollama__qwen2_5-coder__14b,mixed_signed_vector,eager,1,raw,True,True,eager,eager,True,False,,
core_v2_generalization_local_eager_lazy_001,C,eager_vs_lazy,ollama__qwen2_5-coder__14b,mixed_signed_vector,eager,2,raw,True,True,eager,eager,True,False,,
core_v2_generalization_local_eager_lazy_001,C,eager_vs_lazy,ollama__qwen2_5-coder__14b,mixed_signed_vector,eager,3,raw,True,True,eager,eager,True,False,,
core_v2_generalization_local_eager_lazy_001,C,eager_vs_lazy,ollama__qwen2_5-coder__14b,mixed_signed_vector,eager,4,raw,True,True,eager,eager,True,False,,
core_v2_generalization_local_eager_lazy_001,C,eager_vs_lazy,ollama__qwen2_5-coder__14b,mixed_signed_vector,eager,5,raw,True,True,eager,eager,True,False,,
core_v2_generalization_local_eager_lazy_001,C,eager_vs_lazy,ollama__qwen2_5-coder__14b,mixed_signed_vector,lazy,1,raw,True,True,lazy,lazy,True,False,,
core_v2_generalization_local_eager_lazy_001,C,eager_vs_lazy,ollama__qwen2_5-coder__14b,mixed_signed_vector,lazy,2,raw,True,True,lazy,lazy,True,False,,
core_v2_generalization_local_eager_lazy_001,C,eager_vs_lazy,ollama__qwen2_5-coder__14b,mixed_signed_vector,lazy,3,raw,True,True,lazy,lazy,True,False,,
core_v2_generalization_local_eager_lazy_001,C,eager_vs_lazy,ollama__qwen2_5-coder__14b,mixed_signed_vector,lazy,4,raw,True,True,lazy,lazy,True,False,,
core_v2_generalization_local_eager_lazy_001,C,eager_vs_lazy,ollama__qwen2_5-coder__14b,mixed_signed_vector,lazy,5,raw,True,True,lazy,lazy,True,False,,
core_v2_generalization_local_eager_lazy_001,C,eager_vs_lazy,ollama__qwen2_5-coder__14b,repeated_values_vector,eager,1,raw,True,True,eager,eager,True,False,,
core_v2_generalization_local_eager_lazy_001,C,eager_vs_lazy,ollama__qwen2_5-coder__14b,repeated_values_vector,eager,2,raw,True,True,eager,eager,True,False,,
core_v2_generalization_local_eager_lazy_001,C,eager_vs_lazy,ollama__qwen2_5-coder__14b,repeated_values_vector,eager,3,raw,True,True,eager,eager,True,False,,
core_v2_generalization_local_eager_lazy_001,C,eager_vs_lazy,ollama__qwen2_5-coder__14b,repeated_values_vector,eager,4,raw,True,True,eager,eager,True,False,,
core_v2_generalization_local_eager_lazy_001,C,eager_vs_lazy,ollama__qwen2_5-coder__14b,repeated_values_vector,eager,5,raw,True,True,eager,eager,True,False,,
core_v2_generalization_local_eager_lazy_001,C,eager_vs_lazy,ollama__qwen2_5-coder__14b,repeated_values_vector,lazy,1,raw,True,True,lazy,lazy,True,False,,
core_v2_generalization_local_eager_lazy_001,C,eager_vs_lazy,ollama__qwen2_5-coder__14b,repeated_values_vector,lazy,2,raw,True,True,lazy,lazy,True,False,,
core_v2_generalization_local_eager_lazy_001,C,eager_vs_lazy,ollama__qwen2_5-coder__14b,repeated_values_vector,lazy,3,raw,True,True,lazy,lazy,True,False,,
core_v2_generalization_local_eager_lazy_001,C,eager_vs_lazy,ollama__qwen2_5-coder__14b,repeated_values_vector,lazy,4,raw,True,True,lazy,lazy,True,False,,
core_v2_generalization_local_eager_lazy_001,C,eager_vs_lazy,ollama__qwen2_5-coder__14b,repeated_values_vector,lazy,5,raw,True,True,lazy,lazy,True,False,,
core_v2_generalization_local_eager_lazy_001,C,eager_vs_lazy,ollama__qwen2_5-coder__14b,small_positive_vector,eager,1,raw,True,True,eager,eager,True,False,,
core_v2_generalization_local_eager_lazy_001,C,eager_vs_lazy,ollama__qwen2_5-coder__14b,small_positive_vector,eager,2,raw,True,True,eager,eager,True,False,,
core_v2_generalization_local_eager_lazy_001,C,eager_vs_lazy,ollama__qwen2_5-coder__14b,small_positive_vector,eager,3,raw,True,True,eager,eager,True,False,,
core_v2_generalization_local_eager_lazy_001,C,eager_vs_lazy,ollama__qwen2_5-coder__14b,small_positive_vector,eager,4,raw,True,True,eager,eager,True,False,,
core_v2_generalization_local_eager_lazy_001,C,eager_vs_lazy,ollama__qwen2_5-coder__14b,small_positive_vector,eager,5,raw,True,True,eager,eager,True,False,,
core_v2_generalization_local_eager_lazy_001,C,eager_vs_lazy,ollama__qwen2_5-coder__14b,small_positive_vector,lazy,1,raw,True,True,lazy,lazy,True,False,,
core_v2_generalization_local_eager_lazy_001,C,eager_vs_lazy,ollama__qwen2_5-coder__14b,small_positive_vector,lazy,2,raw,True,True,lazy,lazy,True,False,,
core_v2_generalization_local_eager_lazy_001,C,eager_vs_lazy,ollama__qwen2_5-coder__14b,small_positive_vector,lazy,3,raw,True,True,lazy,lazy,True,False,,
core_v2_generalization_local_eager_lazy_001,C,eager_vs_lazy,ollama__qwen2_5-coder__14b,small_positive_vector,lazy,4,raw,True,True,lazy,lazy,True,False,,
core_v2_generalization_local_eager_lazy_001,C,eager_vs_lazy,ollama__qwen2_5-coder__14b,small_positive_vector,lazy,5,raw,True,True,lazy,lazy,True,False,,
core_v2_generalization_local_eager_lazy_001,C,eager_vs_lazy,ollama__qwen2_5-coder__32b,mixed_signed_vector,eager,1,raw,True,True,eager,eager,True,False,,
core_v2_generalization_local_eager_lazy_001,C,eager_vs_lazy,ollama__qwen2_5-coder__32b,mixed_signed_vector,eager,2,raw,True,True,eager,eager,True,False,,
core_v2_generalization_local_eager_lazy_001,C,eager_vs_lazy,ollama__qwen2_5-coder__32b,mixed_signed_vector,eager,3,raw,True,True,eager,eager,True,False,,
core_v2_generalization_local_eager_lazy_001,C,eager_vs_lazy,ollama__qwen2_5-coder__32b,mixed_signed_vector,eager,4,raw,True,True,eager,eager,True,False,,
core_v2_generalization_local_eager_lazy_001,C,eager_vs_lazy,ollama__qwen2_5-coder__32b,mixed_signed_vector,eager,5,raw,True,True,eager,eager,True,False,,
core_v2_generalization_local_eager_lazy_001,C,eager_vs_lazy,ollama__qwen2_5-coder__32b,mixed_signed_vector,lazy,1,raw,True,True,lazy,lazy,True,False,,
core_v2_generalization_local_eager_lazy_001,C,eager_vs_lazy,ollama__qwen2_5-coder__32b,mixed_signed_vector,lazy,2,raw,True,True,lazy,lazy,True,False,,
core_v2_generalization_local_eager_lazy_001,C,eager_vs_lazy,ollama__qwen2_5-coder__32b,mixed_signed_vector,lazy,3,raw,True,True,lazy,lazy,True,False,,
core_v2_generalization_local_eager_lazy_001,C,eager_vs_lazy,ollama__qwen2_5-coder__32b,mixed_signed_vector,lazy,4,raw,True,True,lazy,lazy,True,False,,
core_v2_generalization_local_eager_lazy_001,C,eager_vs_lazy,ollama__qwen2_5-coder__32b,mixed_signed_vector,lazy,5,raw,True,True,lazy,lazy,True,False,,
core_v2_generalization_local_eager_lazy_001,C,eager_vs_lazy,ollama__qwen2_5-coder__32b,repeated_values_vector,eager,1,raw,True,True,eager,eager,True,False,,
core_v2_generalization_local_eager_lazy_001,C,eager_vs_lazy,ollama__qwen2_5-coder__32b,repeated_values_vector,eager,2,raw,True,True,eager,eager,True,False,,
core_v2_generalization_local_eager_lazy_001,C,eager_vs_lazy,ollama__qwen2_5-coder__32b,repeated_values_vector,eager,3,raw,True,True,eager,eager,True,False,,
core_v2_generalization_local_eager_lazy_001,C,eager_vs_lazy,ollama__qwen2_5-coder__32b,repeated_values_vector,eager,4,raw,True,True,eager,eager,True,False,,
core_v2_generalization_local_eager_lazy_001,C,eager_vs_lazy,ollama__qwen2_5-coder__32b,repeated_values_vector,eager,5,raw,True,True,eager,eager,True,False,,
core_v2_generalization_local_eager_lazy_001,C,eager_vs_lazy,ollama__qwen2_5-coder__32b,repeated_values_vector,lazy,1,raw,True,True,lazy,lazy,True,False,,
core_v2_generalization_local_eager_lazy_001,C,eager_vs_lazy,ollama__qwen2_5-coder__32b,repeated_values_vector,lazy,2,raw,True,True,lazy,lazy,True,False,,
core_v2_generalization_local_eager_lazy_001,C,eager_vs_lazy,ollama__qwen2_5-coder__32b,repeated_values_vector,lazy,3,raw,True,True,lazy,lazy,True,False,,
core_v2_generalization_local_eager_lazy_001,C,eager_vs_lazy,ollama__qwen2_5-coder__32b,repeated_values_vector,lazy,4,raw,True,True,lazy,lazy,True,False,,
core_v2_generalization_local_eager_lazy_001,C,eager_vs_lazy,ollama__qwen2_5-coder__32b,repeated_values_vector,lazy,5,raw,True,True,lazy,lazy,True,False,,
core_v2_generalization_local_eager_lazy_001,C,eager_vs_lazy,ollama__qwen2_5-coder__32b,small_positive_vector,eager,1,raw,True,True,eager,eager,True,False,,
core_v2_generalization_local_eager_lazy_001,C,eager_vs_lazy,ollama__qwen2_5-coder__32b,small_positive_vector,eager,2,raw,True,True,eager,eager,True,False,,
core_v2_generalization_local_eager_lazy_001,C,eager_vs_lazy,ollama__qwen2_5-coder__32b,small_positive_vector,eager,3,raw,True,True,eager,eager,True,False,,
core_v2_generalization_local_eager_lazy_001,C,eager_vs_lazy,ollama__qwen2_5-coder__32b,small_positive_vector,eager,4,raw,True,True,eager,eager,True,False,,
core_v2_generalization_local_eager_lazy_001,C,eager_vs_lazy,ollama__qwen2_5-coder__32b,small_positive_vector,eager,5,raw,True,True,eager,eager,True,False,,
core_v2_generalization_local_eager_lazy_001,C,eager_vs_lazy,ollama__qwen2_5-coder__32b,small_positive_vector,lazy,1,raw,True,True,lazy,lazy,True,False,,
core_v2_generalization_local_eager_lazy_001,C,eager_vs_lazy,ollama__qwen2_5-coder__32b,small_positive_vector,lazy,2,raw,True,True,lazy,lazy,True,False,,
core_v2_generalization_local_eager_lazy_001,C,eager_vs_lazy,ollama__qwen2_5-coder__32b,small_positive_vector,lazy,3,raw,True,True,lazy,lazy,True,False,,
core_v2_generalization_local_eager_lazy_001,C,eager_vs_lazy,ollama__qwen2_5-coder__32b,small_positive_vector,lazy,4,raw,True,True,lazy,lazy,True,False,,
core_v2_generalization_local_eager_lazy_001,C,eager_vs_lazy,ollama__qwen2_5-coder__32b,small_positive_vector,lazy,5,raw,True,True,lazy,lazy,True,False,,
core_v2_generalization_local_eager_lazy_001,C,eager_vs_lazy,ollama__qwen3-coder__30b,mixed_signed_vector,eager,1,raw,True,True,eager,eager,True,False,,
core_v2_generalization_local_eager_lazy_001,C,eager_vs_lazy,ollama__qwen3-coder__30b,mixed_signed_vector,eager,2,raw,True,True,eager,eager,True,False,,
core_v2_generalization_local_eager_lazy_001,C,eager_vs_lazy,ollama__qwen3-coder__30b,mixed_signed_vector,eager,3,raw,True,True,eager,eager,True,False,,
core_v2_generalization_local_eager_lazy_001,C,eager_vs_lazy,ollama__qwen3-coder__30b,mixed_signed_vector,eager,4,raw,True,True,eager,eager,True,False,,
core_v2_generalization_local_eager_lazy_001,C,eager_vs_lazy,ollama__qwen3-coder__30b,mixed_signed_vector,eager,5,raw,True,True,eager,eager,True,False,,
core_v2_generalization_local_eager_lazy_001,C,eager_vs_lazy,ollama__qwen3-coder__30b,mixed_signed_vector,lazy,1,raw,True,True,lazy,lazy,True,False,,
core_v2_generalization_local_eager_lazy_001,C,eager_vs_lazy,ollama__qwen3-coder__30b,mixed_signed_vector,lazy,2,raw,True,True,lazy,lazy,True,False,,
core_v2_generalization_local_eager_lazy_001,C,eager_vs_lazy,ollama__qwen3-coder__30b,mixed_signed_vector,lazy,3,raw,True,True,lazy,lazy,True,False,,
core_v2_generalization_local_eager_lazy_001,C,eager_vs_lazy,ollama__qwen3-coder__30b,mixed_signed_vector,lazy,4,raw,True,True,lazy,lazy,True,False,,
core_v2_generalization_local_eager_lazy_001,C,eager_vs_lazy,ollama__qwen3-coder__30b,mixed_signed_vector,lazy,5,raw,True,True,lazy,lazy,True,False,,
core_v2_generalization_local_eager_lazy_001,C,eager_vs_lazy,ollama__qwen3-coder__30b,repeated_values_vector,eager,1,raw,True,True,eager,eager,True,False,,
core_v2_generalization_local_eager_lazy_001,C,eager_vs_lazy,ollama__qwen3-coder__30b,repeated_values_vector,eager,2,raw,True,True,eager,eager,True,False,,
core_v2_generalization_local_eager_lazy_001,C,eager_vs_lazy,ollama__qwen3-coder__30b,repeated_values_vector,eager,3,raw,True,True,eager,eager,True,False,,
core_v2_generalization_local_eager_lazy_001,C,eager_vs_lazy,ollama__qwen3-coder__30b,repeated_values_vector,eager,4,raw,True,True,eager,eager,True,False,,
core_v2_generalization_local_eager_lazy_001,C,eager_vs_lazy,ollama__qwen3-coder__30b,repeated_values_vector,eager,5,raw,True,True,eager,eager,True,False,,
core_v2_generalization_local_eager_lazy_001,C,eager_vs_lazy,ollama__qwen3-coder__30b,repeated_values_vector,lazy,1,raw,True,True,lazy,lazy,True,False,,
core_v2_generalization_local_eager_lazy_001,C,eager_vs_lazy,ollama__qwen3-coder__30b,repeated_values_vector,lazy,2,raw,True,True,lazy,lazy,True,False,,
core_v2_generalization_local_eager_lazy_001,C,eager_vs_lazy,ollama__qwen3-coder__30b,repeated_values_vector,lazy,3,raw,True,True,lazy,lazy,True,False,,
core_v2_generalization_local_eager_lazy_001,C,eager_vs_lazy,ollama__qwen3-coder__30b,repeated_values_vector,lazy,4,raw,True,True,lazy,lazy,True,False,,
core_v2_generalization_local_eager_lazy_001,C,eager_vs_lazy,ollama__qwen3-coder__30b,repeated_values_vector,lazy,5,raw,True,True,lazy,lazy,True,False,,
core_v2_generalization_local_eager_lazy_001,C,eager_vs_lazy,ollama__qwen3-coder__30b,small_positive_vector,eager,1,raw,True,True,eager,eager,True,False,,
core_v2_generalization_local_eager_lazy_001,C,eager_vs_lazy,ollama__qwen3-coder__30b,small_positive_vector,eager,2,raw,True,True,eager,eager,True,False,,
core_v2_generalization_local_eager_lazy_001,C,eager_vs_lazy,ollama__qwen3-coder__30b,small_positive_vector,eager,3,raw,True,True,eager,eager,True,False,,
core_v2_generalization_local_eager_lazy_001,C,eager_vs_lazy,ollama__qwen3-coder__30b,small_positive_vector,eager,4,raw,True,True,eager,eager,True,False,,
core_v2_generalization_local_eager_lazy_001,C,eager_vs_lazy,ollama__qwen3-coder__30b,small_positive_vector,eager,5,raw,True,True,eager,eager,True,False,,
core_v2_generalization_local_eager_lazy_001,C,eager_vs_lazy,ollama__qwen3-coder__30b,small_positive_vector,lazy,1,raw,True,True,lazy,lazy,True,False,,
core_v2_generalization_local_eager_lazy_001,C,eager_vs_lazy,ollama__qwen3-coder__30b,small_positive_vector,lazy,2,raw,True,True,lazy,lazy,True,False,,
core_v2_generalization_local_eager_lazy_001,C,eager_vs_lazy,ollama__qwen3-coder__30b,small_positive_vector,lazy,3,raw,True,True,lazy,lazy,True,False,,
core_v2_generalization_local_eager_lazy_001,C,eager_vs_lazy,ollama__qwen3-coder__30b,small_positive_vector,lazy,4,raw,True,True,lazy,lazy,True,False,,
core_v2_generalization_local_eager_lazy_001,C,eager_vs_lazy,ollama__qwen3-coder__30b,small_positive_vector,lazy,5,raw,True,True,lazy,lazy,True,False,,
core_v2_generalization_local_eager_lazy_001,C,eager_vs_lazy,ollama__devstral__latest,mixed_signed_vector,eager,1,no_comments,True,True,eager,eager,True,False,,
core_v2_generalization_local_eager_lazy_001,C,eager_vs_lazy,ollama__devstral__latest,mixed_signed_vector,eager,2,no_comments,True,True,eager,eager,True,False,,
core_v2_generalization_local_eager_lazy_001,C,eager_vs_lazy,ollama__devstral__latest,mixed_signed_vector,eager,3,no_comments,True,True,eager,eager,True,False,,
core_v2_generalization_local_eager_lazy_001,C,eager_vs_lazy,ollama__devstral__latest,mixed_signed_vector,eager,4,no_comments,True,True,eager,eager,True,False,,
core_v2_generalization_local_eager_lazy_001,C,eager_vs_lazy,ollama__devstral__latest,mixed_signed_vector,eager,5,no_comments,True,True,eager,eager,True,False,,
core_v2_generalization_local_eager_lazy_001,C,eager_vs_lazy,ollama__devstral__latest,mixed_signed_vector,lazy,1,no_comments,True,True,lazy,lazy,True,False,,
core_v2_generalization_local_eager_lazy_001,C,eager_vs_lazy,ollama__devstral__latest,mixed_signed_vector,lazy,2,no_comments,True,True,lazy,lazy,True,False,,
core_v2_generalization_local_eager_lazy_001,C,eager_vs_lazy,ollama__devstral__latest,mixed_signed_vector,lazy,3,no_comments,True,True,lazy,lazy,True,False,,
core_v2_generalization_local_eager_lazy_001,C,eager_vs_lazy,ollama__devstral__latest,mixed_signed_vector,lazy,4,no_comments,True,True,lazy,lazy,True,False,,
core_v2_generalization_local_eager_lazy_001,C,eager_vs_lazy,ollama__devstral__latest,mixed_signed_vector,lazy,5,no_comments,True,True,lazy,lazy,True,False,,
core_v2_generalization_local_eager_lazy_001,C,eager_vs_lazy,ollama__devstral__latest,repeated_values_vector,eager,1,no_comments,True,True,eager,eager,True,False,,
core_v2_generalization_local_eager_lazy_001,C,eager_vs_lazy,ollama__devstral__latest,repeated_values_vector,eager,2,no_comments,True,True,eager,eager,True,False,,
core_v2_generalization_local_eager_lazy_001,C,eager_vs_lazy,ollama__devstral__latest,repeated_values_vector,eager,3,no_comments,True,True,eager,eager,True,False,,
core_v2_generalization_local_eager_lazy_001,C,eager_vs_lazy,ollama__devstral__latest,repeated_values_vector,eager,4,no_comments,True,True,eager,eager,True,False,,
core_v2_generalization_local_eager_lazy_001,C,eager_vs_lazy,ollama__devstral__latest,repeated_values_vector,eager,5,no_comments,True,True,eager,eager,True,False,,
core_v2_generalization_local_eager_lazy_001,C,eager_vs_lazy,ollama__devstral__latest,repeated_values_vector,lazy,1,no_comments,True,True,lazy,lazy,True,False,,
core_v2_generalization_local_eager_lazy_001,C,eager_vs_lazy,ollama__devstral__latest,repeated_values_vector,lazy,2,no_comments,True,True,lazy,lazy,True,False,,
core_v2_generalization_local_eager_lazy_001,C,eager_vs_lazy,ollama__devstral__latest,repeated_values_vector,lazy,3,no_comments,True,True,lazy,lazy,True,False,,
core_v2_generalization_local_eager_lazy_001,C,eager_vs_lazy,ollama__devstral__latest,repeated_values_vector,lazy,4,no_comments,True,True,lazy,lazy,True,False,,
core_v2_generalization_local_eager_lazy_001,C,eager_vs_lazy,ollama__devstral__latest,repeated_values_vector,lazy,5,no_comments,True,True,lazy,lazy,True,False,,
core_v2_generalization_local_eager_lazy_001,C,eager_vs_lazy,ollama__devstral__latest,small_positive_vector,eager,1,no_comments,True,True,eager,eager,True,False,,
core_v2_generalization_local_eager_lazy_001,C,eager_vs_lazy,ollama__devstral__latest,small_positive_vector,eager,2,no_comments,True,True,eager,eager,True,False,,
core_v2_generalization_local_eager_lazy_001,C,eager_vs_lazy,ollama__devstral__latest,small_positive_vector,eager,3,no_comments,True,True,eager,eager,True,False,,
core_v2_generalization_local_eager_lazy_001,C,eager_vs_lazy,ollama__devstral__latest,small_positive_vector,eager,4,no_comments,True,True,eager,eager,True,False,,
core_v2_generalization_local_eager_lazy_001,C,eager_vs_lazy,ollama__devstral__latest,small_positive_vector,eager,5,no_comments,True,True,eager,eager,True,False,,
core_v2_generalization_local_eager_lazy_001,C,eager_vs_lazy,ollama__devstral__latest,small_positive_vector,lazy,1,no_comments,True,True,lazy,lazy,True,False,,
core_v2_generalization_local_eager_lazy_001,C,eager_vs_lazy,ollama__devstral__latest,small_positive_vector,lazy,2,no_comments,True,True,lazy,lazy,True,False,,
core_v2_generalization_local_eager_lazy_001,C,eager_vs_lazy,ollama__devstral__latest,small_positive_vector,lazy,3,no_comments,True,True,lazy,lazy,True,False,,
core_v2_generalization_local_eager_lazy_001,C,eager_vs_lazy,ollama__devstral__latest,small_positive_vector,lazy,4,no_comments,True,True,lazy,lazy,True,False,,
core_v2_generalization_local_eager_lazy_001,C,eager_vs_lazy,ollama__devstral__latest,small_positive_vector,lazy,5,no_comments,True,True,lazy,lazy,True,False,,
core_v2_generalization_local_eager_lazy_001,C,eager_vs_lazy,ollama__qwen2_5-coder__14b,mixed_signed_vector,eager,1,no_comments,True,True,eager,eager,True,False,,
core_v2_generalization_local_eager_lazy_001,C,eager_vs_lazy,ollama__qwen2_5-coder__14b,mixed_signed_vector,eager,2,no_comments,True,True,eager,eager,True,False,,
core_v2_generalization_local_eager_lazy_001,C,eager_vs_lazy,ollama__qwen2_5-coder__14b,mixed_signed_vector,eager,3,no_comments,True,True,eager,eager,True,False,,
core_v2_generalization_local_eager_lazy_001,C,eager_vs_lazy,ollama__qwen2_5-coder__14b,mixed_signed_vector,eager,4,no_comments,True,True,eager,eager,True,False,,
core_v2_generalization_local_eager_lazy_001,C,eager_vs_lazy,ollama__qwen2_5-coder__14b,mixed_signed_vector,eager,5,no_comments,True,True,eager,eager,True,False,,
core_v2_generalization_local_eager_lazy_001,C,eager_vs_lazy,ollama__qwen2_5-coder__14b,mixed_signed_vector,lazy,1,no_comments,True,True,lazy,lazy,True,False,,
core_v2_generalization_local_eager_lazy_001,C,eager_vs_lazy,ollama__qwen2_5-coder__14b,mixed_signed_vector,lazy,2,no_comments,True,True,lazy,lazy,True,False,,
core_v2_generalization_local_eager_lazy_001,C,eager_vs_lazy,ollama__qwen2_5-coder__14b,mixed_signed_vector,lazy,3,no_comments,True,True,lazy,lazy,True,False,,
core_v2_generalization_local_eager_lazy_001,C,eager_vs_lazy,ollama__qwen2_5-coder__14b,mixed_signed_vector,lazy,4,no_comments,True,True,lazy,lazy,True,False,,
core_v2_generalization_local_eager_lazy_001,C,eager_vs_lazy,ollama__qwen2_5-coder__14b,mixed_signed_vector,lazy,5,no_comments,True,True,lazy,lazy,True,False,,
core_v2_generalization_local_eager_lazy_001,C,eager_vs_lazy,ollama__qwen2_5-coder__14b,repeated_values_vector,eager,1,no_comments,True,True,eager,eager,True,False,,
core_v2_generalization_local_eager_lazy_001,C,eager_vs_lazy,ollama__qwen2_5-coder__14b,repeated_values_vector,eager,2,no_comments,True,True,eager,eager,True,False,,
core_v2_generalization_local_eager_lazy_001,C,eager_vs_lazy,ollama__qwen2_5-coder__14b,repeated_values_vector,eager,3,no_comments,True,True,eager,eager,True,False,,
core_v2_generalization_local_eager_lazy_001,C,eager_vs_lazy,ollama__qwen2_5-coder__14b,repeated_values_vector,eager,4,no_comments,True,True,eager,eager,True,False,,
core_v2_generalization_local_eager_lazy_001,C,eager_vs_lazy,ollama__qwen2_5-coder__14b,repeated_values_vector,eager,5,no_comments,True,True,eager,eager,True,False,,
core_v2_generalization_local_eager_lazy_001,C,eager_vs_lazy,ollama__qwen2_5-coder__14b,repeated_values_vector,lazy,1,no_comments,True,True,lazy,lazy,True,False,,
core_v2_generalization_local_eager_lazy_001,C,eager_vs_lazy,ollama__qwen2_5-coder__14b,repeated_values_vector,lazy,2,no_comments,True,True,lazy,lazy,True,False,,
core_v2_generalization_local_eager_lazy_001,C,eager_vs_lazy,ollama__qwen2_5-coder__14b,repeated_values_vector,lazy,3,no_comments,True,True,lazy,lazy,True,False,,
core_v2_generalization_local_eager_lazy_001,C,eager_vs_lazy,ollama__qwen2_5-coder__14b,repeated_values_vector,lazy,4,no_comments,True,True,lazy,lazy,True,False,,
core_v2_generalization_local_eager_lazy_001,C,eager_vs_lazy,ollama__qwen2_5-coder__14b,repeated_values_vector,lazy,5,no_comments,True,True,lazy,lazy,True,False,,
core_v2_generalization_local_eager_lazy_001,C,eager_vs_lazy,ollama__qwen2_5-coder__14b,small_positive_vector,eager,1,no_comments,True,True,eager,eager,True,False,,
core_v2_generalization_local_eager_lazy_001,C,eager_vs_lazy,ollama__qwen2_5-coder__14b,small_positive_vector,eager,2,no_comments,True,True,eager,eager,True,False,,
core_v2_generalization_local_eager_lazy_001,C,eager_vs_lazy,ollama__qwen2_5-coder__14b,small_positive_vector,eager,3,no_comments,True,True,eager,eager,True,False,,
core_v2_generalization_local_eager_lazy_001,C,eager_vs_lazy,ollama__qwen2_5-coder__14b,small_positive_vector,eager,4,no_comments,True,True,eager,eager,True,False,,
core_v2_generalization_local_eager_lazy_001,C,eager_vs_lazy,ollama__qwen2_5-coder__14b,small_positive_vector,eager,5,no_comments,True,True,eager,eager,True,False,,
core_v2_generalization_local_eager_lazy_001,C,eager_vs_lazy,ollama__qwen2_5-coder__14b,small_positive_vector,lazy,1,no_comments,True,True,lazy,lazy,True,False,,
core_v2_generalization_local_eager_lazy_001,C,eager_vs_lazy,ollama__qwen2_5-coder__14b,small_positive_vector,lazy,2,no_comments,True,True,lazy,lazy,True,False,,
core_v2_generalization_local_eager_lazy_001,C,eager_vs_lazy,ollama__qwen2_5-coder__14b,small_positive_vector,lazy,3,no_comments,True,True,lazy,lazy,True,False,,
core_v2_generalization_local_eager_lazy_001,C,eager_vs_lazy,ollama__qwen2_5-coder__14b,small_positive_vector,lazy,4,no_comments,True,True,lazy,lazy,True,False,,
core_v2_generalization_local_eager_lazy_001,C,eager_vs_lazy,ollama__qwen2_5-coder__14b,small_positive_vector,lazy,5,no_comments,True,True,lazy,lazy,True,False,,
core_v2_generalization_local_eager_lazy_001,C,eager_vs_lazy,ollama__qwen2_5-coder__32b,mixed_signed_vector,eager,1,no_comments,True,True,eager,eager,True,False,,
core_v2_generalization_local_eager_lazy_001,C,eager_vs_lazy,ollama__qwen2_5-coder__32b,mixed_signed_vector,eager,2,no_comments,True,True,eager,eager,True,False,,
core_v2_generalization_local_eager_lazy_001,C,eager_vs_lazy,ollama__qwen2_5-coder__32b,mixed_signed_vector,eager,3,no_comments,True,True,eager,eager,True,False,,
core_v2_generalization_local_eager_lazy_001,C,eager_vs_lazy,ollama__qwen2_5-coder__32b,mixed_signed_vector,eager,4,no_comments,True,True,eager,eager,True,False,,
core_v2_generalization_local_eager_lazy_001,C,eager_vs_lazy,ollama__qwen2_5-coder__32b,mixed_signed_vector,eager,5,no_comments,True,True,eager,eager,True,False,,
core_v2_generalization_local_eager_lazy_001,C,eager_vs_lazy,ollama__qwen2_5-coder__32b,mixed_signed_vector,lazy,1,no_comments,True,True,lazy,lazy,True,False,,
core_v2_generalization_local_eager_lazy_001,C,eager_vs_lazy,ollama__qwen2_5-coder__32b,mixed_signed_vector,lazy,2,no_comments,True,True,lazy,lazy,True,False,,
core_v2_generalization_local_eager_lazy_001,C,eager_vs_lazy,ollama__qwen2_5-coder__32b,mixed_signed_vector,lazy,3,no_comments,True,True,lazy,lazy,True,False,,
core_v2_generalization_local_eager_lazy_001,C,eager_vs_lazy,ollama__qwen2_5-coder__32b,mixed_signed_vector,lazy,4,no_comments,True,True,lazy,lazy,True,False,,
core_v2_generalization_local_eager_lazy_001,C,eager_vs_lazy,ollama__qwen2_5-coder__32b,mixed_signed_vector,lazy,5,no_comments,True,True,lazy,lazy,True,False,,
core_v2_generalization_local_eager_lazy_001,C,eager_vs_lazy,ollama__qwen2_5-coder__32b,repeated_values_vector,eager,1,no_comments,True,True,eager,eager,True,False,,
core_v2_generalization_local_eager_lazy_001,C,eager_vs_lazy,ollama__qwen2_5-coder__32b,repeated_values_vector,eager,2,no_comments,True,True,eager,eager,True,False,,
core_v2_generalization_local_eager_lazy_001,C,eager_vs_lazy,ollama__qwen2_5-coder__32b,repeated_values_vector,eager,3,no_comments,True,True,eager,eager,True,False,,
core_v2_generalization_local_eager_lazy_001,C,eager_vs_lazy,ollama__qwen2_5-coder__32b,repeated_values_vector,eager,4,no_comments,True,True,eager,eager,True,False,,
core_v2_generalization_local_eager_lazy_001,C,eager_vs_lazy,ollama__qwen2_5-coder__32b,repeated_values_vector,eager,5,no_comments,True,True,eager,eager,True,False,,
core_v2_generalization_local_eager_lazy_001,C,eager_vs_lazy,ollama__qwen2_5-coder__32b,repeated_values_vector,lazy,1,no_comments,True,True,lazy,lazy,True,False,,
core_v2_generalization_local_eager_lazy_001,C,eager_vs_lazy,ollama__qwen2_5-coder__32b,repeated_values_vector,lazy,2,no_comments,True,True,lazy,lazy,True,False,,
core_v2_generalization_local_eager_lazy_001,C,eager_vs_lazy,ollama__qwen2_5-coder__32b,repeated_values_vector,lazy,3,no_comments,True,True,lazy,lazy,True,False,,
core_v2_generalization_local_eager_lazy_001,C,eager_vs_lazy,ollama__qwen2_5-coder__32b,repeated_values_vector,lazy,4,no_comments,True,True,lazy,lazy,True,False,,
core_v2_generalization_local_eager_lazy_001,C,eager_vs_lazy,ollama__qwen2_5-coder__32b,repeated_values_vector,lazy,5,no_comments,True,True,lazy,lazy,True,False,,
core_v2_generalization_local_eager_lazy_001,C,eager_vs_lazy,ollama__qwen2_5-coder__32b,small_positive_vector,eager,1,no_comments,True,True,eager,eager,True,False,,
core_v2_generalization_local_eager_lazy_001,C,eager_vs_lazy,ollama__qwen2_5-coder__32b,small_positive_vector,eager,2,no_comments,True,True,eager,eager,True,False,,
core_v2_generalization_local_eager_lazy_001,C,eager_vs_lazy,ollama__qwen2_5-coder__32b,small_positive_vector,eager,3,no_comments,True,True,eager,eager,True,False,,
core_v2_generalization_local_eager_lazy_001,C,eager_vs_lazy,ollama__qwen2_5-coder__32b,small_positive_vector,eager,4,no_comments,True,True,eager,eager,True,False,,
core_v2_generalization_local_eager_lazy_001,C,eager_vs_lazy,ollama__qwen2_5-coder__32b,small_positive_vector,eager,5,no_comments,True,True,eager,eager,True,False,,
core_v2_generalization_local_eager_lazy_001,C,eager_vs_lazy,ollama__qwen2_5-coder__32b,small_positive_vector,lazy,1,no_comments,True,True,lazy,lazy,True,False,,
core_v2_generalization_local_eager_lazy_001,C,eager_vs_lazy,ollama__qwen2_5-coder__32b,small_positive_vector,lazy,2,no_comments,True,True,lazy,lazy,True,False,,
core_v2_generalization_local_eager_lazy_001,C,eager_vs_lazy,ollama__qwen2_5-coder__32b,small_positive_vector,lazy,3,no_comments,True,True,lazy,lazy,True,False,,
core_v2_generalization_local_eager_lazy_001,C,eager_vs_lazy,ollama__qwen2_5-coder__32b,small_positive_vector,lazy,4,no_comments,True,True,lazy,lazy,True,False,,
core_v2_generalization_local_eager_lazy_001,C,eager_vs_lazy,ollama__qwen2_5-coder__32b,small_positive_vector,lazy,5,no_comments,True,True,lazy,lazy,True,False,,
core_v2_generalization_local_eager_lazy_001,C,eager_vs_lazy,ollama__qwen3-coder__30b,mixed_signed_vector,eager,1,no_comments,True,True,eager,eager,True,False,,
core_v2_generalization_local_eager_lazy_001,C,eager_vs_lazy,ollama__qwen3-coder__30b,mixed_signed_vector,eager,2,no_comments,True,True,eager,eager,True,False,,
core_v2_generalization_local_eager_lazy_001,C,eager_vs_lazy,ollama__qwen3-coder__30b,mixed_signed_vector,eager,3,no_comments,True,True,eager,eager,True,False,,
core_v2_generalization_local_eager_lazy_001,C,eager_vs_lazy,ollama__qwen3-coder__30b,mixed_signed_vector,eager,4,no_comments,True,True,eager,eager,True,False,,
core_v2_generalization_local_eager_lazy_001,C,eager_vs_lazy,ollama__qwen3-coder__30b,mixed_signed_vector,eager,5,no_comments,True,True,eager,eager,True,False,,
core_v2_generalization_local_eager_lazy_001,C,eager_vs_lazy,ollama__qwen3-coder__30b,mixed_signed_vector,lazy,1,no_comments,True,True,lazy,lazy,True,False,,
core_v2_generalization_local_eager_lazy_001,C,eager_vs_lazy,ollama__qwen3-coder__30b,mixed_signed_vector,lazy,2,no_comments,True,True,lazy,lazy,True,False,,
core_v2_generalization_local_eager_lazy_001,C,eager_vs_lazy,ollama__qwen3-coder__30b,mixed_signed_vector,lazy,3,no_comments,True,True,lazy,lazy,True,False,,
core_v2_generalization_local_eager_lazy_001,C,eager_vs_lazy,ollama__qwen3-coder__30b,mixed_signed_vector,lazy,4,no_comments,True,True,lazy,lazy,True,False,,
core_v2_generalization_local_eager_lazy_001,C,eager_vs_lazy,ollama__qwen3-coder__30b,mixed_signed_vector,lazy,5,no_comments,True,True,lazy,lazy,True,False,,
core_v2_generalization_local_eager_lazy_001,C,eager_vs_lazy,ollama__qwen3-coder__30b,repeated_values_vector,eager,1,no_comments,True,True,eager,eager,True,False,,
core_v2_generalization_local_eager_lazy_001,C,eager_vs_lazy,ollama__qwen3-coder__30b,repeated_values_vector,eager,2,no_comments,True,True,eager,eager,True,False,,
core_v2_generalization_local_eager_lazy_001,C,eager_vs_lazy,ollama__qwen3-coder__30b,repeated_values_vector,eager,3,no_comments,True,True,eager,eager,True,False,,
core_v2_generalization_local_eager_lazy_001,C,eager_vs_lazy,ollama__qwen3-coder__30b,repeated_values_vector,eager,4,no_comments,True,True,eager,eager,True,False,,
core_v2_generalization_local_eager_lazy_001,C,eager_vs_lazy,ollama__qwen3-coder__30b,repeated_values_vector,eager,5,no_comments,True,True,eager,eager,True,False,,
core_v2_generalization_local_eager_lazy_001,C,eager_vs_lazy,ollama__qwen3-coder__30b,repeated_values_vector,lazy,1,no_comments,True,True,lazy,lazy,True,False,,
core_v2_generalization_local_eager_lazy_001,C,eager_vs_lazy,ollama__qwen3-coder__30b,repeated_values_vector,lazy,2,no_comments,True,True,lazy,lazy,True,False,,
core_v2_generalization_local_eager_lazy_001,C,eager_vs_lazy,ollama__qwen3-coder__30b,repeated_values_vector,lazy,3,no_comments,True,True,lazy,lazy,True,False,,
core_v2_generalization_local_eager_lazy_001,C,eager_vs_lazy,ollama__qwen3-coder__30b,repeated_values_vector,lazy,4,no_comments,True,True,lazy,lazy,True,False,,
core_v2_generalization_local_eager_lazy_001,C,eager_vs_lazy,ollama__qwen3-coder__30b,repeated_values_vector,lazy,5,no_comments,True,True,lazy,lazy,True,False,,
core_v2_generalization_local_eager_lazy_001,C,eager_vs_lazy,ollama__qwen3-coder__30b,small_positive_vector,eager,1,no_comments,True,True,eager,eager,True,False,,
core_v2_generalization_local_eager_lazy_001,C,eager_vs_lazy,ollama__qwen3-coder__30b,small_positive_vector,eager,2,no_comments,True,True,eager,eager,True,False,,
core_v2_generalization_local_eager_lazy_001,C,eager_vs_lazy,ollama__qwen3-coder__30b,small_positive_vector,eager,3,no_comments,True,True,eager,eager,True,False,,
core_v2_generalization_local_eager_lazy_001,C,eager_vs_lazy,ollama__qwen3-coder__30b,small_positive_vector,eager,4,no_comments,True,True,eager,eager,True,False,,
core_v2_generalization_local_eager_lazy_001,C,eager_vs_lazy,ollama__qwen3-coder__30b,small_positive_vector,eager,5,no_comments,True,True,eager,eager,True,False,,
core_v2_generalization_local_eager_lazy_001,C,eager_vs_lazy,ollama__qwen3-coder__30b,small_positive_vector,lazy,1,no_comments,True,True,lazy,lazy,True,False,,
core_v2_generalization_local_eager_lazy_001,C,eager_vs_lazy,ollama__qwen3-coder__30b,small_positive_vector,lazy,2,no_comments,True,True,lazy,lazy,True,False,,
core_v2_generalization_local_eager_lazy_001,C,eager_vs_lazy,ollama__qwen3-coder__30b,small_positive_vector,lazy,3,no_comments,True,True,lazy,lazy,True,False,,
core_v2_generalization_local_eager_lazy_001,C,eager_vs_lazy,ollama__qwen3-coder__30b,small_positive_vector,lazy,4,no_comments,True,True,lazy,lazy,True,False,,
core_v2_generalization_local_eager_lazy_001,C,eager_vs_lazy,ollama__qwen3-coder__30b,small_positive_vector,lazy,5,no_comments,True,True,lazy,lazy,True,False,,
core_v2_generalization_local_eager_lazy_001,C,eager_vs_lazy,ollama__devstral__latest,mixed_signed_vector,eager,1,renamed,True,False,eager,eager,True,False,missing_required_getters,
core_v2_generalization_local_eager_lazy_001,C,eager_vs_lazy,ollama__devstral__latest,mixed_signed_vector,eager,2,renamed,True,False,eager,eager,True,False,missing_required_getters,
core_v2_generalization_local_eager_lazy_001,C,eager_vs_lazy,ollama__devstral__latest,mixed_signed_vector,eager,3,renamed,True,False,eager,eager,True,False,missing_required_getters,
core_v2_generalization_local_eager_lazy_001,C,eager_vs_lazy,ollama__devstral__latest,mixed_signed_vector,eager,4,renamed,True,False,eager,eager,True,False,missing_required_getters,
core_v2_generalization_local_eager_lazy_001,C,eager_vs_lazy,ollama__devstral__latest,mixed_signed_vector,eager,5,renamed,True,False,eager,eager,True,False,missing_required_getters,
core_v2_generalization_local_eager_lazy_001,C,eager_vs_lazy,ollama__devstral__latest,mixed_signed_vector,lazy,1,renamed,True,False,lazy,lazy,True,False,missing_required_getters,
core_v2_generalization_local_eager_lazy_001,C,eager_vs_lazy,ollama__devstral__latest,mixed_signed_vector,lazy,2,renamed,True,False,lazy,lazy,True,False,missing_required_getters,
core_v2_generalization_local_eager_lazy_001,C,eager_vs_lazy,ollama__devstral__latest,mixed_signed_vector,lazy,3,renamed,True,False,lazy,lazy,True,False,missing_required_getters,
core_v2_generalization_local_eager_lazy_001,C,eager_vs_lazy,ollama__devstral__latest,mixed_signed_vector,lazy,4,renamed,True,False,lazy,lazy,True,False,missing_required_getters,
core_v2_generalization_local_eager_lazy_001,C,eager_vs_lazy,ollama__devstral__latest,mixed_signed_vector,lazy,5,renamed,True,False,lazy,lazy,True,False,missing_required_getters,
core_v2_generalization_local_eager_lazy_001,C,eager_vs_lazy,ollama__devstral__latest,repeated_values_vector,eager,1,renamed,True,False,eager,eager,True,False,missing_required_getters,
core_v2_generalization_local_eager_lazy_001,C,eager_vs_lazy,ollama__devstral__latest,repeated_values_vector,eager,2,renamed,True,False,eager,eager,True,False,missing_required_getters,
core_v2_generalization_local_eager_lazy_001,C,eager_vs_lazy,ollama__devstral__latest,repeated_values_vector,eager,3,renamed,True,False,eager,eager,True,False,missing_required_getters,
core_v2_generalization_local_eager_lazy_001,C,eager_vs_lazy,ollama__devstral__latest,repeated_values_vector,eager,4,renamed,True,False,eager,eager,True,False,missing_required_getters,
core_v2_generalization_local_eager_lazy_001,C,eager_vs_lazy,ollama__devstral__latest,repeated_values_vector,eager,5,renamed,True,False,eager,eager,True,False,missing_required_getters,
core_v2_generalization_local_eager_lazy_001,C,eager_vs_lazy,ollama__devstral__latest,repeated_values_vector,lazy,1,renamed,True,False,lazy,lazy,True,False,missing_required_getters,
core_v2_generalization_local_eager_lazy_001,C,eager_vs_lazy,ollama__devstral__latest,repeated_values_vector,lazy,2,renamed,True,False,lazy,lazy,True,False,missing_required_getters,
core_v2_generalization_local_eager_lazy_001,C,eager_vs_lazy,ollama__devstral__latest,repeated_values_vector,lazy,3,renamed,True,False,lazy,lazy,True,False,missing_required_getters,
core_v2_generalization_local_eager_lazy_001,C,eager_vs_lazy,ollama__devstral__latest,repeated_values_vector,lazy,4,renamed,True,False,lazy,lazy,True,False,missing_required_getters,
core_v2_generalization_local_eager_lazy_001,C,eager_vs_lazy,ollama__devstral__latest,repeated_values_vector,lazy,5,renamed,True,False,lazy,lazy,True,False,missing_required_getters,
core_v2_generalization_local_eager_lazy_001,C,eager_vs_lazy,ollama__devstral__latest,small_positive_vector,eager,1,renamed,True,False,eager,eager,True,False,missing_required_getters,
core_v2_generalization_local_eager_lazy_001,C,eager_vs_lazy,ollama__devstral__latest,small_positive_vector,eager,2,renamed,True,False,eager,eager,True,False,missing_required_getters,
core_v2_generalization_local_eager_lazy_001,C,eager_vs_lazy,ollama__devstral__latest,small_positive_vector,eager,3,renamed,True,False,eager,eager,True,False,missing_required_getters,
core_v2_generalization_local_eager_lazy_001,C,eager_vs_lazy,ollama__devstral__latest,small_positive_vector,eager,4,renamed,True,False,eager,eager,True,False,missing_required_getters,
core_v2_generalization_local_eager_lazy_001,C,eager_vs_lazy,ollama__devstral__latest,small_positive_vector,eager,5,renamed,True,False,eager,eager,True,False,missing_required_getters,
core_v2_generalization_local_eager_lazy_001,C,eager_vs_lazy,ollama__devstral__latest,small_positive_vector,lazy,1,renamed,True,False,lazy,lazy,True,False,missing_required_getters,
core_v2_generalization_local_eager_lazy_001,C,eager_vs_lazy,ollama__devstral__latest,small_positive_vector,lazy,2,renamed,True,False,lazy,lazy,True,False,missing_required_getters,
core_v2_generalization_local_eager_lazy_001,C,eager_vs_lazy,ollama__devstral__latest,small_positive_vector,lazy,3,renamed,True,False,lazy,lazy,True,False,missing_required_getters,
core_v2_generalization_local_eager_lazy_001,C,eager_vs_lazy,ollama__devstral__latest,small_positive_vector,lazy,4,renamed,True,False,lazy,lazy,True,False,missing_required_getters,
core_v2_generalization_local_eager_lazy_001,C,eager_vs_lazy,ollama__devstral__latest,small_positive_vector,lazy,5,renamed,True,False,lazy,lazy,True,False,missing_required_getters,
core_v2_generalization_local_eager_lazy_001,C,eager_vs_lazy,ollama__qwen2_5-coder__14b,mixed_signed_vector,eager,1,renamed,True,False,eager,eager,True,False,missing_required_getters,
core_v2_generalization_local_eager_lazy_001,C,eager_vs_lazy,ollama__qwen2_5-coder__14b,mixed_signed_vector,eager,2,renamed,True,False,eager,eager,True,False,missing_required_getters,
core_v2_generalization_local_eager_lazy_001,C,eager_vs_lazy,ollama__qwen2_5-coder__14b,mixed_signed_vector,eager,3,renamed,True,False,eager,eager,True,False,missing_required_getters,
core_v2_generalization_local_eager_lazy_001,C,eager_vs_lazy,ollama__qwen2_5-coder__14b,mixed_signed_vector,eager,4,renamed,True,False,eager,eager,True,False,missing_required_getters,
core_v2_generalization_local_eager_lazy_001,C,eager_vs_lazy,ollama__qwen2_5-coder__14b,mixed_signed_vector,eager,5,renamed,True,False,eager,eager,True,False,missing_required_getters,
core_v2_generalization_local_eager_lazy_001,C,eager_vs_lazy,ollama__qwen2_5-coder__14b,mixed_signed_vector,lazy,1,renamed,True,False,lazy,lazy,True,False,missing_required_getters,
core_v2_generalization_local_eager_lazy_001,C,eager_vs_lazy,ollama__qwen2_5-coder__14b,mixed_signed_vector,lazy,2,renamed,True,False,lazy,lazy,True,False,missing_required_getters,
core_v2_generalization_local_eager_lazy_001,C,eager_vs_lazy,ollama__qwen2_5-coder__14b,mixed_signed_vector,lazy,3,renamed,True,False,lazy,lazy,True,False,missing_required_getters,
core_v2_generalization_local_eager_lazy_001,C,eager_vs_lazy,ollama__qwen2_5-coder__14b,mixed_signed_vector,lazy,4,renamed,True,False,lazy,lazy,True,False,missing_required_getters,
core_v2_generalization_local_eager_lazy_001,C,eager_vs_lazy,ollama__qwen2_5-coder__14b,mixed_signed_vector,lazy,5,renamed,True,False,lazy,lazy,True,False,missing_required_getters,
core_v2_generalization_local_eager_lazy_001,C,eager_vs_lazy,ollama__qwen2_5-coder__14b,repeated_values_vector,eager,1,renamed,True,False,eager,eager,True,False,missing_required_getters,
core_v2_generalization_local_eager_lazy_001,C,eager_vs_lazy,ollama__qwen2_5-coder__14b,repeated_values_vector,eager,2,renamed,True,False,eager,eager,True,False,missing_required_getters,
core_v2_generalization_local_eager_lazy_001,C,eager_vs_lazy,ollama__qwen2_5-coder__14b,repeated_values_vector,eager,3,renamed,True,False,eager,eager,True,False,missing_required_getters,
core_v2_generalization_local_eager_lazy_001,C,eager_vs_lazy,ollama__qwen2_5-coder__14b,repeated_values_vector,eager,4,renamed,True,False,eager,eager,True,False,missing_required_getters,
core_v2_generalization_local_eager_lazy_001,C,eager_vs_lazy,ollama__qwen2_5-coder__14b,repeated_values_vector,eager,5,renamed,True,False,eager,eager,True,False,missing_required_getters,
core_v2_generalization_local_eager_lazy_001,C,eager_vs_lazy,ollama__qwen2_5-coder__14b,repeated_values_vector,lazy,1,renamed,True,False,lazy,lazy,True,False,missing_required_getters,
core_v2_generalization_local_eager_lazy_001,C,eager_vs_lazy,ollama__qwen2_5-coder__14b,repeated_values_vector,lazy,2,renamed,True,False,lazy,lazy,True,False,missing_required_getters,
core_v2_generalization_local_eager_lazy_001,C,eager_vs_lazy,ollama__qwen2_5-coder__14b,repeated_values_vector,lazy,3,renamed,True,False,lazy,lazy,True,False,missing_required_getters,
core_v2_generalization_local_eager_lazy_001,C,eager_vs_lazy,ollama__qwen2_5-coder__14b,repeated_values_vector,lazy,4,renamed,True,False,lazy,lazy,True,False,missing_required_getters,
core_v2_generalization_local_eager_lazy_001,C,eager_vs_lazy,ollama__qwen2_5-coder__14b,repeated_values_vector,lazy,5,renamed,True,False,lazy,lazy,True,False,missing_required_getters,
core_v2_generalization_local_eager_lazy_001,C,eager_vs_lazy,ollama__qwen2_5-coder__14b,small_positive_vector,eager,1,renamed,True,False,eager,eager,True,False,missing_required_getters,
core_v2_generalization_local_eager_lazy_001,C,eager_vs_lazy,ollama__qwen2_5-coder__14b,small_positive_vector,eager,2,renamed,True,False,eager,eager,True,False,missing_required_getters,
core_v2_generalization_local_eager_lazy_001,C,eager_vs_lazy,ollama__qwen2_5-coder__14b,small_positive_vector,eager,3,renamed,True,False,eager,eager,True,False,missing_required_getters,
core_v2_generalization_local_eager_lazy_001,C,eager_vs_lazy,ollama__qwen2_5-coder__14b,small_positive_vector,eager,4,renamed,True,False,eager,eager,True,False,missing_required_getters,
core_v2_generalization_local_eager_lazy_001,C,eager_vs_lazy,ollama__qwen2_5-coder__14b,small_positive_vector,eager,5,renamed,True,False,eager,eager,True,False,missing_required_getters,
core_v2_generalization_local_eager_lazy_001,C,eager_vs_lazy,ollama__qwen2_5-coder__14b,small_positive_vector,lazy,1,renamed,True,False,lazy,lazy,True,False,missing_required_getters,
core_v2_generalization_local_eager_lazy_001,C,eager_vs_lazy,ollama__qwen2_5-coder__14b,small_positive_vector,lazy,2,renamed,True,False,lazy,lazy,True,False,missing_required_getters,
core_v2_generalization_local_eager_lazy_001,C,eager_vs_lazy,ollama__qwen2_5-coder__14b,small_positive_vector,lazy,3,renamed,True,False,lazy,lazy,True,False,missing_required_getters,
core_v2_generalization_local_eager_lazy_001,C,eager_vs_lazy,ollama__qwen2_5-coder__14b,small_positive_vector,lazy,4,renamed,True,False,lazy,lazy,True,False,missing_required_getters,
core_v2_generalization_local_eager_lazy_001,C,eager_vs_lazy,ollama__qwen2_5-coder__14b,small_positive_vector,lazy,5,renamed,True,False,lazy,lazy,True,False,missing_required_getters,
core_v2_generalization_local_eager_lazy_001,C,eager_vs_lazy,ollama__qwen2_5-coder__32b,mixed_signed_vector,eager,1,renamed,True,False,eager,eager,True,False,missing_required_getters,
core_v2_generalization_local_eager_lazy_001,C,eager_vs_lazy,ollama__qwen2_5-coder__32b,mixed_signed_vector,eager,2,renamed,True,False,eager,eager,True,False,missing_required_getters,
core_v2_generalization_local_eager_lazy_001,C,eager_vs_lazy,ollama__qwen2_5-coder__32b,mixed_signed_vector,eager,3,renamed,True,False,eager,eager,True,False,missing_required_getters,
core_v2_generalization_local_eager_lazy_001,C,eager_vs_lazy,ollama__qwen2_5-coder__32b,mixed_signed_vector,eager,4,renamed,True,False,eager,eager,True,False,missing_required_getters,
core_v2_generalization_local_eager_lazy_001,C,eager_vs_lazy,ollama__qwen2_5-coder__32b,mixed_signed_vector,eager,5,renamed,True,False,eager,eager,True,False,missing_required_getters,
core_v2_generalization_local_eager_lazy_001,C,eager_vs_lazy,ollama__qwen2_5-coder__32b,mixed_signed_vector,lazy,1,renamed,True,False,lazy,lazy,True,False,missing_required_getters,
core_v2_generalization_local_eager_lazy_001,C,eager_vs_lazy,ollama__qwen2_5-coder__32b,mixed_signed_vector,lazy,2,renamed,True,False,lazy,lazy,True,False,missing_required_getters,
core_v2_generalization_local_eager_lazy_001,C,eager_vs_lazy,ollama__qwen2_5-coder__32b,mixed_signed_vector,lazy,3,renamed,True,False,lazy,lazy,True,False,missing_required_getters,
core_v2_generalization_local_eager_lazy_001,C,eager_vs_lazy,ollama__qwen2_5-coder__32b,mixed_signed_vector,lazy,4,renamed,True,False,lazy,lazy,True,False,missing_required_getters,
core_v2_generalization_local_eager_lazy_001,C,eager_vs_lazy,ollama__qwen2_5-coder__32b,mixed_signed_vector,lazy,5,renamed,True,False,lazy,lazy,True,False,missing_required_getters,
core_v2_generalization_local_eager_lazy_001,C,eager_vs_lazy,ollama__qwen2_5-coder__32b,repeated_values_vector,eager,1,renamed,True,False,eager,eager,True,False,missing_required_getters,
core_v2_generalization_local_eager_lazy_001,C,eager_vs_lazy,ollama__qwen2_5-coder__32b,repeated_values_vector,eager,2,renamed,True,False,eager,eager,True,False,missing_required_getters,
core_v2_generalization_local_eager_lazy_001,C,eager_vs_lazy,ollama__qwen2_5-coder__32b,repeated_values_vector,eager,3,renamed,True,False,eager,eager,True,False,missing_required_getters,
core_v2_generalization_local_eager_lazy_001,C,eager_vs_lazy,ollama__qwen2_5-coder__32b,repeated_values_vector,eager,4,renamed,True,False,eager,eager,True,False,missing_required_getters,
core_v2_generalization_local_eager_lazy_001,C,eager_vs_lazy,ollama__qwen2_5-coder__32b,repeated_values_vector,eager,5,renamed,True,False,eager,eager,True,False,missing_required_getters,
core_v2_generalization_local_eager_lazy_001,C,eager_vs_lazy,ollama__qwen2_5-coder__32b,repeated_values_vector,lazy,1,renamed,True,False,lazy,lazy,True,False,missing_required_getters,
core_v2_generalization_local_eager_lazy_001,C,eager_vs_lazy,ollama__qwen2_5-coder__32b,repeated_values_vector,lazy,2,renamed,True,False,lazy,lazy,True,False,missing_required_getters,
core_v2_generalization_local_eager_lazy_001,C,eager_vs_lazy,ollama__qwen2_5-coder__32b,repeated_values_vector,lazy,3,renamed,True,False,lazy,lazy,True,False,missing_required_getters,
core_v2_generalization_local_eager_lazy_001,C,eager_vs_lazy,ollama__qwen2_5-coder__32b,repeated_values_vector,lazy,4,renamed,True,False,lazy,lazy,True,False,missing_required_getters,
core_v2_generalization_local_eager_lazy_001,C,eager_vs_lazy,ollama__qwen2_5-coder__32b,repeated_values_vector,lazy,5,renamed,True,False,lazy,lazy,True,False,missing_required_getters,
core_v2_generalization_local_eager_lazy_001,C,eager_vs_lazy,ollama__qwen2_5-coder__32b,small_positive_vector,eager,1,renamed,True,False,eager,eager,True,False,missing_required_getters,
core_v2_generalization_local_eager_lazy_001,C,eager_vs_lazy,ollama__qwen2_5-coder__32b,small_positive_vector,eager,2,renamed,True,False,eager,eager,True,False,missing_required_getters,
core_v2_generalization_local_eager_lazy_001,C,eager_vs_lazy,ollama__qwen2_5-coder__32b,small_positive_vector,eager,3,renamed,True,False,eager,eager,True,False,missing_required_getters,
core_v2_generalization_local_eager_lazy_001,C,eager_vs_lazy,ollama__qwen2_5-coder__32b,small_positive_vector,eager,4,renamed,True,False,eager,eager,True,False,missing_required_getters,
core_v2_generalization_local_eager_lazy_001,C,eager_vs_lazy,ollama__qwen2_5-coder__32b,small_positive_vector,eager,5,renamed,True,False,eager,eager,True,False,missing_required_getters,
core_v2_generalization_local_eager_lazy_001,C,eager_vs_lazy,ollama__qwen2_5-coder__32b,small_positive_vector,lazy,1,renamed,True,False,lazy,lazy,True,False,missing_required_getters,
core_v2_generalization_local_eager_lazy_001,C,eager_vs_lazy,ollama__qwen2_5-coder__32b,small_positive_vector,lazy,2,renamed,True,False,lazy,lazy,True,False,missing_required_getters,
core_v2_generalization_local_eager_lazy_001,C,eager_vs_lazy,ollama__qwen2_5-coder__32b,small_positive_vector,lazy,3,renamed,True,False,lazy,lazy,True,False,missing_required_getters,
core_v2_generalization_local_eager_lazy_001,C,eager_vs_lazy,ollama__qwen2_5-coder__32b,small_positive_vector,lazy,4,renamed,True,False,lazy,lazy,True,False,missing_required_getters,
core_v2_generalization_local_eager_lazy_001,C,eager_vs_lazy,ollama__qwen2_5-coder__32b,small_positive_vector,lazy,5,renamed,True,False,lazy,lazy,True,False,missing_required_getters,
core_v2_generalization_local_eager_lazy_001,C,eager_vs_lazy,ollama__qwen3-coder__30b,mixed_signed_vector,eager,1,renamed,True,False,eager,eager,True,False,missing_required_getters,
core_v2_generalization_local_eager_lazy_001,C,eager_vs_lazy,ollama__qwen3-coder__30b,mixed_signed_vector,eager,2,renamed,True,False,eager,eager,True,False,missing_required_getters,
core_v2_generalization_local_eager_lazy_001,C,eager_vs_lazy,ollama__qwen3-coder__30b,mixed_signed_vector,eager,3,renamed,True,False,eager,eager,True,False,missing_required_getters,
core_v2_generalization_local_eager_lazy_001,C,eager_vs_lazy,ollama__qwen3-coder__30b,mixed_signed_vector,eager,4,renamed,True,False,eager,eager,True,False,missing_required_getters,
core_v2_generalization_local_eager_lazy_001,C,eager_vs_lazy,ollama__qwen3-coder__30b,mixed_signed_vector,eager,5,renamed,True,False,eager,eager,True,False,missing_required_getters,
core_v2_generalization_local_eager_lazy_001,C,eager_vs_lazy,ollama__qwen3-coder__30b,mixed_signed_vector,lazy,1,renamed,True,False,ambiguous,lazy,False,True,missing_required_getters,
core_v2_generalization_local_eager_lazy_001,C,eager_vs_lazy,ollama__qwen3-coder__30b,mixed_signed_vector,lazy,2,renamed,True,False,ambiguous,lazy,False,True,missing_required_getters,
core_v2_generalization_local_eager_lazy_001,C,eager_vs_lazy,ollama__qwen3-coder__30b,mixed_signed_vector,lazy,3,renamed,True,False,ambiguous,lazy,False,True,missing_required_getters,
core_v2_generalization_local_eager_lazy_001,C,eager_vs_lazy,ollama__qwen3-coder__30b,mixed_signed_vector,lazy,4,renamed,True,False,ambiguous,lazy,False,True,missing_required_getters,
core_v2_generalization_local_eager_lazy_001,C,eager_vs_lazy,ollama__qwen3-coder__30b,mixed_signed_vector,lazy,5,renamed,True,False,ambiguous,lazy,False,True,missing_required_getters,
core_v2_generalization_local_eager_lazy_001,C,eager_vs_lazy,ollama__qwen3-coder__30b,repeated_values_vector,eager,1,renamed,True,False,eager,eager,True,False,missing_required_getters,
core_v2_generalization_local_eager_lazy_001,C,eager_vs_lazy,ollama__qwen3-coder__30b,repeated_values_vector,eager,2,renamed,True,False,eager,eager,True,False,missing_required_getters,
core_v2_generalization_local_eager_lazy_001,C,eager_vs_lazy,ollama__qwen3-coder__30b,repeated_values_vector,eager,3,renamed,True,False,eager,eager,True,False,missing_required_getters,
core_v2_generalization_local_eager_lazy_001,C,eager_vs_lazy,ollama__qwen3-coder__30b,repeated_values_vector,eager,4,renamed,True,False,eager,eager,True,False,missing_required_getters,
core_v2_generalization_local_eager_lazy_001,C,eager_vs_lazy,ollama__qwen3-coder__30b,repeated_values_vector,eager,5,renamed,True,False,eager,eager,True,False,missing_required_getters,
core_v2_generalization_local_eager_lazy_001,C,eager_vs_lazy,ollama__qwen3-coder__30b,repeated_values_vector,lazy,1,renamed,True,False,ambiguous,lazy,False,True,missing_required_getters,
core_v2_generalization_local_eager_lazy_001,C,eager_vs_lazy,ollama__qwen3-coder__30b,repeated_values_vector,lazy,2,renamed,True,False,ambiguous,lazy,False,True,missing_required_getters,
core_v2_generalization_local_eager_lazy_001,C,eager_vs_lazy,ollama__qwen3-coder__30b,repeated_values_vector,lazy,3,renamed,True,False,ambiguous,lazy,False,True,missing_required_getters,
core_v2_generalization_local_eager_lazy_001,C,eager_vs_lazy,ollama__qwen3-coder__30b,repeated_values_vector,lazy,4,renamed,True,False,ambiguous,lazy,False,True,missing_required_getters,
core_v2_generalization_local_eager_lazy_001,C,eager_vs_lazy,ollama__qwen3-coder__30b,repeated_values_vector,lazy,5,renamed,True,False,ambiguous,lazy,False,True,missing_required_getters,
core_v2_generalization_local_eager_lazy_001,C,eager_vs_lazy,ollama__qwen3-coder__30b,small_positive_vector,eager,1,renamed,True,False,eager,eager,True,False,missing_required_getters,
core_v2_generalization_local_eager_lazy_001,C,eager_vs_lazy,ollama__qwen3-coder__30b,small_positive_vector,eager,2,renamed,True,False,eager,eager,True,False,missing_required_getters,
core_v2_generalization_local_eager_lazy_001,C,eager_vs_lazy,ollama__qwen3-coder__30b,small_positive_vector,eager,3,renamed,True,False,eager,eager,True,False,missing_required_getters,
core_v2_generalization_local_eager_lazy_001,C,eager_vs_lazy,ollama__qwen3-coder__30b,small_positive_vector,eager,4,renamed,True,False,eager,eager,True,False,missing_required_getters,
core_v2_generalization_local_eager_lazy_001,C,eager_vs_lazy,ollama__qwen3-coder__30b,small_positive_vector,eager,5,renamed,True,False,eager,eager,True,False,missing_required_getters,
core_v2_generalization_local_eager_lazy_001,C,eager_vs_lazy,ollama__qwen3-coder__30b,small_positive_vector,lazy,1,renamed,True,False,ambiguous,lazy,False,True,missing_required_getters,
core_v2_generalization_local_eager_lazy_001,C,eager_vs_lazy,ollama__qwen3-coder__30b,small_positive_vector,lazy,2,renamed,True,False,ambiguous,lazy,False,True,missing_required_getters,
core_v2_generalization_local_eager_lazy_001,C,eager_vs_lazy,ollama__qwen3-coder__30b,small_positive_vector,lazy,3,renamed,True,False,ambiguous,lazy,False,True,missing_required_getters,
core_v2_generalization_local_eager_lazy_001,C,eager_vs_lazy,ollama__qwen3-coder__30b,small_positive_vector,lazy,4,renamed,True,False,ambiguous,lazy,False,True,missing_required_getters,
core_v2_generalization_local_eager_lazy_001,C,eager_vs_lazy,ollama__qwen3-coder__30b,small_positive_vector,lazy,5,renamed,True,False,ambiguous,lazy,False,True,missing_required_getters,
core_v2_generalization_local_eager_lazy_001,C,eager_vs_lazy,ollama__devstral__latest,mixed_signed_vector,eager,1,no_imports,True,False,eager,eager,True,False,missing_required_getters,
core_v2_generalization_local_eager_lazy_001,C,eager_vs_lazy,ollama__devstral__latest,mixed_signed_vector,eager,2,no_imports,True,False,eager,eager,True,False,missing_required_getters,
core_v2_generalization_local_eager_lazy_001,C,eager_vs_lazy,ollama__devstral__latest,mixed_signed_vector,eager,3,no_imports,True,False,eager,eager,True,False,missing_required_getters,
core_v2_generalization_local_eager_lazy_001,C,eager_vs_lazy,ollama__devstral__latest,mixed_signed_vector,eager,4,no_imports,True,False,eager,eager,True,False,missing_required_getters,
core_v2_generalization_local_eager_lazy_001,C,eager_vs_lazy,ollama__devstral__latest,mixed_signed_vector,eager,5,no_imports,True,False,eager,eager,True,False,missing_required_getters,
core_v2_generalization_local_eager_lazy_001,C,eager_vs_lazy,ollama__devstral__latest,mixed_signed_vector,lazy,1,no_imports,True,False,lazy,lazy,True,False,missing_required_getters,
core_v2_generalization_local_eager_lazy_001,C,eager_vs_lazy,ollama__devstral__latest,mixed_signed_vector,lazy,2,no_imports,True,False,lazy,lazy,True,False,missing_required_getters,
core_v2_generalization_local_eager_lazy_001,C,eager_vs_lazy,ollama__devstral__latest,mixed_signed_vector,lazy,3,no_imports,True,False,lazy,lazy,True,False,missing_required_getters,
core_v2_generalization_local_eager_lazy_001,C,eager_vs_lazy,ollama__devstral__latest,mixed_signed_vector,lazy,4,no_imports,True,False,lazy,lazy,True,False,missing_required_getters,
core_v2_generalization_local_eager_lazy_001,C,eager_vs_lazy,ollama__devstral__latest,mixed_signed_vector,lazy,5,no_imports,True,False,lazy,lazy,True,False,missing_required_getters,
core_v2_generalization_local_eager_lazy_001,C,eager_vs_lazy,ollama__devstral__latest,repeated_values_vector,eager,1,no_imports,True,False,eager,eager,True,False,missing_required_getters,
core_v2_generalization_local_eager_lazy_001,C,eager_vs_lazy,ollama__devstral__latest,repeated_values_vector,eager,2,no_imports,True,False,eager,eager,True,False,missing_required_getters,
core_v2_generalization_local_eager_lazy_001,C,eager_vs_lazy,ollama__devstral__latest,repeated_values_vector,eager,3,no_imports,True,False,eager,eager,True,False,missing_required_getters,
core_v2_generalization_local_eager_lazy_001,C,eager_vs_lazy,ollama__devstral__latest,repeated_values_vector,eager,4,no_imports,True,False,eager,eager,True,False,missing_required_getters,
core_v2_generalization_local_eager_lazy_001,C,eager_vs_lazy,ollama__devstral__latest,repeated_values_vector,eager,5,no_imports,True,False,eager,eager,True,False,missing_required_getters,
core_v2_generalization_local_eager_lazy_001,C,eager_vs_lazy,ollama__devstral__latest,repeated_values_vector,lazy,1,no_imports,True,False,lazy,lazy,True,False,missing_required_getters,
core_v2_generalization_local_eager_lazy_001,C,eager_vs_lazy,ollama__devstral__latest,repeated_values_vector,lazy,2,no_imports,True,False,lazy,lazy,True,False,missing_required_getters,
core_v2_generalization_local_eager_lazy_001,C,eager_vs_lazy,ollama__devstral__latest,repeated_values_vector,lazy,3,no_imports,True,False,lazy,lazy,True,False,missing_required_getters,
core_v2_generalization_local_eager_lazy_001,C,eager_vs_lazy,ollama__devstral__latest,repeated_values_vector,lazy,4,no_imports,True,False,lazy,lazy,True,False,missing_required_getters,
core_v2_generalization_local_eager_lazy_001,C,eager_vs_lazy,ollama__devstral__latest,repeated_values_vector,lazy,5,no_imports,True,False,lazy,lazy,True,False,missing_required_getters,
core_v2_generalization_local_eager_lazy_001,C,eager_vs_lazy,ollama__devstral__latest,small_positive_vector,eager,1,no_imports,True,False,eager,eager,True,False,missing_required_getters,
core_v2_generalization_local_eager_lazy_001,C,eager_vs_lazy,ollama__devstral__latest,small_positive_vector,eager,2,no_imports,True,False,eager,eager,True,False,missing_required_getters,
core_v2_generalization_local_eager_lazy_001,C,eager_vs_lazy,ollama__devstral__latest,small_positive_vector,eager,3,no_imports,True,False,eager,eager,True,False,missing_required_getters,
core_v2_generalization_local_eager_lazy_001,C,eager_vs_lazy,ollama__devstral__latest,small_positive_vector,eager,4,no_imports,True,False,eager,eager,True,False,missing_required_getters,
core_v2_generalization_local_eager_lazy_001,C,eager_vs_lazy,ollama__devstral__latest,small_positive_vector,eager,5,no_imports,True,False,eager,eager,True,False,missing_required_getters,
core_v2_generalization_local_eager_lazy_001,C,eager_vs_lazy,ollama__devstral__latest,small_positive_vector,lazy,1,no_imports,True,False,lazy,lazy,True,False,missing_required_getters,
core_v2_generalization_local_eager_lazy_001,C,eager_vs_lazy,ollama__devstral__latest,small_positive_vector,lazy,2,no_imports,True,False,lazy,lazy,True,False,missing_required_getters,
core_v2_generalization_local_eager_lazy_001,C,eager_vs_lazy,ollama__devstral__latest,small_positive_vector,lazy,3,no_imports,True,False,lazy,lazy,True,False,missing_required_getters,
core_v2_generalization_local_eager_lazy_001,C,eager_vs_lazy,ollama__devstral__latest,small_positive_vector,lazy,4,no_imports,True,False,lazy,lazy,True,False,missing_required_getters,
core_v2_generalization_local_eager_lazy_001,C,eager_vs_lazy,ollama__devstral__latest,small_positive_vector,lazy,5,no_imports,True,False,lazy,lazy,True,False,missing_required_getters,
core_v2_generalization_local_eager_lazy_001,C,eager_vs_lazy,ollama__qwen2_5-coder__14b,mixed_signed_vector,eager,1,no_imports,True,False,eager,eager,True,False,missing_required_getters,
core_v2_generalization_local_eager_lazy_001,C,eager_vs_lazy,ollama__qwen2_5-coder__14b,mixed_signed_vector,eager,2,no_imports,True,False,eager,eager,True,False,missing_required_getters,
core_v2_generalization_local_eager_lazy_001,C,eager_vs_lazy,ollama__qwen2_5-coder__14b,mixed_signed_vector,eager,3,no_imports,True,False,eager,eager,True,False,missing_required_getters,
core_v2_generalization_local_eager_lazy_001,C,eager_vs_lazy,ollama__qwen2_5-coder__14b,mixed_signed_vector,eager,4,no_imports,True,False,eager,eager,True,False,missing_required_getters,
core_v2_generalization_local_eager_lazy_001,C,eager_vs_lazy,ollama__qwen2_5-coder__14b,mixed_signed_vector,eager,5,no_imports,True,False,eager,eager,True,False,missing_required_getters,
core_v2_generalization_local_eager_lazy_001,C,eager_vs_lazy,ollama__qwen2_5-coder__14b,mixed_signed_vector,lazy,1,no_imports,True,False,lazy,lazy,True,False,missing_required_getters,
core_v2_generalization_local_eager_lazy_001,C,eager_vs_lazy,ollama__qwen2_5-coder__14b,mixed_signed_vector,lazy,2,no_imports,True,False,lazy,lazy,True,False,missing_required_getters,
core_v2_generalization_local_eager_lazy_001,C,eager_vs_lazy,ollama__qwen2_5-coder__14b,mixed_signed_vector,lazy,3,no_imports,True,False,lazy,lazy,True,False,missing_required_getters,
core_v2_generalization_local_eager_lazy_001,C,eager_vs_lazy,ollama__qwen2_5-coder__14b,mixed_signed_vector,lazy,4,no_imports,True,False,lazy,lazy,True,False,missing_required_getters,
core_v2_generalization_local_eager_lazy_001,C,eager_vs_lazy,ollama__qwen2_5-coder__14b,mixed_signed_vector,lazy,5,no_imports,True,False,lazy,lazy,True,False,missing_required_getters,
core_v2_generalization_local_eager_lazy_001,C,eager_vs_lazy,ollama__qwen2_5-coder__14b,repeated_values_vector,eager,1,no_imports,True,False,eager,eager,True,False,missing_required_getters,
core_v2_generalization_local_eager_lazy_001,C,eager_vs_lazy,ollama__qwen2_5-coder__14b,repeated_values_vector,eager,2,no_imports,True,False,eager,eager,True,False,missing_required_getters,
core_v2_generalization_local_eager_lazy_001,C,eager_vs_lazy,ollama__qwen2_5-coder__14b,repeated_values_vector,eager,3,no_imports,True,False,eager,eager,True,False,missing_required_getters,
core_v2_generalization_local_eager_lazy_001,C,eager_vs_lazy,ollama__qwen2_5-coder__14b,repeated_values_vector,eager,4,no_imports,True,False,eager,eager,True,False,missing_required_getters,
core_v2_generalization_local_eager_lazy_001,C,eager_vs_lazy,ollama__qwen2_5-coder__14b,repeated_values_vector,eager,5,no_imports,True,False,eager,eager,True,False,missing_required_getters,
core_v2_generalization_local_eager_lazy_001,C,eager_vs_lazy,ollama__qwen2_5-coder__14b,repeated_values_vector,lazy,1,no_imports,True,False,lazy,lazy,True,False,missing_required_getters,
core_v2_generalization_local_eager_lazy_001,C,eager_vs_lazy,ollama__qwen2_5-coder__14b,repeated_values_vector,lazy,2,no_imports,True,False,lazy,lazy,True,False,missing_required_getters,
core_v2_generalization_local_eager_lazy_001,C,eager_vs_lazy,ollama__qwen2_5-coder__14b,repeated_values_vector,lazy,3,no_imports,True,False,lazy,lazy,True,False,missing_required_getters,
core_v2_generalization_local_eager_lazy_001,C,eager_vs_lazy,ollama__qwen2_5-coder__14b,repeated_values_vector,lazy,4,no_imports,True,False,lazy,lazy,True,False,missing_required_getters,
core_v2_generalization_local_eager_lazy_001,C,eager_vs_lazy,ollama__qwen2_5-coder__14b,repeated_values_vector,lazy,5,no_imports,True,False,lazy,lazy,True,False,missing_required_getters,
core_v2_generalization_local_eager_lazy_001,C,eager_vs_lazy,ollama__qwen2_5-coder__14b,small_positive_vector,eager,1,no_imports,True,False,eager,eager,True,False,missing_required_getters,
core_v2_generalization_local_eager_lazy_001,C,eager_vs_lazy,ollama__qwen2_5-coder__14b,small_positive_vector,eager,2,no_imports,True,False,eager,eager,True,False,missing_required_getters,
core_v2_generalization_local_eager_lazy_001,C,eager_vs_lazy,ollama__qwen2_5-coder__14b,small_positive_vector,eager,3,no_imports,True,False,eager,eager,True,False,missing_required_getters,
core_v2_generalization_local_eager_lazy_001,C,eager_vs_lazy,ollama__qwen2_5-coder__14b,small_positive_vector,eager,4,no_imports,True,False,eager,eager,True,False,missing_required_getters,
core_v2_generalization_local_eager_lazy_001,C,eager_vs_lazy,ollama__qwen2_5-coder__14b,small_positive_vector,eager,5,no_imports,True,False,eager,eager,True,False,missing_required_getters,
core_v2_generalization_local_eager_lazy_001,C,eager_vs_lazy,ollama__qwen2_5-coder__14b,small_positive_vector,lazy,1,no_imports,True,False,lazy,lazy,True,False,missing_required_getters,
core_v2_generalization_local_eager_lazy_001,C,eager_vs_lazy,ollama__qwen2_5-coder__14b,small_positive_vector,lazy,2,no_imports,True,False,lazy,lazy,True,False,missing_required_getters,
core_v2_generalization_local_eager_lazy_001,C,eager_vs_lazy,ollama__qwen2_5-coder__14b,small_positive_vector,lazy,3,no_imports,True,False,lazy,lazy,True,False,missing_required_getters,
core_v2_generalization_local_eager_lazy_001,C,eager_vs_lazy,ollama__qwen2_5-coder__14b,small_positive_vector,lazy,4,no_imports,True,False,lazy,lazy,True,False,missing_required_getters,
core_v2_generalization_local_eager_lazy_001,C,eager_vs_lazy,ollama__qwen2_5-coder__14b,small_positive_vector,lazy,5,no_imports,True,False,lazy,lazy,True,False,missing_required_getters,
core_v2_generalization_local_eager_lazy_001,C,eager_vs_lazy,ollama__qwen2_5-coder__32b,mixed_signed_vector,eager,1,no_imports,True,False,eager,eager,True,False,missing_required_getters,
core_v2_generalization_local_eager_lazy_001,C,eager_vs_lazy,ollama__qwen2_5-coder__32b,mixed_signed_vector,eager,2,no_imports,True,False,eager,eager,True,False,missing_required_getters,
core_v2_generalization_local_eager_lazy_001,C,eager_vs_lazy,ollama__qwen2_5-coder__32b,mixed_signed_vector,eager,3,no_imports,True,False,eager,eager,True,False,missing_required_getters,
core_v2_generalization_local_eager_lazy_001,C,eager_vs_lazy,ollama__qwen2_5-coder__32b,mixed_signed_vector,eager,4,no_imports,True,False,eager,eager,True,False,missing_required_getters,
core_v2_generalization_local_eager_lazy_001,C,eager_vs_lazy,ollama__qwen2_5-coder__32b,mixed_signed_vector,eager,5,no_imports,True,False,eager,eager,True,False,missing_required_getters,
core_v2_generalization_local_eager_lazy_001,C,eager_vs_lazy,ollama__qwen2_5-coder__32b,mixed_signed_vector,lazy,1,no_imports,True,False,lazy,lazy,True,False,missing_required_getters,
core_v2_generalization_local_eager_lazy_001,C,eager_vs_lazy,ollama__qwen2_5-coder__32b,mixed_signed_vector,lazy,2,no_imports,True,False,lazy,lazy,True,False,missing_required_getters,
core_v2_generalization_local_eager_lazy_001,C,eager_vs_lazy,ollama__qwen2_5-coder__32b,mixed_signed_vector,lazy,3,no_imports,True,False,lazy,lazy,True,False,missing_required_getters,
core_v2_generalization_local_eager_lazy_001,C,eager_vs_lazy,ollama__qwen2_5-coder__32b,mixed_signed_vector,lazy,4,no_imports,True,False,lazy,lazy,True,False,missing_required_getters,
core_v2_generalization_local_eager_lazy_001,C,eager_vs_lazy,ollama__qwen2_5-coder__32b,mixed_signed_vector,lazy,5,no_imports,True,False,lazy,lazy,True,False,missing_required_getters,
core_v2_generalization_local_eager_lazy_001,C,eager_vs_lazy,ollama__qwen2_5-coder__32b,repeated_values_vector,eager,1,no_imports,True,False,eager,eager,True,False,missing_required_getters,
core_v2_generalization_local_eager_lazy_001,C,eager_vs_lazy,ollama__qwen2_5-coder__32b,repeated_values_vector,eager,2,no_imports,True,False,eager,eager,True,False,missing_required_getters,
core_v2_generalization_local_eager_lazy_001,C,eager_vs_lazy,ollama__qwen2_5-coder__32b,repeated_values_vector,eager,3,no_imports,True,False,eager,eager,True,False,missing_required_getters,
core_v2_generalization_local_eager_lazy_001,C,eager_vs_lazy,ollama__qwen2_5-coder__32b,repeated_values_vector,eager,4,no_imports,True,False,eager,eager,True,False,missing_required_getters,
core_v2_generalization_local_eager_lazy_001,C,eager_vs_lazy,ollama__qwen2_5-coder__32b,repeated_values_vector,eager,5,no_imports,True,False,eager,eager,True,False,missing_required_getters,
core_v2_generalization_local_eager_lazy_001,C,eager_vs_lazy,ollama__qwen2_5-coder__32b,repeated_values_vector,lazy,1,no_imports,True,False,lazy,lazy,True,False,missing_required_getters,
core_v2_generalization_local_eager_lazy_001,C,eager_vs_lazy,ollama__qwen2_5-coder__32b,repeated_values_vector,lazy,2,no_imports,True,False,lazy,lazy,True,False,missing_required_getters,
core_v2_generalization_local_eager_lazy_001,C,eager_vs_lazy,ollama__qwen2_5-coder__32b,repeated_values_vector,lazy,3,no_imports,True,False,lazy,lazy,True,False,missing_required_getters,
core_v2_generalization_local_eager_lazy_001,C,eager_vs_lazy,ollama__qwen2_5-coder__32b,repeated_values_vector,lazy,4,no_imports,True,False,lazy,lazy,True,False,missing_required_getters,
core_v2_generalization_local_eager_lazy_001,C,eager_vs_lazy,ollama__qwen2_5-coder__32b,repeated_values_vector,lazy,5,no_imports,True,False,lazy,lazy,True,False,missing_required_getters,
core_v2_generalization_local_eager_lazy_001,C,eager_vs_lazy,ollama__qwen2_5-coder__32b,small_positive_vector,eager,1,no_imports,True,False,eager,eager,True,False,missing_required_getters,
core_v2_generalization_local_eager_lazy_001,C,eager_vs_lazy,ollama__qwen2_5-coder__32b,small_positive_vector,eager,2,no_imports,True,False,eager,eager,True,False,missing_required_getters,
core_v2_generalization_local_eager_lazy_001,C,eager_vs_lazy,ollama__qwen2_5-coder__32b,small_positive_vector,eager,3,no_imports,True,False,eager,eager,True,False,missing_required_getters,
core_v2_generalization_local_eager_lazy_001,C,eager_vs_lazy,ollama__qwen2_5-coder__32b,small_positive_vector,eager,4,no_imports,True,False,eager,eager,True,False,missing_required_getters,
core_v2_generalization_local_eager_lazy_001,C,eager_vs_lazy,ollama__qwen2_5-coder__32b,small_positive_vector,eager,5,no_imports,True,False,eager,eager,True,False,missing_required_getters,
core_v2_generalization_local_eager_lazy_001,C,eager_vs_lazy,ollama__qwen2_5-coder__32b,small_positive_vector,lazy,1,no_imports,True,False,lazy,lazy,True,False,missing_required_getters,
core_v2_generalization_local_eager_lazy_001,C,eager_vs_lazy,ollama__qwen2_5-coder__32b,small_positive_vector,lazy,2,no_imports,True,False,lazy,lazy,True,False,missing_required_getters,
core_v2_generalization_local_eager_lazy_001,C,eager_vs_lazy,ollama__qwen2_5-coder__32b,small_positive_vector,lazy,3,no_imports,True,False,lazy,lazy,True,False,missing_required_getters,
core_v2_generalization_local_eager_lazy_001,C,eager_vs_lazy,ollama__qwen2_5-coder__32b,small_positive_vector,lazy,4,no_imports,True,False,lazy,lazy,True,False,missing_required_getters,
core_v2_generalization_local_eager_lazy_001,C,eager_vs_lazy,ollama__qwen2_5-coder__32b,small_positive_vector,lazy,5,no_imports,True,False,lazy,lazy,True,False,missing_required_getters,
core_v2_generalization_local_eager_lazy_001,C,eager_vs_lazy,ollama__qwen3-coder__30b,mixed_signed_vector,eager,1,no_imports,True,False,eager,eager,True,False,missing_required_getters,
core_v2_generalization_local_eager_lazy_001,C,eager_vs_lazy,ollama__qwen3-coder__30b,mixed_signed_vector,eager,2,no_imports,True,False,eager,eager,True,False,missing_required_getters,
core_v2_generalization_local_eager_lazy_001,C,eager_vs_lazy,ollama__qwen3-coder__30b,mixed_signed_vector,eager,3,no_imports,True,False,eager,eager,True,False,missing_required_getters,
core_v2_generalization_local_eager_lazy_001,C,eager_vs_lazy,ollama__qwen3-coder__30b,mixed_signed_vector,eager,4,no_imports,True,False,eager,eager,True,False,missing_required_getters,
core_v2_generalization_local_eager_lazy_001,C,eager_vs_lazy,ollama__qwen3-coder__30b,mixed_signed_vector,eager,5,no_imports,True,False,eager,eager,True,False,missing_required_getters,
core_v2_generalization_local_eager_lazy_001,C,eager_vs_lazy,ollama__qwen3-coder__30b,mixed_signed_vector,lazy,1,no_imports,True,False,ambiguous,lazy,False,True,missing_required_getters,
core_v2_generalization_local_eager_lazy_001,C,eager_vs_lazy,ollama__qwen3-coder__30b,mixed_signed_vector,lazy,2,no_imports,True,False,ambiguous,lazy,False,True,missing_required_getters,
core_v2_generalization_local_eager_lazy_001,C,eager_vs_lazy,ollama__qwen3-coder__30b,mixed_signed_vector,lazy,3,no_imports,True,False,ambiguous,lazy,False,True,missing_required_getters,
core_v2_generalization_local_eager_lazy_001,C,eager_vs_lazy,ollama__qwen3-coder__30b,mixed_signed_vector,lazy,4,no_imports,True,False,ambiguous,lazy,False,True,missing_required_getters,
core_v2_generalization_local_eager_lazy_001,C,eager_vs_lazy,ollama__qwen3-coder__30b,mixed_signed_vector,lazy,5,no_imports,True,False,ambiguous,lazy,False,True,missing_required_getters,
core_v2_generalization_local_eager_lazy_001,C,eager_vs_lazy,ollama__qwen3-coder__30b,repeated_values_vector,eager,1,no_imports,True,False,eager,eager,True,False,missing_required_getters,
core_v2_generalization_local_eager_lazy_001,C,eager_vs_lazy,ollama__qwen3-coder__30b,repeated_values_vector,eager,2,no_imports,True,False,eager,eager,True,False,missing_required_getters,
core_v2_generalization_local_eager_lazy_001,C,eager_vs_lazy,ollama__qwen3-coder__30b,repeated_values_vector,eager,3,no_imports,True,False,eager,eager,True,False,missing_required_getters,
core_v2_generalization_local_eager_lazy_001,C,eager_vs_lazy,ollama__qwen3-coder__30b,repeated_values_vector,eager,4,no_imports,True,False,eager,eager,True,False,missing_required_getters,
core_v2_generalization_local_eager_lazy_001,C,eager_vs_lazy,ollama__qwen3-coder__30b,repeated_values_vector,eager,5,no_imports,True,False,eager,eager,True,False,missing_required_getters,
core_v2_generalization_local_eager_lazy_001,C,eager_vs_lazy,ollama__qwen3-coder__30b,repeated_values_vector,lazy,1,no_imports,True,False,ambiguous,lazy,False,True,missing_required_getters,
core_v2_generalization_local_eager_lazy_001,C,eager_vs_lazy,ollama__qwen3-coder__30b,repeated_values_vector,lazy,2,no_imports,True,False,ambiguous,lazy,False,True,missing_required_getters,
core_v2_generalization_local_eager_lazy_001,C,eager_vs_lazy,ollama__qwen3-coder__30b,repeated_values_vector,lazy,3,no_imports,True,False,ambiguous,lazy,False,True,missing_required_getters,
core_v2_generalization_local_eager_lazy_001,C,eager_vs_lazy,ollama__qwen3-coder__30b,repeated_values_vector,lazy,4,no_imports,True,False,ambiguous,lazy,False,True,missing_required_getters,
core_v2_generalization_local_eager_lazy_001,C,eager_vs_lazy,ollama__qwen3-coder__30b,repeated_values_vector,lazy,5,no_imports,True,False,ambiguous,lazy,False,True,missing_required_getters,
core_v2_generalization_local_eager_lazy_001,C,eager_vs_lazy,ollama__qwen3-coder__30b,small_positive_vector,eager,1,no_imports,True,False,eager,eager,True,False,missing_required_getters,
core_v2_generalization_local_eager_lazy_001,C,eager_vs_lazy,ollama__qwen3-coder__30b,small_positive_vector,eager,2,no_imports,True,False,eager,eager,True,False,missing_required_getters,
core_v2_generalization_local_eager_lazy_001,C,eager_vs_lazy,ollama__qwen3-coder__30b,small_positive_vector,eager,3,no_imports,True,False,eager,eager,True,False,missing_required_getters,
core_v2_generalization_local_eager_lazy_001,C,eager_vs_lazy,ollama__qwen3-coder__30b,small_positive_vector,eager,4,no_imports,True,False,eager,eager,True,False,missing_required_getters,
core_v2_generalization_local_eager_lazy_001,C,eager_vs_lazy,ollama__qwen3-coder__30b,small_positive_vector,eager,5,no_imports,True,False,eager,eager,True,False,missing_required_getters,
core_v2_generalization_local_eager_lazy_001,C,eager_vs_lazy,ollama__qwen3-coder__30b,small_positive_vector,lazy,1,no_imports,True,False,ambiguous,lazy,False,True,missing_required_getters,
core_v2_generalization_local_eager_lazy_001,C,eager_vs_lazy,ollama__qwen3-coder__30b,small_positive_vector,lazy,2,no_imports,True,False,ambiguous,lazy,False,True,missing_required_getters,
core_v2_generalization_local_eager_lazy_001,C,eager_vs_lazy,ollama__qwen3-coder__30b,small_positive_vector,lazy,3,no_imports,True,False,ambiguous,lazy,False,True,missing_required_getters,
core_v2_generalization_local_eager_lazy_001,C,eager_vs_lazy,ollama__qwen3-coder__30b,small_positive_vector,lazy,4,no_imports,True,False,ambiguous,lazy,False,True,missing_required_getters,
core_v2_generalization_local_eager_lazy_001,C,eager_vs_lazy,ollama__qwen3-coder__30b,small_positive_vector,lazy,5,no_imports,True,False,ambiguous,lazy,False,True,missing_required_getters,
core_v2_generalization_local_eager_lazy_001,C,eager_vs_lazy,ollama__devstral__latest,mixed_signed_vector,eager,1,format_normalized,True,False,eager,eager,True,False,missing_required_getters,
core_v2_generalization_local_eager_lazy_001,C,eager_vs_lazy,ollama__devstral__latest,mixed_signed_vector,eager,2,format_normalized,True,False,eager,eager,True,False,missing_required_getters,
core_v2_generalization_local_eager_lazy_001,C,eager_vs_lazy,ollama__devstral__latest,mixed_signed_vector,eager,3,format_normalized,True,False,eager,eager,True,False,missing_required_getters,
core_v2_generalization_local_eager_lazy_001,C,eager_vs_lazy,ollama__devstral__latest,mixed_signed_vector,eager,4,format_normalized,True,False,eager,eager,True,False,missing_required_getters,
core_v2_generalization_local_eager_lazy_001,C,eager_vs_lazy,ollama__devstral__latest,mixed_signed_vector,eager,5,format_normalized,True,False,eager,eager,True,False,missing_required_getters,
core_v2_generalization_local_eager_lazy_001,C,eager_vs_lazy,ollama__devstral__latest,mixed_signed_vector,lazy,1,format_normalized,True,False,lazy,lazy,True,False,missing_required_getters,
core_v2_generalization_local_eager_lazy_001,C,eager_vs_lazy,ollama__devstral__latest,mixed_signed_vector,lazy,2,format_normalized,True,False,lazy,lazy,True,False,missing_required_getters,
core_v2_generalization_local_eager_lazy_001,C,eager_vs_lazy,ollama__devstral__latest,mixed_signed_vector,lazy,3,format_normalized,True,False,lazy,lazy,True,False,missing_required_getters,
core_v2_generalization_local_eager_lazy_001,C,eager_vs_lazy,ollama__devstral__latest,mixed_signed_vector,lazy,4,format_normalized,True,False,lazy,lazy,True,False,missing_required_getters,
core_v2_generalization_local_eager_lazy_001,C,eager_vs_lazy,ollama__devstral__latest,mixed_signed_vector,lazy,5,format_normalized,True,False,lazy,lazy,True,False,missing_required_getters,
core_v2_generalization_local_eager_lazy_001,C,eager_vs_lazy,ollama__devstral__latest,repeated_values_vector,eager,1,format_normalized,True,False,eager,eager,True,False,missing_required_getters,
core_v2_generalization_local_eager_lazy_001,C,eager_vs_lazy,ollama__devstral__latest,repeated_values_vector,eager,2,format_normalized,True,False,eager,eager,True,False,missing_required_getters,
core_v2_generalization_local_eager_lazy_001,C,eager_vs_lazy,ollama__devstral__latest,repeated_values_vector,eager,3,format_normalized,True,False,eager,eager,True,False,missing_required_getters,
core_v2_generalization_local_eager_lazy_001,C,eager_vs_lazy,ollama__devstral__latest,repeated_values_vector,eager,4,format_normalized,True,False,eager,eager,True,False,missing_required_getters,
core_v2_generalization_local_eager_lazy_001,C,eager_vs_lazy,ollama__devstral__latest,repeated_values_vector,eager,5,format_normalized,True,False,eager,eager,True,False,missing_required_getters,
core_v2_generalization_local_eager_lazy_001,C,eager_vs_lazy,ollama__devstral__latest,repeated_values_vector,lazy,1,format_normalized,True,False,lazy,lazy,True,False,missing_required_getters,
core_v2_generalization_local_eager_lazy_001,C,eager_vs_lazy,ollama__devstral__latest,repeated_values_vector,lazy,2,format_normalized,True,False,lazy,lazy,True,False,missing_required_getters,
core_v2_generalization_local_eager_lazy_001,C,eager_vs_lazy,ollama__devstral__latest,repeated_values_vector,lazy,3,format_normalized,True,False,lazy,lazy,True,False,missing_required_getters,
core_v2_generalization_local_eager_lazy_001,C,eager_vs_lazy,ollama__devstral__latest,repeated_values_vector,lazy,4,format_normalized,True,False,lazy,lazy,True,False,missing_required_getters,
core_v2_generalization_local_eager_lazy_001,C,eager_vs_lazy,ollama__devstral__latest,repeated_values_vector,lazy,5,format_normalized,True,False,lazy,lazy,True,False,missing_required_getters,
core_v2_generalization_local_eager_lazy_001,C,eager_vs_lazy,ollama__devstral__latest,small_positive_vector,eager,1,format_normalized,True,False,eager,eager,True,False,missing_required_getters,
core_v2_generalization_local_eager_lazy_001,C,eager_vs_lazy,ollama__devstral__latest,small_positive_vector,eager,2,format_normalized,True,False,eager,eager,True,False,missing_required_getters,
core_v2_generalization_local_eager_lazy_001,C,eager_vs_lazy,ollama__devstral__latest,small_positive_vector,eager,3,format_normalized,True,False,eager,eager,True,False,missing_required_getters,
core_v2_generalization_local_eager_lazy_001,C,eager_vs_lazy,ollama__devstral__latest,small_positive_vector,eager,4,format_normalized,True,False,eager,eager,True,False,missing_required_getters,
core_v2_generalization_local_eager_lazy_001,C,eager_vs_lazy,ollama__devstral__latest,small_positive_vector,eager,5,format_normalized,True,False,eager,eager,True,False,missing_required_getters,
core_v2_generalization_local_eager_lazy_001,C,eager_vs_lazy,ollama__devstral__latest,small_positive_vector,lazy,1,format_normalized,True,False,lazy,lazy,True,False,missing_required_getters,
core_v2_generalization_local_eager_lazy_001,C,eager_vs_lazy,ollama__devstral__latest,small_positive_vector,lazy,2,format_normalized,True,False,lazy,lazy,True,False,missing_required_getters,
core_v2_generalization_local_eager_lazy_001,C,eager_vs_lazy,ollama__devstral__latest,small_positive_vector,lazy,3,format_normalized,True,False,lazy,lazy,True,False,missing_required_getters,
core_v2_generalization_local_eager_lazy_001,C,eager_vs_lazy,ollama__devstral__latest,small_positive_vector,lazy,4,format_normalized,True,False,lazy,lazy,True,False,missing_required_getters,
core_v2_generalization_local_eager_lazy_001,C,eager_vs_lazy,ollama__devstral__latest,small_positive_vector,lazy,5,format_normalized,True,False,lazy,lazy,True,False,missing_required_getters,
core_v2_generalization_local_eager_lazy_001,C,eager_vs_lazy,ollama__qwen2_5-coder__14b,mixed_signed_vector,eager,1,format_normalized,True,False,eager,eager,True,False,missing_required_getters,
core_v2_generalization_local_eager_lazy_001,C,eager_vs_lazy,ollama__qwen2_5-coder__14b,mixed_signed_vector,eager,2,format_normalized,True,False,eager,eager,True,False,missing_required_getters,
core_v2_generalization_local_eager_lazy_001,C,eager_vs_lazy,ollama__qwen2_5-coder__14b,mixed_signed_vector,eager,3,format_normalized,True,False,eager,eager,True,False,missing_required_getters,
core_v2_generalization_local_eager_lazy_001,C,eager_vs_lazy,ollama__qwen2_5-coder__14b,mixed_signed_vector,eager,4,format_normalized,True,False,eager,eager,True,False,missing_required_getters,
core_v2_generalization_local_eager_lazy_001,C,eager_vs_lazy,ollama__qwen2_5-coder__14b,mixed_signed_vector,eager,5,format_normalized,True,False,eager,eager,True,False,missing_required_getters,
core_v2_generalization_local_eager_lazy_001,C,eager_vs_lazy,ollama__qwen2_5-coder__14b,mixed_signed_vector,lazy,1,format_normalized,True,False,lazy,lazy,True,False,missing_required_getters,
core_v2_generalization_local_eager_lazy_001,C,eager_vs_lazy,ollama__qwen2_5-coder__14b,mixed_signed_vector,lazy,2,format_normalized,True,False,lazy,lazy,True,False,missing_required_getters,
core_v2_generalization_local_eager_lazy_001,C,eager_vs_lazy,ollama__qwen2_5-coder__14b,mixed_signed_vector,lazy,3,format_normalized,True,False,lazy,lazy,True,False,missing_required_getters,
core_v2_generalization_local_eager_lazy_001,C,eager_vs_lazy,ollama__qwen2_5-coder__14b,mixed_signed_vector,lazy,4,format_normalized,True,False,lazy,lazy,True,False,missing_required_getters,
core_v2_generalization_local_eager_lazy_001,C,eager_vs_lazy,ollama__qwen2_5-coder__14b,mixed_signed_vector,lazy,5,format_normalized,True,False,lazy,lazy,True,False,missing_required_getters,
core_v2_generalization_local_eager_lazy_001,C,eager_vs_lazy,ollama__qwen2_5-coder__14b,repeated_values_vector,eager,1,format_normalized,True,False,eager,eager,True,False,missing_required_getters,
core_v2_generalization_local_eager_lazy_001,C,eager_vs_lazy,ollama__qwen2_5-coder__14b,repeated_values_vector,eager,2,format_normalized,True,False,eager,eager,True,False,missing_required_getters,
core_v2_generalization_local_eager_lazy_001,C,eager_vs_lazy,ollama__qwen2_5-coder__14b,repeated_values_vector,eager,3,format_normalized,True,False,eager,eager,True,False,missing_required_getters,
core_v2_generalization_local_eager_lazy_001,C,eager_vs_lazy,ollama__qwen2_5-coder__14b,repeated_values_vector,eager,4,format_normalized,True,False,eager,eager,True,False,missing_required_getters,
core_v2_generalization_local_eager_lazy_001,C,eager_vs_lazy,ollama__qwen2_5-coder__14b,repeated_values_vector,eager,5,format_normalized,True,False,eager,eager,True,False,missing_required_getters,
core_v2_generalization_local_eager_lazy_001,C,eager_vs_lazy,ollama__qwen2_5-coder__14b,repeated_values_vector,lazy,1,format_normalized,True,False,lazy,lazy,True,False,missing_required_getters,
core_v2_generalization_local_eager_lazy_001,C,eager_vs_lazy,ollama__qwen2_5-coder__14b,repeated_values_vector,lazy,2,format_normalized,True,False,lazy,lazy,True,False,missing_required_getters,
core_v2_generalization_local_eager_lazy_001,C,eager_vs_lazy,ollama__qwen2_5-coder__14b,repeated_values_vector,lazy,3,format_normalized,True,False,lazy,lazy,True,False,missing_required_getters,
core_v2_generalization_local_eager_lazy_001,C,eager_vs_lazy,ollama__qwen2_5-coder__14b,repeated_values_vector,lazy,4,format_normalized,True,False,lazy,lazy,True,False,missing_required_getters,
core_v2_generalization_local_eager_lazy_001,C,eager_vs_lazy,ollama__qwen2_5-coder__14b,repeated_values_vector,lazy,5,format_normalized,True,False,lazy,lazy,True,False,missing_required_getters,
core_v2_generalization_local_eager_lazy_001,C,eager_vs_lazy,ollama__qwen2_5-coder__14b,small_positive_vector,eager,1,format_normalized,True,False,eager,eager,True,False,missing_required_getters,
core_v2_generalization_local_eager_lazy_001,C,eager_vs_lazy,ollama__qwen2_5-coder__14b,small_positive_vector,eager,2,format_normalized,True,False,eager,eager,True,False,missing_required_getters,
core_v2_generalization_local_eager_lazy_001,C,eager_vs_lazy,ollama__qwen2_5-coder__14b,small_positive_vector,eager,3,format_normalized,True,False,eager,eager,True,False,missing_required_getters,
core_v2_generalization_local_eager_lazy_001,C,eager_vs_lazy,ollama__qwen2_5-coder__14b,small_positive_vector,eager,4,format_normalized,True,False,eager,eager,True,False,missing_required_getters,
core_v2_generalization_local_eager_lazy_001,C,eager_vs_lazy,ollama__qwen2_5-coder__14b,small_positive_vector,eager,5,format_normalized,True,False,eager,eager,True,False,missing_required_getters,
core_v2_generalization_local_eager_lazy_001,C,eager_vs_lazy,ollama__qwen2_5-coder__14b,small_positive_vector,lazy,1,format_normalized,True,False,lazy,lazy,True,False,missing_required_getters,
core_v2_generalization_local_eager_lazy_001,C,eager_vs_lazy,ollama__qwen2_5-coder__14b,small_positive_vector,lazy,2,format_normalized,True,False,lazy,lazy,True,False,missing_required_getters,
core_v2_generalization_local_eager_lazy_001,C,eager_vs_lazy,ollama__qwen2_5-coder__14b,small_positive_vector,lazy,3,format_normalized,True,False,lazy,lazy,True,False,missing_required_getters,
core_v2_generalization_local_eager_lazy_001,C,eager_vs_lazy,ollama__qwen2_5-coder__14b,small_positive_vector,lazy,4,format_normalized,True,False,lazy,lazy,True,False,missing_required_getters,
core_v2_generalization_local_eager_lazy_001,C,eager_vs_lazy,ollama__qwen2_5-coder__14b,small_positive_vector,lazy,5,format_normalized,True,False,lazy,lazy,True,False,missing_required_getters,
core_v2_generalization_local_eager_lazy_001,C,eager_vs_lazy,ollama__qwen2_5-coder__32b,mixed_signed_vector,eager,1,format_normalized,True,False,eager,eager,True,False,missing_required_getters,
core_v2_generalization_local_eager_lazy_001,C,eager_vs_lazy,ollama__qwen2_5-coder__32b,mixed_signed_vector,eager,2,format_normalized,True,False,eager,eager,True,False,missing_required_getters,
core_v2_generalization_local_eager_lazy_001,C,eager_vs_lazy,ollama__qwen2_5-coder__32b,mixed_signed_vector,eager,3,format_normalized,True,False,eager,eager,True,False,missing_required_getters,
core_v2_generalization_local_eager_lazy_001,C,eager_vs_lazy,ollama__qwen2_5-coder__32b,mixed_signed_vector,eager,4,format_normalized,True,False,eager,eager,True,False,missing_required_getters,
core_v2_generalization_local_eager_lazy_001,C,eager_vs_lazy,ollama__qwen2_5-coder__32b,mixed_signed_vector,eager,5,format_normalized,True,False,eager,eager,True,False,missing_required_getters,
core_v2_generalization_local_eager_lazy_001,C,eager_vs_lazy,ollama__qwen2_5-coder__32b,mixed_signed_vector,lazy,1,format_normalized,True,False,lazy,lazy,True,False,missing_required_getters,
core_v2_generalization_local_eager_lazy_001,C,eager_vs_lazy,ollama__qwen2_5-coder__32b,mixed_signed_vector,lazy,2,format_normalized,True,False,lazy,lazy,True,False,missing_required_getters,
core_v2_generalization_local_eager_lazy_001,C,eager_vs_lazy,ollama__qwen2_5-coder__32b,mixed_signed_vector,lazy,3,format_normalized,True,False,lazy,lazy,True,False,missing_required_getters,
core_v2_generalization_local_eager_lazy_001,C,eager_vs_lazy,ollama__qwen2_5-coder__32b,mixed_signed_vector,lazy,4,format_normalized,True,False,lazy,lazy,True,False,missing_required_getters,
core_v2_generalization_local_eager_lazy_001,C,eager_vs_lazy,ollama__qwen2_5-coder__32b,mixed_signed_vector,lazy,5,format_normalized,True,False,lazy,lazy,True,False,missing_required_getters,
core_v2_generalization_local_eager_lazy_001,C,eager_vs_lazy,ollama__qwen2_5-coder__32b,repeated_values_vector,eager,1,format_normalized,True,False,eager,eager,True,False,missing_required_getters,
core_v2_generalization_local_eager_lazy_001,C,eager_vs_lazy,ollama__qwen2_5-coder__32b,repeated_values_vector,eager,2,format_normalized,True,False,eager,eager,True,False,missing_required_getters,
core_v2_generalization_local_eager_lazy_001,C,eager_vs_lazy,ollama__qwen2_5-coder__32b,repeated_values_vector,eager,3,format_normalized,True,False,eager,eager,True,False,missing_required_getters,
core_v2_generalization_local_eager_lazy_001,C,eager_vs_lazy,ollama__qwen2_5-coder__32b,repeated_values_vector,eager,4,format_normalized,True,False,eager,eager,True,False,missing_required_getters,
core_v2_generalization_local_eager_lazy_001,C,eager_vs_lazy,ollama__qwen2_5-coder__32b,repeated_values_vector,eager,5,format_normalized,True,False,eager,eager,True,False,missing_required_getters,
core_v2_generalization_local_eager_lazy_001,C,eager_vs_lazy,ollama__qwen2_5-coder__32b,repeated_values_vector,lazy,1,format_normalized,True,False,lazy,lazy,True,False,missing_required_getters,
core_v2_generalization_local_eager_lazy_001,C,eager_vs_lazy,ollama__qwen2_5-coder__32b,repeated_values_vector,lazy,2,format_normalized,True,False,lazy,lazy,True,False,missing_required_getters,
core_v2_generalization_local_eager_lazy_001,C,eager_vs_lazy,ollama__qwen2_5-coder__32b,repeated_values_vector,lazy,3,format_normalized,True,False,lazy,lazy,True,False,missing_required_getters,
core_v2_generalization_local_eager_lazy_001,C,eager_vs_lazy,ollama__qwen2_5-coder__32b,repeated_values_vector,lazy,4,format_normalized,True,False,lazy,lazy,True,False,missing_required_getters,
core_v2_generalization_local_eager_lazy_001,C,eager_vs_lazy,ollama__qwen2_5-coder__32b,repeated_values_vector,lazy,5,format_normalized,True,False,lazy,lazy,True,False,missing_required_getters,
core_v2_generalization_local_eager_lazy_001,C,eager_vs_lazy,ollama__qwen2_5-coder__32b,small_positive_vector,eager,1,format_normalized,True,False,eager,eager,True,False,missing_required_getters,
core_v2_generalization_local_eager_lazy_001,C,eager_vs_lazy,ollama__qwen2_5-coder__32b,small_positive_vector,eager,2,format_normalized,True,False,eager,eager,True,False,missing_required_getters,
core_v2_generalization_local_eager_lazy_001,C,eager_vs_lazy,ollama__qwen2_5-coder__32b,small_positive_vector,eager,3,format_normalized,True,False,eager,eager,True,False,missing_required_getters,
core_v2_generalization_local_eager_lazy_001,C,eager_vs_lazy,ollama__qwen2_5-coder__32b,small_positive_vector,eager,4,format_normalized,True,False,eager,eager,True,False,missing_required_getters,
core_v2_generalization_local_eager_lazy_001,C,eager_vs_lazy,ollama__qwen2_5-coder__32b,small_positive_vector,eager,5,format_normalized,True,False,eager,eager,True,False,missing_required_getters,
core_v2_generalization_local_eager_lazy_001,C,eager_vs_lazy,ollama__qwen2_5-coder__32b,small_positive_vector,lazy,1,format_normalized,True,False,lazy,lazy,True,False,missing_required_getters,
core_v2_generalization_local_eager_lazy_001,C,eager_vs_lazy,ollama__qwen2_5-coder__32b,small_positive_vector,lazy,2,format_normalized,True,False,lazy,lazy,True,False,missing_required_getters,
core_v2_generalization_local_eager_lazy_001,C,eager_vs_lazy,ollama__qwen2_5-coder__32b,small_positive_vector,lazy,3,format_normalized,True,False,lazy,lazy,True,False,missing_required_getters,
core_v2_generalization_local_eager_lazy_001,C,eager_vs_lazy,ollama__qwen2_5-coder__32b,small_positive_vector,lazy,4,format_normalized,True,False,lazy,lazy,True,False,missing_required_getters,
core_v2_generalization_local_eager_lazy_001,C,eager_vs_lazy,ollama__qwen2_5-coder__32b,small_positive_vector,lazy,5,format_normalized,True,False,lazy,lazy,True,False,missing_required_getters,
core_v2_generalization_local_eager_lazy_001,C,eager_vs_lazy,ollama__qwen3-coder__30b,mixed_signed_vector,eager,1,format_normalized,True,False,eager,eager,True,False,missing_required_getters,
core_v2_generalization_local_eager_lazy_001,C,eager_vs_lazy,ollama__qwen3-coder__30b,mixed_signed_vector,eager,2,format_normalized,True,False,eager,eager,True,False,missing_required_getters,
core_v2_generalization_local_eager_lazy_001,C,eager_vs_lazy,ollama__qwen3-coder__30b,mixed_signed_vector,eager,3,format_normalized,True,False,eager,eager,True,False,missing_required_getters,
core_v2_generalization_local_eager_lazy_001,C,eager_vs_lazy,ollama__qwen3-coder__30b,mixed_signed_vector,eager,4,format_normalized,True,False,eager,eager,True,False,missing_required_getters,
core_v2_generalization_local_eager_lazy_001,C,eager_vs_lazy,ollama__qwen3-coder__30b,mixed_signed_vector,eager,5,format_normalized,True,False,eager,eager,True,False,missing_required_getters,
core_v2_generalization_local_eager_lazy_001,C,eager_vs_lazy,ollama__qwen3-coder__30b,mixed_signed_vector,lazy,1,format_normalized,True,False,ambiguous,lazy,False,True,missing_required_getters,
core_v2_generalization_local_eager_lazy_001,C,eager_vs_lazy,ollama__qwen3-coder__30b,mixed_signed_vector,lazy,2,format_normalized,True,False,ambiguous,lazy,False,True,missing_required_getters,
core_v2_generalization_local_eager_lazy_001,C,eager_vs_lazy,ollama__qwen3-coder__30b,mixed_signed_vector,lazy,3,format_normalized,True,False,ambiguous,lazy,False,True,missing_required_getters,
core_v2_generalization_local_eager_lazy_001,C,eager_vs_lazy,ollama__qwen3-coder__30b,mixed_signed_vector,lazy,4,format_normalized,True,False,ambiguous,lazy,False,True,missing_required_getters,
core_v2_generalization_local_eager_lazy_001,C,eager_vs_lazy,ollama__qwen3-coder__30b,mixed_signed_vector,lazy,5,format_normalized,True,False,ambiguous,lazy,False,True,missing_required_getters,
core_v2_generalization_local_eager_lazy_001,C,eager_vs_lazy,ollama__qwen3-coder__30b,repeated_values_vector,eager,1,format_normalized,True,False,eager,eager,True,False,missing_required_getters,
core_v2_generalization_local_eager_lazy_001,C,eager_vs_lazy,ollama__qwen3-coder__30b,repeated_values_vector,eager,2,format_normalized,True,False,eager,eager,True,False,missing_required_getters,
core_v2_generalization_local_eager_lazy_001,C,eager_vs_lazy,ollama__qwen3-coder__30b,repeated_values_vector,eager,3,format_normalized,True,False,eager,eager,True,False,missing_required_getters,
core_v2_generalization_local_eager_lazy_001,C,eager_vs_lazy,ollama__qwen3-coder__30b,repeated_values_vector,eager,4,format_normalized,True,False,eager,eager,True,False,missing_required_getters,
core_v2_generalization_local_eager_lazy_001,C,eager_vs_lazy,ollama__qwen3-coder__30b,repeated_values_vector,eager,5,format_normalized,True,False,eager,eager,True,False,missing_required_getters,
core_v2_generalization_local_eager_lazy_001,C,eager_vs_lazy,ollama__qwen3-coder__30b,repeated_values_vector,lazy,1,format_normalized,True,False,ambiguous,lazy,False,True,missing_required_getters,
core_v2_generalization_local_eager_lazy_001,C,eager_vs_lazy,ollama__qwen3-coder__30b,repeated_values_vector,lazy,2,format_normalized,True,False,ambiguous,lazy,False,True,missing_required_getters,
core_v2_generalization_local_eager_lazy_001,C,eager_vs_lazy,ollama__qwen3-coder__30b,repeated_values_vector,lazy,3,format_normalized,True,False,ambiguous,lazy,False,True,missing_required_getters,
core_v2_generalization_local_eager_lazy_001,C,eager_vs_lazy,ollama__qwen3-coder__30b,repeated_values_vector,lazy,4,format_normalized,True,False,ambiguous,lazy,False,True,missing_required_getters,
core_v2_generalization_local_eager_lazy_001,C,eager_vs_lazy,ollama__qwen3-coder__30b,repeated_values_vector,lazy,5,format_normalized,True,False,ambiguous,lazy,False,True,missing_required_getters,
core_v2_generalization_local_eager_lazy_001,C,eager_vs_lazy,ollama__qwen3-coder__30b,small_positive_vector,eager,1,format_normalized,True,False,eager,eager,True,False,missing_required_getters,
core_v2_generalization_local_eager_lazy_001,C,eager_vs_lazy,ollama__qwen3-coder__30b,small_positive_vector,eager,2,format_normalized,True,False,eager,eager,True,False,missing_required_getters,
core_v2_generalization_local_eager_lazy_001,C,eager_vs_lazy,ollama__qwen3-coder__30b,small_positive_vector,eager,3,format_normalized,True,False,eager,eager,True,False,missing_required_getters,
core_v2_generalization_local_eager_lazy_001,C,eager_vs_lazy,ollama__qwen3-coder__30b,small_positive_vector,eager,4,format_normalized,True,False,eager,eager,True,False,missing_required_getters,
core_v2_generalization_local_eager_lazy_001,C,eager_vs_lazy,ollama__qwen3-coder__30b,small_positive_vector,eager,5,format_normalized,True,False,eager,eager,True,False,missing_required_getters,
core_v2_generalization_local_eager_lazy_001,C,eager_vs_lazy,ollama__qwen3-coder__30b,small_positive_vector,lazy,1,format_normalized,True,False,ambiguous,lazy,False,True,missing_required_getters,
core_v2_generalization_local_eager_lazy_001,C,eager_vs_lazy,ollama__qwen3-coder__30b,small_positive_vector,lazy,2,format_normalized,True,False,ambiguous,lazy,False,True,missing_required_getters,
core_v2_generalization_local_eager_lazy_001,C,eager_vs_lazy,ollama__qwen3-coder__30b,small_positive_vector,lazy,3,format_normalized,True,False,ambiguous,lazy,False,True,missing_required_getters,
core_v2_generalization_local_eager_lazy_001,C,eager_vs_lazy,ollama__qwen3-coder__30b,small_positive_vector,lazy,4,format_normalized,True,False,ambiguous,lazy,False,True,missing_required_getters,
core_v2_generalization_local_eager_lazy_001,C,eager_vs_lazy,ollama__qwen3-coder__30b,small_positive_vector,lazy,5,format_normalized,True,False,ambiguous,lazy,False,True,missing_required_getters,
core_v2_generalization_local_bfs_dfs_001,D,bfs_vs_dfs,ollama__devstral__latest,branching_1,bfs,1,raw,True,True,bfs,bfs,True,False,,
core_v2_generalization_local_bfs_dfs_001,D,bfs_vs_dfs,ollama__devstral__latest,branching_1,bfs,2,raw,True,True,bfs,bfs,True,False,,
core_v2_generalization_local_bfs_dfs_001,D,bfs_vs_dfs,ollama__devstral__latest,branching_1,bfs,3,raw,True,True,bfs,bfs,True,False,,
core_v2_generalization_local_bfs_dfs_001,D,bfs_vs_dfs,ollama__devstral__latest,branching_1,bfs,4,raw,True,True,bfs,bfs,True,False,,
core_v2_generalization_local_bfs_dfs_001,D,bfs_vs_dfs,ollama__devstral__latest,branching_1,bfs,5,raw,True,True,bfs,bfs,True,False,,
core_v2_generalization_local_bfs_dfs_001,D,bfs_vs_dfs,ollama__devstral__latest,branching_1,dfs,1,raw,True,True,dfs,dfs,True,False,,
core_v2_generalization_local_bfs_dfs_001,D,bfs_vs_dfs,ollama__devstral__latest,branching_1,dfs,2,raw,True,True,dfs,dfs,True,False,,
core_v2_generalization_local_bfs_dfs_001,D,bfs_vs_dfs,ollama__devstral__latest,branching_1,dfs,3,raw,True,True,dfs,dfs,True,False,,
core_v2_generalization_local_bfs_dfs_001,D,bfs_vs_dfs,ollama__devstral__latest,branching_1,dfs,4,raw,True,True,dfs,dfs,True,False,,
core_v2_generalization_local_bfs_dfs_001,D,bfs_vs_dfs,ollama__devstral__latest,branching_1,dfs,5,raw,True,True,dfs,dfs,True,False,,
core_v2_generalization_local_bfs_dfs_001,D,bfs_vs_dfs,ollama__devstral__latest,branching_2,bfs,1,raw,True,True,bfs,bfs,True,False,,
core_v2_generalization_local_bfs_dfs_001,D,bfs_vs_dfs,ollama__devstral__latest,branching_2,bfs,2,raw,True,True,bfs,bfs,True,False,,
core_v2_generalization_local_bfs_dfs_001,D,bfs_vs_dfs,ollama__devstral__latest,branching_2,bfs,3,raw,True,True,bfs,bfs,True,False,,
core_v2_generalization_local_bfs_dfs_001,D,bfs_vs_dfs,ollama__devstral__latest,branching_2,bfs,4,raw,True,True,bfs,bfs,True,False,,
core_v2_generalization_local_bfs_dfs_001,D,bfs_vs_dfs,ollama__devstral__latest,branching_2,bfs,5,raw,True,True,bfs,bfs,True,False,,
core_v2_generalization_local_bfs_dfs_001,D,bfs_vs_dfs,ollama__devstral__latest,branching_2,dfs,1,raw,True,True,dfs,dfs,True,False,,
core_v2_generalization_local_bfs_dfs_001,D,bfs_vs_dfs,ollama__devstral__latest,branching_2,dfs,2,raw,True,True,dfs,dfs,True,False,,
core_v2_generalization_local_bfs_dfs_001,D,bfs_vs_dfs,ollama__devstral__latest,branching_2,dfs,3,raw,True,True,dfs,dfs,True,False,,
core_v2_generalization_local_bfs_dfs_001,D,bfs_vs_dfs,ollama__devstral__latest,branching_2,dfs,4,raw,True,True,dfs,dfs,True,False,,
core_v2_generalization_local_bfs_dfs_001,D,bfs_vs_dfs,ollama__devstral__latest,branching_2,dfs,5,raw,True,True,dfs,dfs,True,False,,
core_v2_generalization_local_bfs_dfs_001,D,bfs_vs_dfs,ollama__devstral__latest,branching_3,bfs,1,raw,True,True,bfs,bfs,True,False,,
core_v2_generalization_local_bfs_dfs_001,D,bfs_vs_dfs,ollama__devstral__latest,branching_3,bfs,2,raw,True,True,bfs,bfs,True,False,,
core_v2_generalization_local_bfs_dfs_001,D,bfs_vs_dfs,ollama__devstral__latest,branching_3,bfs,3,raw,True,True,bfs,bfs,True,False,,
core_v2_generalization_local_bfs_dfs_001,D,bfs_vs_dfs,ollama__devstral__latest,branching_3,bfs,4,raw,True,True,bfs,bfs,True,False,,
core_v2_generalization_local_bfs_dfs_001,D,bfs_vs_dfs,ollama__devstral__latest,branching_3,bfs,5,raw,True,True,bfs,bfs,True,False,,
core_v2_generalization_local_bfs_dfs_001,D,bfs_vs_dfs,ollama__devstral__latest,branching_3,dfs,1,raw,True,True,dfs,dfs,True,False,,
core_v2_generalization_local_bfs_dfs_001,D,bfs_vs_dfs,ollama__devstral__latest,branching_3,dfs,2,raw,True,True,dfs,dfs,True,False,,
core_v2_generalization_local_bfs_dfs_001,D,bfs_vs_dfs,ollama__devstral__latest,branching_3,dfs,3,raw,True,True,dfs,dfs,True,False,,
core_v2_generalization_local_bfs_dfs_001,D,bfs_vs_dfs,ollama__devstral__latest,branching_3,dfs,4,raw,True,True,dfs,dfs,True,False,,
core_v2_generalization_local_bfs_dfs_001,D,bfs_vs_dfs,ollama__devstral__latest,branching_3,dfs,5,raw,True,True,dfs,dfs,True,False,,
core_v2_generalization_local_bfs_dfs_001,D,bfs_vs_dfs,ollama__qwen2_5-coder__14b,branching_1,bfs,1,raw,True,True,bfs,bfs,True,False,,
core_v2_generalization_local_bfs_dfs_001,D,bfs_vs_dfs,ollama__qwen2_5-coder__14b,branching_1,bfs,2,raw,True,True,bfs,bfs,True,False,,
core_v2_generalization_local_bfs_dfs_001,D,bfs_vs_dfs,ollama__qwen2_5-coder__14b,branching_1,bfs,3,raw,True,True,bfs,bfs,True,False,,
core_v2_generalization_local_bfs_dfs_001,D,bfs_vs_dfs,ollama__qwen2_5-coder__14b,branching_1,bfs,4,raw,True,True,bfs,bfs,True,False,,
core_v2_generalization_local_bfs_dfs_001,D,bfs_vs_dfs,ollama__qwen2_5-coder__14b,branching_1,bfs,5,raw,True,True,bfs,bfs,True,False,,
core_v2_generalization_local_bfs_dfs_001,D,bfs_vs_dfs,ollama__qwen2_5-coder__14b,branching_1,dfs,1,raw,True,True,dfs,dfs,True,False,,
core_v2_generalization_local_bfs_dfs_001,D,bfs_vs_dfs,ollama__qwen2_5-coder__14b,branching_1,dfs,2,raw,True,True,dfs,dfs,True,False,,
core_v2_generalization_local_bfs_dfs_001,D,bfs_vs_dfs,ollama__qwen2_5-coder__14b,branching_1,dfs,3,raw,True,True,dfs,dfs,True,False,,
core_v2_generalization_local_bfs_dfs_001,D,bfs_vs_dfs,ollama__qwen2_5-coder__14b,branching_1,dfs,4,raw,True,True,dfs,dfs,True,False,,
core_v2_generalization_local_bfs_dfs_001,D,bfs_vs_dfs,ollama__qwen2_5-coder__14b,branching_1,dfs,5,raw,True,True,dfs,dfs,True,False,,
core_v2_generalization_local_bfs_dfs_001,D,bfs_vs_dfs,ollama__qwen2_5-coder__14b,branching_2,bfs,1,raw,True,True,bfs,bfs,True,False,,
core_v2_generalization_local_bfs_dfs_001,D,bfs_vs_dfs,ollama__qwen2_5-coder__14b,branching_2,bfs,2,raw,True,True,bfs,bfs,True,False,,
core_v2_generalization_local_bfs_dfs_001,D,bfs_vs_dfs,ollama__qwen2_5-coder__14b,branching_2,bfs,3,raw,True,True,bfs,bfs,True,False,,
core_v2_generalization_local_bfs_dfs_001,D,bfs_vs_dfs,ollama__qwen2_5-coder__14b,branching_2,bfs,4,raw,True,True,bfs,bfs,True,False,,
core_v2_generalization_local_bfs_dfs_001,D,bfs_vs_dfs,ollama__qwen2_5-coder__14b,branching_2,bfs,5,raw,True,True,bfs,bfs,True,False,,
core_v2_generalization_local_bfs_dfs_001,D,bfs_vs_dfs,ollama__qwen2_5-coder__14b,branching_2,dfs,1,raw,True,True,dfs,dfs,True,False,,
core_v2_generalization_local_bfs_dfs_001,D,bfs_vs_dfs,ollama__qwen2_5-coder__14b,branching_2,dfs,2,raw,True,True,dfs,dfs,True,False,,
core_v2_generalization_local_bfs_dfs_001,D,bfs_vs_dfs,ollama__qwen2_5-coder__14b,branching_2,dfs,3,raw,True,True,dfs,dfs,True,False,,
core_v2_generalization_local_bfs_dfs_001,D,bfs_vs_dfs,ollama__qwen2_5-coder__14b,branching_2,dfs,4,raw,True,True,dfs,dfs,True,False,,
core_v2_generalization_local_bfs_dfs_001,D,bfs_vs_dfs,ollama__qwen2_5-coder__14b,branching_2,dfs,5,raw,True,True,dfs,dfs,True,False,,
core_v2_generalization_local_bfs_dfs_001,D,bfs_vs_dfs,ollama__qwen2_5-coder__14b,branching_3,bfs,1,raw,True,True,bfs,bfs,True,False,,
core_v2_generalization_local_bfs_dfs_001,D,bfs_vs_dfs,ollama__qwen2_5-coder__14b,branching_3,bfs,2,raw,True,True,bfs,bfs,True,False,,
core_v2_generalization_local_bfs_dfs_001,D,bfs_vs_dfs,ollama__qwen2_5-coder__14b,branching_3,bfs,3,raw,True,True,bfs,bfs,True,False,,
core_v2_generalization_local_bfs_dfs_001,D,bfs_vs_dfs,ollama__qwen2_5-coder__14b,branching_3,bfs,4,raw,True,True,bfs,bfs,True,False,,
core_v2_generalization_local_bfs_dfs_001,D,bfs_vs_dfs,ollama__qwen2_5-coder__14b,branching_3,bfs,5,raw,True,True,bfs,bfs,True,False,,
core_v2_generalization_local_bfs_dfs_001,D,bfs_vs_dfs,ollama__qwen2_5-coder__14b,branching_3,dfs,1,raw,True,True,dfs,dfs,True,False,,
core_v2_generalization_local_bfs_dfs_001,D,bfs_vs_dfs,ollama__qwen2_5-coder__14b,branching_3,dfs,2,raw,True,True,dfs,dfs,True,False,,
core_v2_generalization_local_bfs_dfs_001,D,bfs_vs_dfs,ollama__qwen2_5-coder__14b,branching_3,dfs,3,raw,True,True,dfs,dfs,True,False,,
core_v2_generalization_local_bfs_dfs_001,D,bfs_vs_dfs,ollama__qwen2_5-coder__14b,branching_3,dfs,4,raw,True,True,dfs,dfs,True,False,,
core_v2_generalization_local_bfs_dfs_001,D,bfs_vs_dfs,ollama__qwen2_5-coder__14b,branching_3,dfs,5,raw,True,True,dfs,dfs,True,False,,
core_v2_generalization_local_bfs_dfs_001,D,bfs_vs_dfs,ollama__qwen2_5-coder__32b,branching_1,bfs,1,raw,True,True,bfs,bfs,True,False,,
core_v2_generalization_local_bfs_dfs_001,D,bfs_vs_dfs,ollama__qwen2_5-coder__32b,branching_1,bfs,2,raw,True,True,bfs,bfs,True,False,,
core_v2_generalization_local_bfs_dfs_001,D,bfs_vs_dfs,ollama__qwen2_5-coder__32b,branching_1,bfs,3,raw,True,True,bfs,bfs,True,False,,
core_v2_generalization_local_bfs_dfs_001,D,bfs_vs_dfs,ollama__qwen2_5-coder__32b,branching_1,bfs,4,raw,True,True,bfs,bfs,True,False,,
core_v2_generalization_local_bfs_dfs_001,D,bfs_vs_dfs,ollama__qwen2_5-coder__32b,branching_1,bfs,5,raw,True,True,bfs,bfs,True,False,,
core_v2_generalization_local_bfs_dfs_001,D,bfs_vs_dfs,ollama__qwen2_5-coder__32b,branching_1,dfs,1,raw,True,True,dfs,dfs,True,False,,
core_v2_generalization_local_bfs_dfs_001,D,bfs_vs_dfs,ollama__qwen2_5-coder__32b,branching_1,dfs,2,raw,True,True,dfs,dfs,True,False,,
core_v2_generalization_local_bfs_dfs_001,D,bfs_vs_dfs,ollama__qwen2_5-coder__32b,branching_1,dfs,3,raw,True,True,dfs,dfs,True,False,,
core_v2_generalization_local_bfs_dfs_001,D,bfs_vs_dfs,ollama__qwen2_5-coder__32b,branching_1,dfs,4,raw,True,True,dfs,dfs,True,False,,
core_v2_generalization_local_bfs_dfs_001,D,bfs_vs_dfs,ollama__qwen2_5-coder__32b,branching_1,dfs,5,raw,True,True,dfs,dfs,True,False,,
core_v2_generalization_local_bfs_dfs_001,D,bfs_vs_dfs,ollama__qwen2_5-coder__32b,branching_2,bfs,1,raw,True,True,bfs,bfs,True,False,,
core_v2_generalization_local_bfs_dfs_001,D,bfs_vs_dfs,ollama__qwen2_5-coder__32b,branching_2,bfs,2,raw,True,True,bfs,bfs,True,False,,
core_v2_generalization_local_bfs_dfs_001,D,bfs_vs_dfs,ollama__qwen2_5-coder__32b,branching_2,bfs,3,raw,True,True,bfs,bfs,True,False,,
core_v2_generalization_local_bfs_dfs_001,D,bfs_vs_dfs,ollama__qwen2_5-coder__32b,branching_2,bfs,4,raw,True,True,bfs,bfs,True,False,,
core_v2_generalization_local_bfs_dfs_001,D,bfs_vs_dfs,ollama__qwen2_5-coder__32b,branching_2,bfs,5,raw,True,True,bfs,bfs,True,False,,
core_v2_generalization_local_bfs_dfs_001,D,bfs_vs_dfs,ollama__qwen2_5-coder__32b,branching_2,dfs,1,raw,True,True,dfs,dfs,True,False,,
core_v2_generalization_local_bfs_dfs_001,D,bfs_vs_dfs,ollama__qwen2_5-coder__32b,branching_2,dfs,2,raw,True,True,dfs,dfs,True,False,,
core_v2_generalization_local_bfs_dfs_001,D,bfs_vs_dfs,ollama__qwen2_5-coder__32b,branching_2,dfs,3,raw,True,True,dfs,dfs,True,False,,
core_v2_generalization_local_bfs_dfs_001,D,bfs_vs_dfs,ollama__qwen2_5-coder__32b,branching_2,dfs,4,raw,True,True,dfs,dfs,True,False,,
core_v2_generalization_local_bfs_dfs_001,D,bfs_vs_dfs,ollama__qwen2_5-coder__32b,branching_2,dfs,5,raw,True,True,dfs,dfs,True,False,,
core_v2_generalization_local_bfs_dfs_001,D,bfs_vs_dfs,ollama__qwen2_5-coder__32b,branching_3,bfs,1,raw,True,True,bfs,bfs,True,False,,
core_v2_generalization_local_bfs_dfs_001,D,bfs_vs_dfs,ollama__qwen2_5-coder__32b,branching_3,bfs,2,raw,True,True,bfs,bfs,True,False,,
core_v2_generalization_local_bfs_dfs_001,D,bfs_vs_dfs,ollama__qwen2_5-coder__32b,branching_3,bfs,3,raw,True,True,bfs,bfs,True,False,,
core_v2_generalization_local_bfs_dfs_001,D,bfs_vs_dfs,ollama__qwen2_5-coder__32b,branching_3,bfs,4,raw,True,True,bfs,bfs,True,False,,
core_v2_generalization_local_bfs_dfs_001,D,bfs_vs_dfs,ollama__qwen2_5-coder__32b,branching_3,bfs,5,raw,True,True,bfs,bfs,True,False,,
core_v2_generalization_local_bfs_dfs_001,D,bfs_vs_dfs,ollama__qwen2_5-coder__32b,branching_3,dfs,1,raw,True,True,dfs,dfs,True,False,,
core_v2_generalization_local_bfs_dfs_001,D,bfs_vs_dfs,ollama__qwen2_5-coder__32b,branching_3,dfs,2,raw,True,True,dfs,dfs,True,False,,
core_v2_generalization_local_bfs_dfs_001,D,bfs_vs_dfs,ollama__qwen2_5-coder__32b,branching_3,dfs,3,raw,True,True,dfs,dfs,True,False,,
core_v2_generalization_local_bfs_dfs_001,D,bfs_vs_dfs,ollama__qwen2_5-coder__32b,branching_3,dfs,4,raw,True,True,dfs,dfs,True,False,,
core_v2_generalization_local_bfs_dfs_001,D,bfs_vs_dfs,ollama__qwen2_5-coder__32b,branching_3,dfs,5,raw,True,True,dfs,dfs,True,False,,
core_v2_generalization_local_bfs_dfs_001,D,bfs_vs_dfs,ollama__qwen3-coder__30b,branching_1,bfs,1,raw,True,True,bfs,bfs,True,False,,
core_v2_generalization_local_bfs_dfs_001,D,bfs_vs_dfs,ollama__qwen3-coder__30b,branching_1,bfs,2,raw,True,True,bfs,bfs,True,False,,
core_v2_generalization_local_bfs_dfs_001,D,bfs_vs_dfs,ollama__qwen3-coder__30b,branching_1,bfs,3,raw,True,True,bfs,bfs,True,False,,
core_v2_generalization_local_bfs_dfs_001,D,bfs_vs_dfs,ollama__qwen3-coder__30b,branching_1,bfs,4,raw,True,True,bfs,bfs,True,False,,
core_v2_generalization_local_bfs_dfs_001,D,bfs_vs_dfs,ollama__qwen3-coder__30b,branching_1,bfs,5,raw,True,True,bfs,bfs,True,False,,
core_v2_generalization_local_bfs_dfs_001,D,bfs_vs_dfs,ollama__qwen3-coder__30b,branching_1,dfs,1,raw,True,True,dfs,dfs,True,False,,
core_v2_generalization_local_bfs_dfs_001,D,bfs_vs_dfs,ollama__qwen3-coder__30b,branching_1,dfs,2,raw,True,True,dfs,dfs,True,False,,
core_v2_generalization_local_bfs_dfs_001,D,bfs_vs_dfs,ollama__qwen3-coder__30b,branching_1,dfs,3,raw,True,True,dfs,dfs,True,False,,
core_v2_generalization_local_bfs_dfs_001,D,bfs_vs_dfs,ollama__qwen3-coder__30b,branching_1,dfs,4,raw,True,True,dfs,dfs,True,False,,
core_v2_generalization_local_bfs_dfs_001,D,bfs_vs_dfs,ollama__qwen3-coder__30b,branching_1,dfs,5,raw,True,True,dfs,dfs,True,False,,
core_v2_generalization_local_bfs_dfs_001,D,bfs_vs_dfs,ollama__qwen3-coder__30b,branching_2,bfs,1,raw,True,True,bfs,bfs,True,False,,
core_v2_generalization_local_bfs_dfs_001,D,bfs_vs_dfs,ollama__qwen3-coder__30b,branching_2,bfs,2,raw,True,True,bfs,bfs,True,False,,
core_v2_generalization_local_bfs_dfs_001,D,bfs_vs_dfs,ollama__qwen3-coder__30b,branching_2,bfs,3,raw,True,True,bfs,bfs,True,False,,
core_v2_generalization_local_bfs_dfs_001,D,bfs_vs_dfs,ollama__qwen3-coder__30b,branching_2,bfs,4,raw,True,True,bfs,bfs,True,False,,
core_v2_generalization_local_bfs_dfs_001,D,bfs_vs_dfs,ollama__qwen3-coder__30b,branching_2,bfs,5,raw,True,True,bfs,bfs,True,False,,
core_v2_generalization_local_bfs_dfs_001,D,bfs_vs_dfs,ollama__qwen3-coder__30b,branching_2,dfs,1,raw,True,True,dfs,dfs,True,False,,
core_v2_generalization_local_bfs_dfs_001,D,bfs_vs_dfs,ollama__qwen3-coder__30b,branching_2,dfs,2,raw,True,True,dfs,dfs,True,False,,
core_v2_generalization_local_bfs_dfs_001,D,bfs_vs_dfs,ollama__qwen3-coder__30b,branching_2,dfs,3,raw,True,True,dfs,dfs,True,False,,
core_v2_generalization_local_bfs_dfs_001,D,bfs_vs_dfs,ollama__qwen3-coder__30b,branching_2,dfs,4,raw,True,True,dfs,dfs,True,False,,
core_v2_generalization_local_bfs_dfs_001,D,bfs_vs_dfs,ollama__qwen3-coder__30b,branching_2,dfs,5,raw,True,True,dfs,dfs,True,False,,
core_v2_generalization_local_bfs_dfs_001,D,bfs_vs_dfs,ollama__qwen3-coder__30b,branching_3,bfs,1,raw,True,True,bfs,bfs,True,False,,
core_v2_generalization_local_bfs_dfs_001,D,bfs_vs_dfs,ollama__qwen3-coder__30b,branching_3,bfs,2,raw,True,True,bfs,bfs,True,False,,
core_v2_generalization_local_bfs_dfs_001,D,bfs_vs_dfs,ollama__qwen3-coder__30b,branching_3,bfs,3,raw,True,True,bfs,bfs,True,False,,
core_v2_generalization_local_bfs_dfs_001,D,bfs_vs_dfs,ollama__qwen3-coder__30b,branching_3,bfs,4,raw,True,True,bfs,bfs,True,False,,
core_v2_generalization_local_bfs_dfs_001,D,bfs_vs_dfs,ollama__qwen3-coder__30b,branching_3,bfs,5,raw,True,True,bfs,bfs,True,False,,
core_v2_generalization_local_bfs_dfs_001,D,bfs_vs_dfs,ollama__qwen3-coder__30b,branching_3,dfs,1,raw,True,True,dfs,dfs,True,False,,
core_v2_generalization_local_bfs_dfs_001,D,bfs_vs_dfs,ollama__qwen3-coder__30b,branching_3,dfs,2,raw,True,True,dfs,dfs,True,False,,
core_v2_generalization_local_bfs_dfs_001,D,bfs_vs_dfs,ollama__qwen3-coder__30b,branching_3,dfs,3,raw,True,True,dfs,dfs,True,False,,
core_v2_generalization_local_bfs_dfs_001,D,bfs_vs_dfs,ollama__qwen3-coder__30b,branching_3,dfs,4,raw,True,True,dfs,dfs,True,False,,
core_v2_generalization_local_bfs_dfs_001,D,bfs_vs_dfs,ollama__qwen3-coder__30b,branching_3,dfs,5,raw,True,True,dfs,dfs,True,False,,
core_v2_generalization_local_bfs_dfs_001,D,bfs_vs_dfs,ollama__devstral__latest,branching_1,bfs,1,no_comments,True,True,bfs,bfs,True,False,,
core_v2_generalization_local_bfs_dfs_001,D,bfs_vs_dfs,ollama__devstral__latest,branching_1,bfs,2,no_comments,True,True,bfs,bfs,True,False,,
core_v2_generalization_local_bfs_dfs_001,D,bfs_vs_dfs,ollama__devstral__latest,branching_1,bfs,3,no_comments,True,True,bfs,bfs,True,False,,
core_v2_generalization_local_bfs_dfs_001,D,bfs_vs_dfs,ollama__devstral__latest,branching_1,bfs,4,no_comments,True,True,bfs,bfs,True,False,,
core_v2_generalization_local_bfs_dfs_001,D,bfs_vs_dfs,ollama__devstral__latest,branching_1,bfs,5,no_comments,True,True,bfs,bfs,True,False,,
core_v2_generalization_local_bfs_dfs_001,D,bfs_vs_dfs,ollama__devstral__latest,branching_1,dfs,1,no_comments,True,True,dfs,dfs,True,False,,
core_v2_generalization_local_bfs_dfs_001,D,bfs_vs_dfs,ollama__devstral__latest,branching_1,dfs,2,no_comments,True,True,dfs,dfs,True,False,,
core_v2_generalization_local_bfs_dfs_001,D,bfs_vs_dfs,ollama__devstral__latest,branching_1,dfs,3,no_comments,True,True,dfs,dfs,True,False,,
core_v2_generalization_local_bfs_dfs_001,D,bfs_vs_dfs,ollama__devstral__latest,branching_1,dfs,4,no_comments,True,True,dfs,dfs,True,False,,
core_v2_generalization_local_bfs_dfs_001,D,bfs_vs_dfs,ollama__devstral__latest,branching_1,dfs,5,no_comments,True,True,dfs,dfs,True,False,,
core_v2_generalization_local_bfs_dfs_001,D,bfs_vs_dfs,ollama__devstral__latest,branching_2,bfs,1,no_comments,True,True,bfs,bfs,True,False,,
core_v2_generalization_local_bfs_dfs_001,D,bfs_vs_dfs,ollama__devstral__latest,branching_2,bfs,2,no_comments,True,True,bfs,bfs,True,False,,
core_v2_generalization_local_bfs_dfs_001,D,bfs_vs_dfs,ollama__devstral__latest,branching_2,bfs,3,no_comments,True,True,bfs,bfs,True,False,,
core_v2_generalization_local_bfs_dfs_001,D,bfs_vs_dfs,ollama__devstral__latest,branching_2,bfs,4,no_comments,True,True,bfs,bfs,True,False,,
core_v2_generalization_local_bfs_dfs_001,D,bfs_vs_dfs,ollama__devstral__latest,branching_2,bfs,5,no_comments,True,True,bfs,bfs,True,False,,
core_v2_generalization_local_bfs_dfs_001,D,bfs_vs_dfs,ollama__devstral__latest,branching_2,dfs,1,no_comments,True,True,dfs,dfs,True,False,,
core_v2_generalization_local_bfs_dfs_001,D,bfs_vs_dfs,ollama__devstral__latest,branching_2,dfs,2,no_comments,True,True,dfs,dfs,True,False,,
core_v2_generalization_local_bfs_dfs_001,D,bfs_vs_dfs,ollama__devstral__latest,branching_2,dfs,3,no_comments,True,True,dfs,dfs,True,False,,
core_v2_generalization_local_bfs_dfs_001,D,bfs_vs_dfs,ollama__devstral__latest,branching_2,dfs,4,no_comments,True,True,dfs,dfs,True,False,,
core_v2_generalization_local_bfs_dfs_001,D,bfs_vs_dfs,ollama__devstral__latest,branching_2,dfs,5,no_comments,True,True,dfs,dfs,True,False,,
core_v2_generalization_local_bfs_dfs_001,D,bfs_vs_dfs,ollama__devstral__latest,branching_3,bfs,1,no_comments,True,True,bfs,bfs,True,False,,
core_v2_generalization_local_bfs_dfs_001,D,bfs_vs_dfs,ollama__devstral__latest,branching_3,bfs,2,no_comments,True,True,bfs,bfs,True,False,,
core_v2_generalization_local_bfs_dfs_001,D,bfs_vs_dfs,ollama__devstral__latest,branching_3,bfs,3,no_comments,True,True,bfs,bfs,True,False,,
core_v2_generalization_local_bfs_dfs_001,D,bfs_vs_dfs,ollama__devstral__latest,branching_3,bfs,4,no_comments,True,True,bfs,bfs,True,False,,
core_v2_generalization_local_bfs_dfs_001,D,bfs_vs_dfs,ollama__devstral__latest,branching_3,bfs,5,no_comments,True,True,bfs,bfs,True,False,,
core_v2_generalization_local_bfs_dfs_001,D,bfs_vs_dfs,ollama__devstral__latest,branching_3,dfs,1,no_comments,True,True,dfs,dfs,True,False,,
core_v2_generalization_local_bfs_dfs_001,D,bfs_vs_dfs,ollama__devstral__latest,branching_3,dfs,2,no_comments,True,True,dfs,dfs,True,False,,
core_v2_generalization_local_bfs_dfs_001,D,bfs_vs_dfs,ollama__devstral__latest,branching_3,dfs,3,no_comments,True,True,dfs,dfs,True,False,,
core_v2_generalization_local_bfs_dfs_001,D,bfs_vs_dfs,ollama__devstral__latest,branching_3,dfs,4,no_comments,True,True,dfs,dfs,True,False,,
core_v2_generalization_local_bfs_dfs_001,D,bfs_vs_dfs,ollama__devstral__latest,branching_3,dfs,5,no_comments,True,True,dfs,dfs,True,False,,
core_v2_generalization_local_bfs_dfs_001,D,bfs_vs_dfs,ollama__qwen2_5-coder__14b,branching_1,bfs,1,no_comments,True,True,bfs,bfs,True,False,,
core_v2_generalization_local_bfs_dfs_001,D,bfs_vs_dfs,ollama__qwen2_5-coder__14b,branching_1,bfs,2,no_comments,True,True,bfs,bfs,True,False,,
core_v2_generalization_local_bfs_dfs_001,D,bfs_vs_dfs,ollama__qwen2_5-coder__14b,branching_1,bfs,3,no_comments,True,True,bfs,bfs,True,False,,
core_v2_generalization_local_bfs_dfs_001,D,bfs_vs_dfs,ollama__qwen2_5-coder__14b,branching_1,bfs,4,no_comments,True,True,bfs,bfs,True,False,,
core_v2_generalization_local_bfs_dfs_001,D,bfs_vs_dfs,ollama__qwen2_5-coder__14b,branching_1,bfs,5,no_comments,True,True,bfs,bfs,True,False,,
core_v2_generalization_local_bfs_dfs_001,D,bfs_vs_dfs,ollama__qwen2_5-coder__14b,branching_1,dfs,1,no_comments,True,True,dfs,dfs,True,False,,
core_v2_generalization_local_bfs_dfs_001,D,bfs_vs_dfs,ollama__qwen2_5-coder__14b,branching_1,dfs,2,no_comments,True,True,dfs,dfs,True,False,,
core_v2_generalization_local_bfs_dfs_001,D,bfs_vs_dfs,ollama__qwen2_5-coder__14b,branching_1,dfs,3,no_comments,True,True,dfs,dfs,True,False,,
core_v2_generalization_local_bfs_dfs_001,D,bfs_vs_dfs,ollama__qwen2_5-coder__14b,branching_1,dfs,4,no_comments,True,True,dfs,dfs,True,False,,
core_v2_generalization_local_bfs_dfs_001,D,bfs_vs_dfs,ollama__qwen2_5-coder__14b,branching_1,dfs,5,no_comments,True,True,dfs,dfs,True,False,,
core_v2_generalization_local_bfs_dfs_001,D,bfs_vs_dfs,ollama__qwen2_5-coder__14b,branching_2,bfs,1,no_comments,True,True,bfs,bfs,True,False,,
core_v2_generalization_local_bfs_dfs_001,D,bfs_vs_dfs,ollama__qwen2_5-coder__14b,branching_2,bfs,2,no_comments,True,True,bfs,bfs,True,False,,
core_v2_generalization_local_bfs_dfs_001,D,bfs_vs_dfs,ollama__qwen2_5-coder__14b,branching_2,bfs,3,no_comments,True,True,bfs,bfs,True,False,,
core_v2_generalization_local_bfs_dfs_001,D,bfs_vs_dfs,ollama__qwen2_5-coder__14b,branching_2,bfs,4,no_comments,True,True,bfs,bfs,True,False,,
core_v2_generalization_local_bfs_dfs_001,D,bfs_vs_dfs,ollama__qwen2_5-coder__14b,branching_2,bfs,5,no_comments,True,True,bfs,bfs,True,False,,
core_v2_generalization_local_bfs_dfs_001,D,bfs_vs_dfs,ollama__qwen2_5-coder__14b,branching_2,dfs,1,no_comments,True,True,dfs,dfs,True,False,,
core_v2_generalization_local_bfs_dfs_001,D,bfs_vs_dfs,ollama__qwen2_5-coder__14b,branching_2,dfs,2,no_comments,True,True,dfs,dfs,True,False,,
core_v2_generalization_local_bfs_dfs_001,D,bfs_vs_dfs,ollama__qwen2_5-coder__14b,branching_2,dfs,3,no_comments,True,True,dfs,dfs,True,False,,
core_v2_generalization_local_bfs_dfs_001,D,bfs_vs_dfs,ollama__qwen2_5-coder__14b,branching_2,dfs,4,no_comments,True,True,dfs,dfs,True,False,,
core_v2_generalization_local_bfs_dfs_001,D,bfs_vs_dfs,ollama__qwen2_5-coder__14b,branching_2,dfs,5,no_comments,True,True,dfs,dfs,True,False,,
core_v2_generalization_local_bfs_dfs_001,D,bfs_vs_dfs,ollama__qwen2_5-coder__14b,branching_3,bfs,1,no_comments,True,True,bfs,bfs,True,False,,
core_v2_generalization_local_bfs_dfs_001,D,bfs_vs_dfs,ollama__qwen2_5-coder__14b,branching_3,bfs,2,no_comments,True,True,bfs,bfs,True,False,,
core_v2_generalization_local_bfs_dfs_001,D,bfs_vs_dfs,ollama__qwen2_5-coder__14b,branching_3,bfs,3,no_comments,True,True,bfs,bfs,True,False,,
core_v2_generalization_local_bfs_dfs_001,D,bfs_vs_dfs,ollama__qwen2_5-coder__14b,branching_3,bfs,4,no_comments,True,True,bfs,bfs,True,False,,
core_v2_generalization_local_bfs_dfs_001,D,bfs_vs_dfs,ollama__qwen2_5-coder__14b,branching_3,bfs,5,no_comments,True,True,bfs,bfs,True,False,,
core_v2_generalization_local_bfs_dfs_001,D,bfs_vs_dfs,ollama__qwen2_5-coder__14b,branching_3,dfs,1,no_comments,True,True,dfs,dfs,True,False,,
core_v2_generalization_local_bfs_dfs_001,D,bfs_vs_dfs,ollama__qwen2_5-coder__14b,branching_3,dfs,2,no_comments,True,True,dfs,dfs,True,False,,
core_v2_generalization_local_bfs_dfs_001,D,bfs_vs_dfs,ollama__qwen2_5-coder__14b,branching_3,dfs,3,no_comments,True,True,dfs,dfs,True,False,,
core_v2_generalization_local_bfs_dfs_001,D,bfs_vs_dfs,ollama__qwen2_5-coder__14b,branching_3,dfs,4,no_comments,True,True,dfs,dfs,True,False,,
core_v2_generalization_local_bfs_dfs_001,D,bfs_vs_dfs,ollama__qwen2_5-coder__14b,branching_3,dfs,5,no_comments,True,True,dfs,dfs,True,False,,
core_v2_generalization_local_bfs_dfs_001,D,bfs_vs_dfs,ollama__qwen2_5-coder__32b,branching_1,bfs,1,no_comments,True,True,bfs,bfs,True,False,,
core_v2_generalization_local_bfs_dfs_001,D,bfs_vs_dfs,ollama__qwen2_5-coder__32b,branching_1,bfs,2,no_comments,True,True,bfs,bfs,True,False,,
core_v2_generalization_local_bfs_dfs_001,D,bfs_vs_dfs,ollama__qwen2_5-coder__32b,branching_1,bfs,3,no_comments,True,True,bfs,bfs,True,False,,
core_v2_generalization_local_bfs_dfs_001,D,bfs_vs_dfs,ollama__qwen2_5-coder__32b,branching_1,bfs,4,no_comments,True,True,bfs,bfs,True,False,,
core_v2_generalization_local_bfs_dfs_001,D,bfs_vs_dfs,ollama__qwen2_5-coder__32b,branching_1,bfs,5,no_comments,True,True,bfs,bfs,True,False,,
core_v2_generalization_local_bfs_dfs_001,D,bfs_vs_dfs,ollama__qwen2_5-coder__32b,branching_1,dfs,1,no_comments,True,True,dfs,dfs,True,False,,
core_v2_generalization_local_bfs_dfs_001,D,bfs_vs_dfs,ollama__qwen2_5-coder__32b,branching_1,dfs,2,no_comments,True,True,dfs,dfs,True,False,,
core_v2_generalization_local_bfs_dfs_001,D,bfs_vs_dfs,ollama__qwen2_5-coder__32b,branching_1,dfs,3,no_comments,True,True,dfs,dfs,True,False,,
core_v2_generalization_local_bfs_dfs_001,D,bfs_vs_dfs,ollama__qwen2_5-coder__32b,branching_1,dfs,4,no_comments,True,True,dfs,dfs,True,False,,
core_v2_generalization_local_bfs_dfs_001,D,bfs_vs_dfs,ollama__qwen2_5-coder__32b,branching_1,dfs,5,no_comments,True,True,dfs,dfs,True,False,,
core_v2_generalization_local_bfs_dfs_001,D,bfs_vs_dfs,ollama__qwen2_5-coder__32b,branching_2,bfs,1,no_comments,True,True,bfs,bfs,True,False,,
core_v2_generalization_local_bfs_dfs_001,D,bfs_vs_dfs,ollama__qwen2_5-coder__32b,branching_2,bfs,2,no_comments,True,True,bfs,bfs,True,False,,
core_v2_generalization_local_bfs_dfs_001,D,bfs_vs_dfs,ollama__qwen2_5-coder__32b,branching_2,bfs,3,no_comments,True,True,bfs,bfs,True,False,,
core_v2_generalization_local_bfs_dfs_001,D,bfs_vs_dfs,ollama__qwen2_5-coder__32b,branching_2,bfs,4,no_comments,True,True,bfs,bfs,True,False,,
core_v2_generalization_local_bfs_dfs_001,D,bfs_vs_dfs,ollama__qwen2_5-coder__32b,branching_2,bfs,5,no_comments,True,True,bfs,bfs,True,False,,
core_v2_generalization_local_bfs_dfs_001,D,bfs_vs_dfs,ollama__qwen2_5-coder__32b,branching_2,dfs,1,no_comments,True,True,dfs,dfs,True,False,,
core_v2_generalization_local_bfs_dfs_001,D,bfs_vs_dfs,ollama__qwen2_5-coder__32b,branching_2,dfs,2,no_comments,True,True,dfs,dfs,True,False,,
core_v2_generalization_local_bfs_dfs_001,D,bfs_vs_dfs,ollama__qwen2_5-coder__32b,branching_2,dfs,3,no_comments,True,True,dfs,dfs,True,False,,
core_v2_generalization_local_bfs_dfs_001,D,bfs_vs_dfs,ollama__qwen2_5-coder__32b,branching_2,dfs,4,no_comments,True,True,dfs,dfs,True,False,,
core_v2_generalization_local_bfs_dfs_001,D,bfs_vs_dfs,ollama__qwen2_5-coder__32b,branching_2,dfs,5,no_comments,True,True,dfs,dfs,True,False,,
core_v2_generalization_local_bfs_dfs_001,D,bfs_vs_dfs,ollama__qwen2_5-coder__32b,branching_3,bfs,1,no_comments,True,True,bfs,bfs,True,False,,
core_v2_generalization_local_bfs_dfs_001,D,bfs_vs_dfs,ollama__qwen2_5-coder__32b,branching_3,bfs,2,no_comments,True,True,bfs,bfs,True,False,,
core_v2_generalization_local_bfs_dfs_001,D,bfs_vs_dfs,ollama__qwen2_5-coder__32b,branching_3,bfs,3,no_comments,True,True,bfs,bfs,True,False,,
core_v2_generalization_local_bfs_dfs_001,D,bfs_vs_dfs,ollama__qwen2_5-coder__32b,branching_3,bfs,4,no_comments,True,True,bfs,bfs,True,False,,
core_v2_generalization_local_bfs_dfs_001,D,bfs_vs_dfs,ollama__qwen2_5-coder__32b,branching_3,bfs,5,no_comments,True,True,bfs,bfs,True,False,,
core_v2_generalization_local_bfs_dfs_001,D,bfs_vs_dfs,ollama__qwen2_5-coder__32b,branching_3,dfs,1,no_comments,True,True,dfs,dfs,True,False,,
core_v2_generalization_local_bfs_dfs_001,D,bfs_vs_dfs,ollama__qwen2_5-coder__32b,branching_3,dfs,2,no_comments,True,True,dfs,dfs,True,False,,
core_v2_generalization_local_bfs_dfs_001,D,bfs_vs_dfs,ollama__qwen2_5-coder__32b,branching_3,dfs,3,no_comments,True,True,dfs,dfs,True,False,,
core_v2_generalization_local_bfs_dfs_001,D,bfs_vs_dfs,ollama__qwen2_5-coder__32b,branching_3,dfs,4,no_comments,True,True,dfs,dfs,True,False,,
core_v2_generalization_local_bfs_dfs_001,D,bfs_vs_dfs,ollama__qwen2_5-coder__32b,branching_3,dfs,5,no_comments,True,True,dfs,dfs,True,False,,
core_v2_generalization_local_bfs_dfs_001,D,bfs_vs_dfs,ollama__qwen3-coder__30b,branching_1,bfs,1,no_comments,True,True,bfs,bfs,True,False,,
core_v2_generalization_local_bfs_dfs_001,D,bfs_vs_dfs,ollama__qwen3-coder__30b,branching_1,bfs,2,no_comments,True,True,bfs,bfs,True,False,,
core_v2_generalization_local_bfs_dfs_001,D,bfs_vs_dfs,ollama__qwen3-coder__30b,branching_1,bfs,3,no_comments,True,True,bfs,bfs,True,False,,
core_v2_generalization_local_bfs_dfs_001,D,bfs_vs_dfs,ollama__qwen3-coder__30b,branching_1,bfs,4,no_comments,True,True,bfs,bfs,True,False,,
core_v2_generalization_local_bfs_dfs_001,D,bfs_vs_dfs,ollama__qwen3-coder__30b,branching_1,bfs,5,no_comments,True,True,bfs,bfs,True,False,,
core_v2_generalization_local_bfs_dfs_001,D,bfs_vs_dfs,ollama__qwen3-coder__30b,branching_1,dfs,1,no_comments,True,True,dfs,dfs,True,False,,
core_v2_generalization_local_bfs_dfs_001,D,bfs_vs_dfs,ollama__qwen3-coder__30b,branching_1,dfs,2,no_comments,True,True,dfs,dfs,True,False,,
core_v2_generalization_local_bfs_dfs_001,D,bfs_vs_dfs,ollama__qwen3-coder__30b,branching_1,dfs,3,no_comments,True,True,dfs,dfs,True,False,,
core_v2_generalization_local_bfs_dfs_001,D,bfs_vs_dfs,ollama__qwen3-coder__30b,branching_1,dfs,4,no_comments,True,True,dfs,dfs,True,False,,
core_v2_generalization_local_bfs_dfs_001,D,bfs_vs_dfs,ollama__qwen3-coder__30b,branching_1,dfs,5,no_comments,True,True,dfs,dfs,True,False,,
core_v2_generalization_local_bfs_dfs_001,D,bfs_vs_dfs,ollama__qwen3-coder__30b,branching_2,bfs,1,no_comments,True,True,bfs,bfs,True,False,,
core_v2_generalization_local_bfs_dfs_001,D,bfs_vs_dfs,ollama__qwen3-coder__30b,branching_2,bfs,2,no_comments,True,True,bfs,bfs,True,False,,
core_v2_generalization_local_bfs_dfs_001,D,bfs_vs_dfs,ollama__qwen3-coder__30b,branching_2,bfs,3,no_comments,True,True,bfs,bfs,True,False,,
core_v2_generalization_local_bfs_dfs_001,D,bfs_vs_dfs,ollama__qwen3-coder__30b,branching_2,bfs,4,no_comments,True,True,bfs,bfs,True,False,,
core_v2_generalization_local_bfs_dfs_001,D,bfs_vs_dfs,ollama__qwen3-coder__30b,branching_2,bfs,5,no_comments,True,True,bfs,bfs,True,False,,
core_v2_generalization_local_bfs_dfs_001,D,bfs_vs_dfs,ollama__qwen3-coder__30b,branching_2,dfs,1,no_comments,True,True,dfs,dfs,True,False,,
core_v2_generalization_local_bfs_dfs_001,D,bfs_vs_dfs,ollama__qwen3-coder__30b,branching_2,dfs,2,no_comments,True,True,dfs,dfs,True,False,,
core_v2_generalization_local_bfs_dfs_001,D,bfs_vs_dfs,ollama__qwen3-coder__30b,branching_2,dfs,3,no_comments,True,True,dfs,dfs,True,False,,
core_v2_generalization_local_bfs_dfs_001,D,bfs_vs_dfs,ollama__qwen3-coder__30b,branching_2,dfs,4,no_comments,True,True,dfs,dfs,True,False,,
core_v2_generalization_local_bfs_dfs_001,D,bfs_vs_dfs,ollama__qwen3-coder__30b,branching_2,dfs,5,no_comments,True,True,dfs,dfs,True,False,,
core_v2_generalization_local_bfs_dfs_001,D,bfs_vs_dfs,ollama__qwen3-coder__30b,branching_3,bfs,1,no_comments,True,True,bfs,bfs,True,False,,
core_v2_generalization_local_bfs_dfs_001,D,bfs_vs_dfs,ollama__qwen3-coder__30b,branching_3,bfs,2,no_comments,True,True,bfs,bfs,True,False,,
core_v2_generalization_local_bfs_dfs_001,D,bfs_vs_dfs,ollama__qwen3-coder__30b,branching_3,bfs,3,no_comments,True,True,bfs,bfs,True,False,,
core_v2_generalization_local_bfs_dfs_001,D,bfs_vs_dfs,ollama__qwen3-coder__30b,branching_3,bfs,4,no_comments,True,True,bfs,bfs,True,False,,
core_v2_generalization_local_bfs_dfs_001,D,bfs_vs_dfs,ollama__qwen3-coder__30b,branching_3,bfs,5,no_comments,True,True,bfs,bfs,True,False,,
core_v2_generalization_local_bfs_dfs_001,D,bfs_vs_dfs,ollama__qwen3-coder__30b,branching_3,dfs,1,no_comments,True,True,dfs,dfs,True,False,,
core_v2_generalization_local_bfs_dfs_001,D,bfs_vs_dfs,ollama__qwen3-coder__30b,branching_3,dfs,2,no_comments,True,True,dfs,dfs,True,False,,
core_v2_generalization_local_bfs_dfs_001,D,bfs_vs_dfs,ollama__qwen3-coder__30b,branching_3,dfs,3,no_comments,True,True,dfs,dfs,True,False,,
core_v2_generalization_local_bfs_dfs_001,D,bfs_vs_dfs,ollama__qwen3-coder__30b,branching_3,dfs,4,no_comments,True,True,dfs,dfs,True,False,,
core_v2_generalization_local_bfs_dfs_001,D,bfs_vs_dfs,ollama__qwen3-coder__30b,branching_3,dfs,5,no_comments,True,True,dfs,dfs,True,False,,
core_v2_generalization_local_bfs_dfs_001,D,bfs_vs_dfs,ollama__devstral__latest,branching_1,bfs,1,renamed,True,True,bfs,bfs,True,False,,
core_v2_generalization_local_bfs_dfs_001,D,bfs_vs_dfs,ollama__devstral__latest,branching_1,bfs,2,renamed,True,True,bfs,bfs,True,False,,
core_v2_generalization_local_bfs_dfs_001,D,bfs_vs_dfs,ollama__devstral__latest,branching_1,bfs,3,renamed,True,True,bfs,bfs,True,False,,
core_v2_generalization_local_bfs_dfs_001,D,bfs_vs_dfs,ollama__devstral__latest,branching_1,bfs,4,renamed,True,True,bfs,bfs,True,False,,
core_v2_generalization_local_bfs_dfs_001,D,bfs_vs_dfs,ollama__devstral__latest,branching_1,bfs,5,renamed,True,True,bfs,bfs,True,False,,
core_v2_generalization_local_bfs_dfs_001,D,bfs_vs_dfs,ollama__devstral__latest,branching_1,dfs,1,renamed,True,True,dfs,dfs,True,False,,
core_v2_generalization_local_bfs_dfs_001,D,bfs_vs_dfs,ollama__devstral__latest,branching_1,dfs,2,renamed,True,True,dfs,dfs,True,False,,
core_v2_generalization_local_bfs_dfs_001,D,bfs_vs_dfs,ollama__devstral__latest,branching_1,dfs,3,renamed,True,True,dfs,dfs,True,False,,
core_v2_generalization_local_bfs_dfs_001,D,bfs_vs_dfs,ollama__devstral__latest,branching_1,dfs,4,renamed,True,True,dfs,dfs,True,False,,
core_v2_generalization_local_bfs_dfs_001,D,bfs_vs_dfs,ollama__devstral__latest,branching_1,dfs,5,renamed,True,True,dfs,dfs,True,False,,
core_v2_generalization_local_bfs_dfs_001,D,bfs_vs_dfs,ollama__devstral__latest,branching_2,bfs,1,renamed,True,True,bfs,bfs,True,False,,
core_v2_generalization_local_bfs_dfs_001,D,bfs_vs_dfs,ollama__devstral__latest,branching_2,bfs,2,renamed,True,True,bfs,bfs,True,False,,
core_v2_generalization_local_bfs_dfs_001,D,bfs_vs_dfs,ollama__devstral__latest,branching_2,bfs,3,renamed,True,True,bfs,bfs,True,False,,
core_v2_generalization_local_bfs_dfs_001,D,bfs_vs_dfs,ollama__devstral__latest,branching_2,bfs,4,renamed,True,True,bfs,bfs,True,False,,
core_v2_generalization_local_bfs_dfs_001,D,bfs_vs_dfs,ollama__devstral__latest,branching_2,bfs,5,renamed,True,True,bfs,bfs,True,False,,
core_v2_generalization_local_bfs_dfs_001,D,bfs_vs_dfs,ollama__devstral__latest,branching_2,dfs,1,renamed,True,True,dfs,dfs,True,False,,
core_v2_generalization_local_bfs_dfs_001,D,bfs_vs_dfs,ollama__devstral__latest,branching_2,dfs,2,renamed,True,True,dfs,dfs,True,False,,
core_v2_generalization_local_bfs_dfs_001,D,bfs_vs_dfs,ollama__devstral__latest,branching_2,dfs,3,renamed,True,True,dfs,dfs,True,False,,
core_v2_generalization_local_bfs_dfs_001,D,bfs_vs_dfs,ollama__devstral__latest,branching_2,dfs,4,renamed,True,True,dfs,dfs,True,False,,
core_v2_generalization_local_bfs_dfs_001,D,bfs_vs_dfs,ollama__devstral__latest,branching_2,dfs,5,renamed,True,True,dfs,dfs,True,False,,
core_v2_generalization_local_bfs_dfs_001,D,bfs_vs_dfs,ollama__devstral__latest,branching_3,bfs,1,renamed,True,True,bfs,bfs,True,False,,
core_v2_generalization_local_bfs_dfs_001,D,bfs_vs_dfs,ollama__devstral__latest,branching_3,bfs,2,renamed,True,True,bfs,bfs,True,False,,
core_v2_generalization_local_bfs_dfs_001,D,bfs_vs_dfs,ollama__devstral__latest,branching_3,bfs,3,renamed,True,True,bfs,bfs,True,False,,
core_v2_generalization_local_bfs_dfs_001,D,bfs_vs_dfs,ollama__devstral__latest,branching_3,bfs,4,renamed,True,True,bfs,bfs,True,False,,
core_v2_generalization_local_bfs_dfs_001,D,bfs_vs_dfs,ollama__devstral__latest,branching_3,bfs,5,renamed,True,True,bfs,bfs,True,False,,
core_v2_generalization_local_bfs_dfs_001,D,bfs_vs_dfs,ollama__devstral__latest,branching_3,dfs,1,renamed,True,True,dfs,dfs,True,False,,
core_v2_generalization_local_bfs_dfs_001,D,bfs_vs_dfs,ollama__devstral__latest,branching_3,dfs,2,renamed,True,True,dfs,dfs,True,False,,
core_v2_generalization_local_bfs_dfs_001,D,bfs_vs_dfs,ollama__devstral__latest,branching_3,dfs,3,renamed,True,True,dfs,dfs,True,False,,
core_v2_generalization_local_bfs_dfs_001,D,bfs_vs_dfs,ollama__devstral__latest,branching_3,dfs,4,renamed,True,True,dfs,dfs,True,False,,
core_v2_generalization_local_bfs_dfs_001,D,bfs_vs_dfs,ollama__devstral__latest,branching_3,dfs,5,renamed,True,True,dfs,dfs,True,False,,
core_v2_generalization_local_bfs_dfs_001,D,bfs_vs_dfs,ollama__qwen2_5-coder__14b,branching_1,bfs,1,renamed,True,True,bfs,bfs,True,False,,
core_v2_generalization_local_bfs_dfs_001,D,bfs_vs_dfs,ollama__qwen2_5-coder__14b,branching_1,bfs,2,renamed,True,True,bfs,bfs,True,False,,
core_v2_generalization_local_bfs_dfs_001,D,bfs_vs_dfs,ollama__qwen2_5-coder__14b,branching_1,bfs,3,renamed,True,True,bfs,bfs,True,False,,
core_v2_generalization_local_bfs_dfs_001,D,bfs_vs_dfs,ollama__qwen2_5-coder__14b,branching_1,bfs,4,renamed,True,True,bfs,bfs,True,False,,
core_v2_generalization_local_bfs_dfs_001,D,bfs_vs_dfs,ollama__qwen2_5-coder__14b,branching_1,bfs,5,renamed,True,True,bfs,bfs,True,False,,
core_v2_generalization_local_bfs_dfs_001,D,bfs_vs_dfs,ollama__qwen2_5-coder__14b,branching_1,dfs,1,renamed,True,True,dfs,dfs,True,False,,
core_v2_generalization_local_bfs_dfs_001,D,bfs_vs_dfs,ollama__qwen2_5-coder__14b,branching_1,dfs,2,renamed,True,True,dfs,dfs,True,False,,
core_v2_generalization_local_bfs_dfs_001,D,bfs_vs_dfs,ollama__qwen2_5-coder__14b,branching_1,dfs,3,renamed,True,True,dfs,dfs,True,False,,
core_v2_generalization_local_bfs_dfs_001,D,bfs_vs_dfs,ollama__qwen2_5-coder__14b,branching_1,dfs,4,renamed,True,True,dfs,dfs,True,False,,
core_v2_generalization_local_bfs_dfs_001,D,bfs_vs_dfs,ollama__qwen2_5-coder__14b,branching_1,dfs,5,renamed,True,True,dfs,dfs,True,False,,
core_v2_generalization_local_bfs_dfs_001,D,bfs_vs_dfs,ollama__qwen2_5-coder__14b,branching_2,bfs,1,renamed,True,True,bfs,bfs,True,False,,
core_v2_generalization_local_bfs_dfs_001,D,bfs_vs_dfs,ollama__qwen2_5-coder__14b,branching_2,bfs,2,renamed,True,True,bfs,bfs,True,False,,
core_v2_generalization_local_bfs_dfs_001,D,bfs_vs_dfs,ollama__qwen2_5-coder__14b,branching_2,bfs,3,renamed,True,True,bfs,bfs,True,False,,
core_v2_generalization_local_bfs_dfs_001,D,bfs_vs_dfs,ollama__qwen2_5-coder__14b,branching_2,bfs,4,renamed,True,True,bfs,bfs,True,False,,
core_v2_generalization_local_bfs_dfs_001,D,bfs_vs_dfs,ollama__qwen2_5-coder__14b,branching_2,bfs,5,renamed,True,True,bfs,bfs,True,False,,
core_v2_generalization_local_bfs_dfs_001,D,bfs_vs_dfs,ollama__qwen2_5-coder__14b,branching_2,dfs,1,renamed,True,True,dfs,dfs,True,False,,
core_v2_generalization_local_bfs_dfs_001,D,bfs_vs_dfs,ollama__qwen2_5-coder__14b,branching_2,dfs,2,renamed,True,True,dfs,dfs,True,False,,
core_v2_generalization_local_bfs_dfs_001,D,bfs_vs_dfs,ollama__qwen2_5-coder__14b,branching_2,dfs,3,renamed,True,True,dfs,dfs,True,False,,
core_v2_generalization_local_bfs_dfs_001,D,bfs_vs_dfs,ollama__qwen2_5-coder__14b,branching_2,dfs,4,renamed,True,True,dfs,dfs,True,False,,
core_v2_generalization_local_bfs_dfs_001,D,bfs_vs_dfs,ollama__qwen2_5-coder__14b,branching_2,dfs,5,renamed,True,True,dfs,dfs,True,False,,
core_v2_generalization_local_bfs_dfs_001,D,bfs_vs_dfs,ollama__qwen2_5-coder__14b,branching_3,bfs,1,renamed,True,True,bfs,bfs,True,False,,
core_v2_generalization_local_bfs_dfs_001,D,bfs_vs_dfs,ollama__qwen2_5-coder__14b,branching_3,bfs,2,renamed,True,True,bfs,bfs,True,False,,
core_v2_generalization_local_bfs_dfs_001,D,bfs_vs_dfs,ollama__qwen2_5-coder__14b,branching_3,bfs,3,renamed,True,True,bfs,bfs,True,False,,
core_v2_generalization_local_bfs_dfs_001,D,bfs_vs_dfs,ollama__qwen2_5-coder__14b,branching_3,bfs,4,renamed,True,True,bfs,bfs,True,False,,
core_v2_generalization_local_bfs_dfs_001,D,bfs_vs_dfs,ollama__qwen2_5-coder__14b,branching_3,bfs,5,renamed,True,True,bfs,bfs,True,False,,
core_v2_generalization_local_bfs_dfs_001,D,bfs_vs_dfs,ollama__qwen2_5-coder__14b,branching_3,dfs,1,renamed,True,True,dfs,dfs,True,False,,
core_v2_generalization_local_bfs_dfs_001,D,bfs_vs_dfs,ollama__qwen2_5-coder__14b,branching_3,dfs,2,renamed,True,True,dfs,dfs,True,False,,
core_v2_generalization_local_bfs_dfs_001,D,bfs_vs_dfs,ollama__qwen2_5-coder__14b,branching_3,dfs,3,renamed,True,True,dfs,dfs,True,False,,
core_v2_generalization_local_bfs_dfs_001,D,bfs_vs_dfs,ollama__qwen2_5-coder__14b,branching_3,dfs,4,renamed,True,True,dfs,dfs,True,False,,
core_v2_generalization_local_bfs_dfs_001,D,bfs_vs_dfs,ollama__qwen2_5-coder__14b,branching_3,dfs,5,renamed,True,True,dfs,dfs,True,False,,
core_v2_generalization_local_bfs_dfs_001,D,bfs_vs_dfs,ollama__qwen2_5-coder__32b,branching_1,bfs,1,renamed,True,True,bfs,bfs,True,False,,
core_v2_generalization_local_bfs_dfs_001,D,bfs_vs_dfs,ollama__qwen2_5-coder__32b,branching_1,bfs,2,renamed,True,True,bfs,bfs,True,False,,
core_v2_generalization_local_bfs_dfs_001,D,bfs_vs_dfs,ollama__qwen2_5-coder__32b,branching_1,bfs,3,renamed,True,True,bfs,bfs,True,False,,
core_v2_generalization_local_bfs_dfs_001,D,bfs_vs_dfs,ollama__qwen2_5-coder__32b,branching_1,bfs,4,renamed,True,True,bfs,bfs,True,False,,
core_v2_generalization_local_bfs_dfs_001,D,bfs_vs_dfs,ollama__qwen2_5-coder__32b,branching_1,bfs,5,renamed,True,True,bfs,bfs,True,False,,
core_v2_generalization_local_bfs_dfs_001,D,bfs_vs_dfs,ollama__qwen2_5-coder__32b,branching_1,dfs,1,renamed,True,True,dfs,dfs,True,False,,
core_v2_generalization_local_bfs_dfs_001,D,bfs_vs_dfs,ollama__qwen2_5-coder__32b,branching_1,dfs,2,renamed,True,True,dfs,dfs,True,False,,
core_v2_generalization_local_bfs_dfs_001,D,bfs_vs_dfs,ollama__qwen2_5-coder__32b,branching_1,dfs,3,renamed,True,True,dfs,dfs,True,False,,
core_v2_generalization_local_bfs_dfs_001,D,bfs_vs_dfs,ollama__qwen2_5-coder__32b,branching_1,dfs,4,renamed,True,True,dfs,dfs,True,False,,
core_v2_generalization_local_bfs_dfs_001,D,bfs_vs_dfs,ollama__qwen2_5-coder__32b,branching_1,dfs,5,renamed,True,True,dfs,dfs,True,False,,
core_v2_generalization_local_bfs_dfs_001,D,bfs_vs_dfs,ollama__qwen2_5-coder__32b,branching_2,bfs,1,renamed,True,True,bfs,bfs,True,False,,
core_v2_generalization_local_bfs_dfs_001,D,bfs_vs_dfs,ollama__qwen2_5-coder__32b,branching_2,bfs,2,renamed,True,True,bfs,bfs,True,False,,
core_v2_generalization_local_bfs_dfs_001,D,bfs_vs_dfs,ollama__qwen2_5-coder__32b,branching_2,bfs,3,renamed,True,True,bfs,bfs,True,False,,
core_v2_generalization_local_bfs_dfs_001,D,bfs_vs_dfs,ollama__qwen2_5-coder__32b,branching_2,bfs,4,renamed,True,True,bfs,bfs,True,False,,
core_v2_generalization_local_bfs_dfs_001,D,bfs_vs_dfs,ollama__qwen2_5-coder__32b,branching_2,bfs,5,renamed,True,True,bfs,bfs,True,False,,
core_v2_generalization_local_bfs_dfs_001,D,bfs_vs_dfs,ollama__qwen2_5-coder__32b,branching_2,dfs,1,renamed,True,True,dfs,dfs,True,False,,
core_v2_generalization_local_bfs_dfs_001,D,bfs_vs_dfs,ollama__qwen2_5-coder__32b,branching_2,dfs,2,renamed,True,True,dfs,dfs,True,False,,
core_v2_generalization_local_bfs_dfs_001,D,bfs_vs_dfs,ollama__qwen2_5-coder__32b,branching_2,dfs,3,renamed,True,True,dfs,dfs,True,False,,
core_v2_generalization_local_bfs_dfs_001,D,bfs_vs_dfs,ollama__qwen2_5-coder__32b,branching_2,dfs,4,renamed,True,True,dfs,dfs,True,False,,
core_v2_generalization_local_bfs_dfs_001,D,bfs_vs_dfs,ollama__qwen2_5-coder__32b,branching_2,dfs,5,renamed,True,True,dfs,dfs,True,False,,
core_v2_generalization_local_bfs_dfs_001,D,bfs_vs_dfs,ollama__qwen2_5-coder__32b,branching_3,bfs,1,renamed,True,True,bfs,bfs,True,False,,
core_v2_generalization_local_bfs_dfs_001,D,bfs_vs_dfs,ollama__qwen2_5-coder__32b,branching_3,bfs,2,renamed,True,True,bfs,bfs,True,False,,
core_v2_generalization_local_bfs_dfs_001,D,bfs_vs_dfs,ollama__qwen2_5-coder__32b,branching_3,bfs,3,renamed,True,True,bfs,bfs,True,False,,
core_v2_generalization_local_bfs_dfs_001,D,bfs_vs_dfs,ollama__qwen2_5-coder__32b,branching_3,bfs,4,renamed,True,True,bfs,bfs,True,False,,
core_v2_generalization_local_bfs_dfs_001,D,bfs_vs_dfs,ollama__qwen2_5-coder__32b,branching_3,bfs,5,renamed,True,True,bfs,bfs,True,False,,
core_v2_generalization_local_bfs_dfs_001,D,bfs_vs_dfs,ollama__qwen2_5-coder__32b,branching_3,dfs,1,renamed,True,True,dfs,dfs,True,False,,
core_v2_generalization_local_bfs_dfs_001,D,bfs_vs_dfs,ollama__qwen2_5-coder__32b,branching_3,dfs,2,renamed,True,True,dfs,dfs,True,False,,
core_v2_generalization_local_bfs_dfs_001,D,bfs_vs_dfs,ollama__qwen2_5-coder__32b,branching_3,dfs,3,renamed,True,True,dfs,dfs,True,False,,
core_v2_generalization_local_bfs_dfs_001,D,bfs_vs_dfs,ollama__qwen2_5-coder__32b,branching_3,dfs,4,renamed,True,True,dfs,dfs,True,False,,
core_v2_generalization_local_bfs_dfs_001,D,bfs_vs_dfs,ollama__qwen2_5-coder__32b,branching_3,dfs,5,renamed,True,True,dfs,dfs,True,False,,
core_v2_generalization_local_bfs_dfs_001,D,bfs_vs_dfs,ollama__qwen3-coder__30b,branching_1,bfs,1,renamed,True,True,bfs,bfs,True,False,,
core_v2_generalization_local_bfs_dfs_001,D,bfs_vs_dfs,ollama__qwen3-coder__30b,branching_1,bfs,2,renamed,True,True,bfs,bfs,True,False,,
core_v2_generalization_local_bfs_dfs_001,D,bfs_vs_dfs,ollama__qwen3-coder__30b,branching_1,bfs,3,renamed,True,True,bfs,bfs,True,False,,
core_v2_generalization_local_bfs_dfs_001,D,bfs_vs_dfs,ollama__qwen3-coder__30b,branching_1,bfs,4,renamed,True,True,bfs,bfs,True,False,,
core_v2_generalization_local_bfs_dfs_001,D,bfs_vs_dfs,ollama__qwen3-coder__30b,branching_1,bfs,5,renamed,True,True,bfs,bfs,True,False,,
core_v2_generalization_local_bfs_dfs_001,D,bfs_vs_dfs,ollama__qwen3-coder__30b,branching_1,dfs,1,renamed,True,True,dfs,dfs,True,False,,
core_v2_generalization_local_bfs_dfs_001,D,bfs_vs_dfs,ollama__qwen3-coder__30b,branching_1,dfs,2,renamed,True,True,dfs,dfs,True,False,,
core_v2_generalization_local_bfs_dfs_001,D,bfs_vs_dfs,ollama__qwen3-coder__30b,branching_1,dfs,3,renamed,True,True,dfs,dfs,True,False,,
core_v2_generalization_local_bfs_dfs_001,D,bfs_vs_dfs,ollama__qwen3-coder__30b,branching_1,dfs,4,renamed,True,True,dfs,dfs,True,False,,
core_v2_generalization_local_bfs_dfs_001,D,bfs_vs_dfs,ollama__qwen3-coder__30b,branching_1,dfs,5,renamed,True,True,dfs,dfs,True,False,,
core_v2_generalization_local_bfs_dfs_001,D,bfs_vs_dfs,ollama__qwen3-coder__30b,branching_2,bfs,1,renamed,True,True,bfs,bfs,True,False,,
core_v2_generalization_local_bfs_dfs_001,D,bfs_vs_dfs,ollama__qwen3-coder__30b,branching_2,bfs,2,renamed,True,True,bfs,bfs,True,False,,
core_v2_generalization_local_bfs_dfs_001,D,bfs_vs_dfs,ollama__qwen3-coder__30b,branching_2,bfs,3,renamed,True,True,bfs,bfs,True,False,,
core_v2_generalization_local_bfs_dfs_001,D,bfs_vs_dfs,ollama__qwen3-coder__30b,branching_2,bfs,4,renamed,True,True,bfs,bfs,True,False,,
core_v2_generalization_local_bfs_dfs_001,D,bfs_vs_dfs,ollama__qwen3-coder__30b,branching_2,bfs,5,renamed,True,True,bfs,bfs,True,False,,
core_v2_generalization_local_bfs_dfs_001,D,bfs_vs_dfs,ollama__qwen3-coder__30b,branching_2,dfs,1,renamed,True,True,dfs,dfs,True,False,,
core_v2_generalization_local_bfs_dfs_001,D,bfs_vs_dfs,ollama__qwen3-coder__30b,branching_2,dfs,2,renamed,True,True,dfs,dfs,True,False,,
core_v2_generalization_local_bfs_dfs_001,D,bfs_vs_dfs,ollama__qwen3-coder__30b,branching_2,dfs,3,renamed,True,True,dfs,dfs,True,False,,
core_v2_generalization_local_bfs_dfs_001,D,bfs_vs_dfs,ollama__qwen3-coder__30b,branching_2,dfs,4,renamed,True,True,dfs,dfs,True,False,,
core_v2_generalization_local_bfs_dfs_001,D,bfs_vs_dfs,ollama__qwen3-coder__30b,branching_2,dfs,5,renamed,True,True,dfs,dfs,True,False,,
core_v2_generalization_local_bfs_dfs_001,D,bfs_vs_dfs,ollama__qwen3-coder__30b,branching_3,bfs,1,renamed,True,True,bfs,bfs,True,False,,
core_v2_generalization_local_bfs_dfs_001,D,bfs_vs_dfs,ollama__qwen3-coder__30b,branching_3,bfs,2,renamed,True,True,bfs,bfs,True,False,,
core_v2_generalization_local_bfs_dfs_001,D,bfs_vs_dfs,ollama__qwen3-coder__30b,branching_3,bfs,3,renamed,True,True,bfs,bfs,True,False,,
core_v2_generalization_local_bfs_dfs_001,D,bfs_vs_dfs,ollama__qwen3-coder__30b,branching_3,bfs,4,renamed,True,True,bfs,bfs,True,False,,
core_v2_generalization_local_bfs_dfs_001,D,bfs_vs_dfs,ollama__qwen3-coder__30b,branching_3,bfs,5,renamed,True,True,bfs,bfs,True,False,,
core_v2_generalization_local_bfs_dfs_001,D,bfs_vs_dfs,ollama__qwen3-coder__30b,branching_3,dfs,1,renamed,True,True,dfs,dfs,True,False,,
core_v2_generalization_local_bfs_dfs_001,D,bfs_vs_dfs,ollama__qwen3-coder__30b,branching_3,dfs,2,renamed,True,True,dfs,dfs,True,False,,
core_v2_generalization_local_bfs_dfs_001,D,bfs_vs_dfs,ollama__qwen3-coder__30b,branching_3,dfs,3,renamed,True,True,dfs,dfs,True,False,,
core_v2_generalization_local_bfs_dfs_001,D,bfs_vs_dfs,ollama__qwen3-coder__30b,branching_3,dfs,4,renamed,True,True,dfs,dfs,True,False,,
core_v2_generalization_local_bfs_dfs_001,D,bfs_vs_dfs,ollama__qwen3-coder__30b,branching_3,dfs,5,renamed,True,True,dfs,dfs,True,False,,
core_v2_generalization_local_bfs_dfs_001,D,bfs_vs_dfs,ollama__devstral__latest,branching_1,bfs,1,no_imports,True,True,bfs,bfs,True,False,,
core_v2_generalization_local_bfs_dfs_001,D,bfs_vs_dfs,ollama__devstral__latest,branching_1,bfs,2,no_imports,True,True,bfs,bfs,True,False,,
core_v2_generalization_local_bfs_dfs_001,D,bfs_vs_dfs,ollama__devstral__latest,branching_1,bfs,3,no_imports,True,True,bfs,bfs,True,False,,
core_v2_generalization_local_bfs_dfs_001,D,bfs_vs_dfs,ollama__devstral__latest,branching_1,bfs,4,no_imports,True,True,bfs,bfs,True,False,,
core_v2_generalization_local_bfs_dfs_001,D,bfs_vs_dfs,ollama__devstral__latest,branching_1,bfs,5,no_imports,True,True,bfs,bfs,True,False,,
core_v2_generalization_local_bfs_dfs_001,D,bfs_vs_dfs,ollama__devstral__latest,branching_1,dfs,1,no_imports,True,True,dfs,dfs,True,False,,
core_v2_generalization_local_bfs_dfs_001,D,bfs_vs_dfs,ollama__devstral__latest,branching_1,dfs,2,no_imports,True,True,dfs,dfs,True,False,,
core_v2_generalization_local_bfs_dfs_001,D,bfs_vs_dfs,ollama__devstral__latest,branching_1,dfs,3,no_imports,True,True,dfs,dfs,True,False,,
core_v2_generalization_local_bfs_dfs_001,D,bfs_vs_dfs,ollama__devstral__latest,branching_1,dfs,4,no_imports,True,True,dfs,dfs,True,False,,
core_v2_generalization_local_bfs_dfs_001,D,bfs_vs_dfs,ollama__devstral__latest,branching_1,dfs,5,no_imports,True,True,dfs,dfs,True,False,,
core_v2_generalization_local_bfs_dfs_001,D,bfs_vs_dfs,ollama__devstral__latest,branching_2,bfs,1,no_imports,True,True,bfs,bfs,True,False,,
core_v2_generalization_local_bfs_dfs_001,D,bfs_vs_dfs,ollama__devstral__latest,branching_2,bfs,2,no_imports,True,True,bfs,bfs,True,False,,
core_v2_generalization_local_bfs_dfs_001,D,bfs_vs_dfs,ollama__devstral__latest,branching_2,bfs,3,no_imports,True,True,bfs,bfs,True,False,,
core_v2_generalization_local_bfs_dfs_001,D,bfs_vs_dfs,ollama__devstral__latest,branching_2,bfs,4,no_imports,True,True,bfs,bfs,True,False,,
core_v2_generalization_local_bfs_dfs_001,D,bfs_vs_dfs,ollama__devstral__latest,branching_2,bfs,5,no_imports,True,True,bfs,bfs,True,False,,
core_v2_generalization_local_bfs_dfs_001,D,bfs_vs_dfs,ollama__devstral__latest,branching_2,dfs,1,no_imports,True,True,dfs,dfs,True,False,,
core_v2_generalization_local_bfs_dfs_001,D,bfs_vs_dfs,ollama__devstral__latest,branching_2,dfs,2,no_imports,True,True,dfs,dfs,True,False,,
core_v2_generalization_local_bfs_dfs_001,D,bfs_vs_dfs,ollama__devstral__latest,branching_2,dfs,3,no_imports,True,True,dfs,dfs,True,False,,
core_v2_generalization_local_bfs_dfs_001,D,bfs_vs_dfs,ollama__devstral__latest,branching_2,dfs,4,no_imports,True,True,dfs,dfs,True,False,,
core_v2_generalization_local_bfs_dfs_001,D,bfs_vs_dfs,ollama__devstral__latest,branching_2,dfs,5,no_imports,True,True,dfs,dfs,True,False,,
core_v2_generalization_local_bfs_dfs_001,D,bfs_vs_dfs,ollama__devstral__latest,branching_3,bfs,1,no_imports,True,True,bfs,bfs,True,False,,
core_v2_generalization_local_bfs_dfs_001,D,bfs_vs_dfs,ollama__devstral__latest,branching_3,bfs,2,no_imports,True,True,bfs,bfs,True,False,,
core_v2_generalization_local_bfs_dfs_001,D,bfs_vs_dfs,ollama__devstral__latest,branching_3,bfs,3,no_imports,True,True,bfs,bfs,True,False,,
core_v2_generalization_local_bfs_dfs_001,D,bfs_vs_dfs,ollama__devstral__latest,branching_3,bfs,4,no_imports,True,True,bfs,bfs,True,False,,
core_v2_generalization_local_bfs_dfs_001,D,bfs_vs_dfs,ollama__devstral__latest,branching_3,bfs,5,no_imports,True,True,bfs,bfs,True,False,,
core_v2_generalization_local_bfs_dfs_001,D,bfs_vs_dfs,ollama__devstral__latest,branching_3,dfs,1,no_imports,True,True,dfs,dfs,True,False,,
core_v2_generalization_local_bfs_dfs_001,D,bfs_vs_dfs,ollama__devstral__latest,branching_3,dfs,2,no_imports,True,True,dfs,dfs,True,False,,
core_v2_generalization_local_bfs_dfs_001,D,bfs_vs_dfs,ollama__devstral__latest,branching_3,dfs,3,no_imports,True,True,dfs,dfs,True,False,,
core_v2_generalization_local_bfs_dfs_001,D,bfs_vs_dfs,ollama__devstral__latest,branching_3,dfs,4,no_imports,True,True,dfs,dfs,True,False,,
core_v2_generalization_local_bfs_dfs_001,D,bfs_vs_dfs,ollama__devstral__latest,branching_3,dfs,5,no_imports,True,True,dfs,dfs,True,False,,
core_v2_generalization_local_bfs_dfs_001,D,bfs_vs_dfs,ollama__qwen2_5-coder__14b,branching_1,bfs,1,no_imports,True,True,bfs,bfs,True,False,,
core_v2_generalization_local_bfs_dfs_001,D,bfs_vs_dfs,ollama__qwen2_5-coder__14b,branching_1,bfs,2,no_imports,True,True,bfs,bfs,True,False,,
core_v2_generalization_local_bfs_dfs_001,D,bfs_vs_dfs,ollama__qwen2_5-coder__14b,branching_1,bfs,3,no_imports,True,True,bfs,bfs,True,False,,
core_v2_generalization_local_bfs_dfs_001,D,bfs_vs_dfs,ollama__qwen2_5-coder__14b,branching_1,bfs,4,no_imports,True,True,bfs,bfs,True,False,,
core_v2_generalization_local_bfs_dfs_001,D,bfs_vs_dfs,ollama__qwen2_5-coder__14b,branching_1,bfs,5,no_imports,True,True,bfs,bfs,True,False,,
core_v2_generalization_local_bfs_dfs_001,D,bfs_vs_dfs,ollama__qwen2_5-coder__14b,branching_1,dfs,1,no_imports,True,True,dfs,dfs,True,False,,
core_v2_generalization_local_bfs_dfs_001,D,bfs_vs_dfs,ollama__qwen2_5-coder__14b,branching_1,dfs,2,no_imports,True,True,dfs,dfs,True,False,,
core_v2_generalization_local_bfs_dfs_001,D,bfs_vs_dfs,ollama__qwen2_5-coder__14b,branching_1,dfs,3,no_imports,True,True,dfs,dfs,True,False,,
core_v2_generalization_local_bfs_dfs_001,D,bfs_vs_dfs,ollama__qwen2_5-coder__14b,branching_1,dfs,4,no_imports,True,True,dfs,dfs,True,False,,
core_v2_generalization_local_bfs_dfs_001,D,bfs_vs_dfs,ollama__qwen2_5-coder__14b,branching_1,dfs,5,no_imports,True,True,dfs,dfs,True,False,,
core_v2_generalization_local_bfs_dfs_001,D,bfs_vs_dfs,ollama__qwen2_5-coder__14b,branching_2,bfs,1,no_imports,True,True,bfs,bfs,True,False,,
core_v2_generalization_local_bfs_dfs_001,D,bfs_vs_dfs,ollama__qwen2_5-coder__14b,branching_2,bfs,2,no_imports,True,True,bfs,bfs,True,False,,
core_v2_generalization_local_bfs_dfs_001,D,bfs_vs_dfs,ollama__qwen2_5-coder__14b,branching_2,bfs,3,no_imports,True,True,bfs,bfs,True,False,,
core_v2_generalization_local_bfs_dfs_001,D,bfs_vs_dfs,ollama__qwen2_5-coder__14b,branching_2,bfs,4,no_imports,True,True,bfs,bfs,True,False,,
core_v2_generalization_local_bfs_dfs_001,D,bfs_vs_dfs,ollama__qwen2_5-coder__14b,branching_2,bfs,5,no_imports,True,True,bfs,bfs,True,False,,
core_v2_generalization_local_bfs_dfs_001,D,bfs_vs_dfs,ollama__qwen2_5-coder__14b,branching_2,dfs,1,no_imports,True,True,dfs,dfs,True,False,,
core_v2_generalization_local_bfs_dfs_001,D,bfs_vs_dfs,ollama__qwen2_5-coder__14b,branching_2,dfs,2,no_imports,True,True,dfs,dfs,True,False,,
core_v2_generalization_local_bfs_dfs_001,D,bfs_vs_dfs,ollama__qwen2_5-coder__14b,branching_2,dfs,3,no_imports,True,True,dfs,dfs,True,False,,
core_v2_generalization_local_bfs_dfs_001,D,bfs_vs_dfs,ollama__qwen2_5-coder__14b,branching_2,dfs,4,no_imports,True,True,dfs,dfs,True,False,,
core_v2_generalization_local_bfs_dfs_001,D,bfs_vs_dfs,ollama__qwen2_5-coder__14b,branching_2,dfs,5,no_imports,True,True,dfs,dfs,True,False,,
core_v2_generalization_local_bfs_dfs_001,D,bfs_vs_dfs,ollama__qwen2_5-coder__14b,branching_3,bfs,1,no_imports,True,True,bfs,bfs,True,False,,
core_v2_generalization_local_bfs_dfs_001,D,bfs_vs_dfs,ollama__qwen2_5-coder__14b,branching_3,bfs,2,no_imports,True,True,bfs,bfs,True,False,,
core_v2_generalization_local_bfs_dfs_001,D,bfs_vs_dfs,ollama__qwen2_5-coder__14b,branching_3,bfs,3,no_imports,True,True,bfs,bfs,True,False,,
core_v2_generalization_local_bfs_dfs_001,D,bfs_vs_dfs,ollama__qwen2_5-coder__14b,branching_3,bfs,4,no_imports,True,True,bfs,bfs,True,False,,
core_v2_generalization_local_bfs_dfs_001,D,bfs_vs_dfs,ollama__qwen2_5-coder__14b,branching_3,bfs,5,no_imports,True,True,bfs,bfs,True,False,,
core_v2_generalization_local_bfs_dfs_001,D,bfs_vs_dfs,ollama__qwen2_5-coder__14b,branching_3,dfs,1,no_imports,True,True,dfs,dfs,True,False,,
core_v2_generalization_local_bfs_dfs_001,D,bfs_vs_dfs,ollama__qwen2_5-coder__14b,branching_3,dfs,2,no_imports,True,True,dfs,dfs,True,False,,
core_v2_generalization_local_bfs_dfs_001,D,bfs_vs_dfs,ollama__qwen2_5-coder__14b,branching_3,dfs,3,no_imports,True,True,dfs,dfs,True,False,,
core_v2_generalization_local_bfs_dfs_001,D,bfs_vs_dfs,ollama__qwen2_5-coder__14b,branching_3,dfs,4,no_imports,True,True,dfs,dfs,True,False,,
core_v2_generalization_local_bfs_dfs_001,D,bfs_vs_dfs,ollama__qwen2_5-coder__14b,branching_3,dfs,5,no_imports,True,True,dfs,dfs,True,False,,
core_v2_generalization_local_bfs_dfs_001,D,bfs_vs_dfs,ollama__qwen2_5-coder__32b,branching_1,bfs,1,no_imports,True,True,bfs,bfs,True,False,,
core_v2_generalization_local_bfs_dfs_001,D,bfs_vs_dfs,ollama__qwen2_5-coder__32b,branching_1,bfs,2,no_imports,True,True,bfs,bfs,True,False,,
core_v2_generalization_local_bfs_dfs_001,D,bfs_vs_dfs,ollama__qwen2_5-coder__32b,branching_1,bfs,3,no_imports,True,True,bfs,bfs,True,False,,
core_v2_generalization_local_bfs_dfs_001,D,bfs_vs_dfs,ollama__qwen2_5-coder__32b,branching_1,bfs,4,no_imports,True,True,bfs,bfs,True,False,,
core_v2_generalization_local_bfs_dfs_001,D,bfs_vs_dfs,ollama__qwen2_5-coder__32b,branching_1,bfs,5,no_imports,True,True,bfs,bfs,True,False,,
core_v2_generalization_local_bfs_dfs_001,D,bfs_vs_dfs,ollama__qwen2_5-coder__32b,branching_1,dfs,1,no_imports,True,True,dfs,dfs,True,False,,
core_v2_generalization_local_bfs_dfs_001,D,bfs_vs_dfs,ollama__qwen2_5-coder__32b,branching_1,dfs,2,no_imports,True,True,dfs,dfs,True,False,,
core_v2_generalization_local_bfs_dfs_001,D,bfs_vs_dfs,ollama__qwen2_5-coder__32b,branching_1,dfs,3,no_imports,True,True,dfs,dfs,True,False,,
core_v2_generalization_local_bfs_dfs_001,D,bfs_vs_dfs,ollama__qwen2_5-coder__32b,branching_1,dfs,4,no_imports,True,True,dfs,dfs,True,False,,
core_v2_generalization_local_bfs_dfs_001,D,bfs_vs_dfs,ollama__qwen2_5-coder__32b,branching_1,dfs,5,no_imports,True,True,dfs,dfs,True,False,,
core_v2_generalization_local_bfs_dfs_001,D,bfs_vs_dfs,ollama__qwen2_5-coder__32b,branching_2,bfs,1,no_imports,True,True,bfs,bfs,True,False,,
core_v2_generalization_local_bfs_dfs_001,D,bfs_vs_dfs,ollama__qwen2_5-coder__32b,branching_2,bfs,2,no_imports,True,True,bfs,bfs,True,False,,
core_v2_generalization_local_bfs_dfs_001,D,bfs_vs_dfs,ollama__qwen2_5-coder__32b,branching_2,bfs,3,no_imports,True,True,bfs,bfs,True,False,,
core_v2_generalization_local_bfs_dfs_001,D,bfs_vs_dfs,ollama__qwen2_5-coder__32b,branching_2,bfs,4,no_imports,True,True,bfs,bfs,True,False,,
core_v2_generalization_local_bfs_dfs_001,D,bfs_vs_dfs,ollama__qwen2_5-coder__32b,branching_2,bfs,5,no_imports,True,True,bfs,bfs,True,False,,
core_v2_generalization_local_bfs_dfs_001,D,bfs_vs_dfs,ollama__qwen2_5-coder__32b,branching_2,dfs,1,no_imports,True,True,dfs,dfs,True,False,,
core_v2_generalization_local_bfs_dfs_001,D,bfs_vs_dfs,ollama__qwen2_5-coder__32b,branching_2,dfs,2,no_imports,True,True,dfs,dfs,True,False,,
core_v2_generalization_local_bfs_dfs_001,D,bfs_vs_dfs,ollama__qwen2_5-coder__32b,branching_2,dfs,3,no_imports,True,True,dfs,dfs,True,False,,
core_v2_generalization_local_bfs_dfs_001,D,bfs_vs_dfs,ollama__qwen2_5-coder__32b,branching_2,dfs,4,no_imports,True,True,dfs,dfs,True,False,,
core_v2_generalization_local_bfs_dfs_001,D,bfs_vs_dfs,ollama__qwen2_5-coder__32b,branching_2,dfs,5,no_imports,True,True,dfs,dfs,True,False,,
core_v2_generalization_local_bfs_dfs_001,D,bfs_vs_dfs,ollama__qwen2_5-coder__32b,branching_3,bfs,1,no_imports,True,True,bfs,bfs,True,False,,
core_v2_generalization_local_bfs_dfs_001,D,bfs_vs_dfs,ollama__qwen2_5-coder__32b,branching_3,bfs,2,no_imports,True,True,bfs,bfs,True,False,,
core_v2_generalization_local_bfs_dfs_001,D,bfs_vs_dfs,ollama__qwen2_5-coder__32b,branching_3,bfs,3,no_imports,True,True,bfs,bfs,True,False,,
core_v2_generalization_local_bfs_dfs_001,D,bfs_vs_dfs,ollama__qwen2_5-coder__32b,branching_3,bfs,4,no_imports,True,True,bfs,bfs,True,False,,
core_v2_generalization_local_bfs_dfs_001,D,bfs_vs_dfs,ollama__qwen2_5-coder__32b,branching_3,bfs,5,no_imports,True,True,bfs,bfs,True,False,,
core_v2_generalization_local_bfs_dfs_001,D,bfs_vs_dfs,ollama__qwen2_5-coder__32b,branching_3,dfs,1,no_imports,True,True,dfs,dfs,True,False,,
core_v2_generalization_local_bfs_dfs_001,D,bfs_vs_dfs,ollama__qwen2_5-coder__32b,branching_3,dfs,2,no_imports,True,True,dfs,dfs,True,False,,
core_v2_generalization_local_bfs_dfs_001,D,bfs_vs_dfs,ollama__qwen2_5-coder__32b,branching_3,dfs,3,no_imports,True,True,dfs,dfs,True,False,,
core_v2_generalization_local_bfs_dfs_001,D,bfs_vs_dfs,ollama__qwen2_5-coder__32b,branching_3,dfs,4,no_imports,True,True,dfs,dfs,True,False,,
core_v2_generalization_local_bfs_dfs_001,D,bfs_vs_dfs,ollama__qwen2_5-coder__32b,branching_3,dfs,5,no_imports,True,True,dfs,dfs,True,False,,
core_v2_generalization_local_bfs_dfs_001,D,bfs_vs_dfs,ollama__qwen3-coder__30b,branching_1,bfs,1,no_imports,True,True,bfs,bfs,True,False,,
core_v2_generalization_local_bfs_dfs_001,D,bfs_vs_dfs,ollama__qwen3-coder__30b,branching_1,bfs,2,no_imports,True,True,bfs,bfs,True,False,,
core_v2_generalization_local_bfs_dfs_001,D,bfs_vs_dfs,ollama__qwen3-coder__30b,branching_1,bfs,3,no_imports,True,True,bfs,bfs,True,False,,
core_v2_generalization_local_bfs_dfs_001,D,bfs_vs_dfs,ollama__qwen3-coder__30b,branching_1,bfs,4,no_imports,True,True,bfs,bfs,True,False,,
core_v2_generalization_local_bfs_dfs_001,D,bfs_vs_dfs,ollama__qwen3-coder__30b,branching_1,bfs,5,no_imports,True,True,bfs,bfs,True,False,,
core_v2_generalization_local_bfs_dfs_001,D,bfs_vs_dfs,ollama__qwen3-coder__30b,branching_1,dfs,1,no_imports,True,True,dfs,dfs,True,False,,
core_v2_generalization_local_bfs_dfs_001,D,bfs_vs_dfs,ollama__qwen3-coder__30b,branching_1,dfs,2,no_imports,True,True,dfs,dfs,True,False,,
core_v2_generalization_local_bfs_dfs_001,D,bfs_vs_dfs,ollama__qwen3-coder__30b,branching_1,dfs,3,no_imports,True,True,dfs,dfs,True,False,,
core_v2_generalization_local_bfs_dfs_001,D,bfs_vs_dfs,ollama__qwen3-coder__30b,branching_1,dfs,4,no_imports,True,True,dfs,dfs,True,False,,
core_v2_generalization_local_bfs_dfs_001,D,bfs_vs_dfs,ollama__qwen3-coder__30b,branching_1,dfs,5,no_imports,True,True,dfs,dfs,True,False,,
core_v2_generalization_local_bfs_dfs_001,D,bfs_vs_dfs,ollama__qwen3-coder__30b,branching_2,bfs,1,no_imports,True,True,bfs,bfs,True,False,,
core_v2_generalization_local_bfs_dfs_001,D,bfs_vs_dfs,ollama__qwen3-coder__30b,branching_2,bfs,2,no_imports,True,True,bfs,bfs,True,False,,
core_v2_generalization_local_bfs_dfs_001,D,bfs_vs_dfs,ollama__qwen3-coder__30b,branching_2,bfs,3,no_imports,True,True,bfs,bfs,True,False,,
core_v2_generalization_local_bfs_dfs_001,D,bfs_vs_dfs,ollama__qwen3-coder__30b,branching_2,bfs,4,no_imports,True,True,bfs,bfs,True,False,,
core_v2_generalization_local_bfs_dfs_001,D,bfs_vs_dfs,ollama__qwen3-coder__30b,branching_2,bfs,5,no_imports,True,True,bfs,bfs,True,False,,
core_v2_generalization_local_bfs_dfs_001,D,bfs_vs_dfs,ollama__qwen3-coder__30b,branching_2,dfs,1,no_imports,True,True,dfs,dfs,True,False,,
core_v2_generalization_local_bfs_dfs_001,D,bfs_vs_dfs,ollama__qwen3-coder__30b,branching_2,dfs,2,no_imports,True,True,dfs,dfs,True,False,,
core_v2_generalization_local_bfs_dfs_001,D,bfs_vs_dfs,ollama__qwen3-coder__30b,branching_2,dfs,3,no_imports,True,True,dfs,dfs,True,False,,
core_v2_generalization_local_bfs_dfs_001,D,bfs_vs_dfs,ollama__qwen3-coder__30b,branching_2,dfs,4,no_imports,True,True,dfs,dfs,True,False,,
core_v2_generalization_local_bfs_dfs_001,D,bfs_vs_dfs,ollama__qwen3-coder__30b,branching_2,dfs,5,no_imports,True,True,dfs,dfs,True,False,,
core_v2_generalization_local_bfs_dfs_001,D,bfs_vs_dfs,ollama__qwen3-coder__30b,branching_3,bfs,1,no_imports,True,True,bfs,bfs,True,False,,
core_v2_generalization_local_bfs_dfs_001,D,bfs_vs_dfs,ollama__qwen3-coder__30b,branching_3,bfs,2,no_imports,True,True,bfs,bfs,True,False,,
core_v2_generalization_local_bfs_dfs_001,D,bfs_vs_dfs,ollama__qwen3-coder__30b,branching_3,bfs,3,no_imports,True,True,bfs,bfs,True,False,,
core_v2_generalization_local_bfs_dfs_001,D,bfs_vs_dfs,ollama__qwen3-coder__30b,branching_3,bfs,4,no_imports,True,True,bfs,bfs,True,False,,
core_v2_generalization_local_bfs_dfs_001,D,bfs_vs_dfs,ollama__qwen3-coder__30b,branching_3,bfs,5,no_imports,True,True,bfs,bfs,True,False,,
core_v2_generalization_local_bfs_dfs_001,D,bfs_vs_dfs,ollama__qwen3-coder__30b,branching_3,dfs,1,no_imports,True,True,dfs,dfs,True,False,,
core_v2_generalization_local_bfs_dfs_001,D,bfs_vs_dfs,ollama__qwen3-coder__30b,branching_3,dfs,2,no_imports,True,True,dfs,dfs,True,False,,
core_v2_generalization_local_bfs_dfs_001,D,bfs_vs_dfs,ollama__qwen3-coder__30b,branching_3,dfs,3,no_imports,True,True,dfs,dfs,True,False,,
core_v2_generalization_local_bfs_dfs_001,D,bfs_vs_dfs,ollama__qwen3-coder__30b,branching_3,dfs,4,no_imports,True,True,dfs,dfs,True,False,,
core_v2_generalization_local_bfs_dfs_001,D,bfs_vs_dfs,ollama__qwen3-coder__30b,branching_3,dfs,5,no_imports,True,True,dfs,dfs,True,False,,
core_v2_generalization_local_bfs_dfs_001,D,bfs_vs_dfs,ollama__devstral__latest,branching_1,bfs,1,format_normalized,True,True,bfs,bfs,True,False,,
core_v2_generalization_local_bfs_dfs_001,D,bfs_vs_dfs,ollama__devstral__latest,branching_1,bfs,2,format_normalized,True,True,bfs,bfs,True,False,,
core_v2_generalization_local_bfs_dfs_001,D,bfs_vs_dfs,ollama__devstral__latest,branching_1,bfs,3,format_normalized,True,True,bfs,bfs,True,False,,
core_v2_generalization_local_bfs_dfs_001,D,bfs_vs_dfs,ollama__devstral__latest,branching_1,bfs,4,format_normalized,True,True,bfs,bfs,True,False,,
core_v2_generalization_local_bfs_dfs_001,D,bfs_vs_dfs,ollama__devstral__latest,branching_1,bfs,5,format_normalized,True,True,bfs,bfs,True,False,,
core_v2_generalization_local_bfs_dfs_001,D,bfs_vs_dfs,ollama__devstral__latest,branching_1,dfs,1,format_normalized,True,True,dfs,dfs,True,False,,
core_v2_generalization_local_bfs_dfs_001,D,bfs_vs_dfs,ollama__devstral__latest,branching_1,dfs,2,format_normalized,True,True,dfs,dfs,True,False,,
core_v2_generalization_local_bfs_dfs_001,D,bfs_vs_dfs,ollama__devstral__latest,branching_1,dfs,3,format_normalized,True,True,dfs,dfs,True,False,,
core_v2_generalization_local_bfs_dfs_001,D,bfs_vs_dfs,ollama__devstral__latest,branching_1,dfs,4,format_normalized,True,True,dfs,dfs,True,False,,
core_v2_generalization_local_bfs_dfs_001,D,bfs_vs_dfs,ollama__devstral__latest,branching_1,dfs,5,format_normalized,True,True,dfs,dfs,True,False,,
core_v2_generalization_local_bfs_dfs_001,D,bfs_vs_dfs,ollama__devstral__latest,branching_2,bfs,1,format_normalized,True,True,bfs,bfs,True,False,,
core_v2_generalization_local_bfs_dfs_001,D,bfs_vs_dfs,ollama__devstral__latest,branching_2,bfs,2,format_normalized,True,True,bfs,bfs,True,False,,
core_v2_generalization_local_bfs_dfs_001,D,bfs_vs_dfs,ollama__devstral__latest,branching_2,bfs,3,format_normalized,True,True,bfs,bfs,True,False,,
core_v2_generalization_local_bfs_dfs_001,D,bfs_vs_dfs,ollama__devstral__latest,branching_2,bfs,4,format_normalized,True,True,bfs,bfs,True,False,,
core_v2_generalization_local_bfs_dfs_001,D,bfs_vs_dfs,ollama__devstral__latest,branching_2,bfs,5,format_normalized,True,True,bfs,bfs,True,False,,
core_v2_generalization_local_bfs_dfs_001,D,bfs_vs_dfs,ollama__devstral__latest,branching_2,dfs,1,format_normalized,True,True,dfs,dfs,True,False,,
core_v2_generalization_local_bfs_dfs_001,D,bfs_vs_dfs,ollama__devstral__latest,branching_2,dfs,2,format_normalized,True,True,dfs,dfs,True,False,,
core_v2_generalization_local_bfs_dfs_001,D,bfs_vs_dfs,ollama__devstral__latest,branching_2,dfs,3,format_normalized,True,True,dfs,dfs,True,False,,
core_v2_generalization_local_bfs_dfs_001,D,bfs_vs_dfs,ollama__devstral__latest,branching_2,dfs,4,format_normalized,True,True,dfs,dfs,True,False,,
core_v2_generalization_local_bfs_dfs_001,D,bfs_vs_dfs,ollama__devstral__latest,branching_2,dfs,5,format_normalized,True,True,dfs,dfs,True,False,,
core_v2_generalization_local_bfs_dfs_001,D,bfs_vs_dfs,ollama__devstral__latest,branching_3,bfs,1,format_normalized,True,True,bfs,bfs,True,False,,
core_v2_generalization_local_bfs_dfs_001,D,bfs_vs_dfs,ollama__devstral__latest,branching_3,bfs,2,format_normalized,True,True,bfs,bfs,True,False,,
core_v2_generalization_local_bfs_dfs_001,D,bfs_vs_dfs,ollama__devstral__latest,branching_3,bfs,3,format_normalized,True,True,bfs,bfs,True,False,,
core_v2_generalization_local_bfs_dfs_001,D,bfs_vs_dfs,ollama__devstral__latest,branching_3,bfs,4,format_normalized,True,True,bfs,bfs,True,False,,
core_v2_generalization_local_bfs_dfs_001,D,bfs_vs_dfs,ollama__devstral__latest,branching_3,bfs,5,format_normalized,True,True,bfs,bfs,True,False,,
core_v2_generalization_local_bfs_dfs_001,D,bfs_vs_dfs,ollama__devstral__latest,branching_3,dfs,1,format_normalized,True,True,dfs,dfs,True,False,,
core_v2_generalization_local_bfs_dfs_001,D,bfs_vs_dfs,ollama__devstral__latest,branching_3,dfs,2,format_normalized,True,True,dfs,dfs,True,False,,
core_v2_generalization_local_bfs_dfs_001,D,bfs_vs_dfs,ollama__devstral__latest,branching_3,dfs,3,format_normalized,True,True,dfs,dfs,True,False,,
core_v2_generalization_local_bfs_dfs_001,D,bfs_vs_dfs,ollama__devstral__latest,branching_3,dfs,4,format_normalized,True,True,dfs,dfs,True,False,,
core_v2_generalization_local_bfs_dfs_001,D,bfs_vs_dfs,ollama__devstral__latest,branching_3,dfs,5,format_normalized,True,True,dfs,dfs,True,False,,
core_v2_generalization_local_bfs_dfs_001,D,bfs_vs_dfs,ollama__qwen2_5-coder__14b,branching_1,bfs,1,format_normalized,True,True,bfs,bfs,True,False,,
core_v2_generalization_local_bfs_dfs_001,D,bfs_vs_dfs,ollama__qwen2_5-coder__14b,branching_1,bfs,2,format_normalized,True,True,bfs,bfs,True,False,,
core_v2_generalization_local_bfs_dfs_001,D,bfs_vs_dfs,ollama__qwen2_5-coder__14b,branching_1,bfs,3,format_normalized,True,True,bfs,bfs,True,False,,
core_v2_generalization_local_bfs_dfs_001,D,bfs_vs_dfs,ollama__qwen2_5-coder__14b,branching_1,bfs,4,format_normalized,True,True,bfs,bfs,True,False,,
core_v2_generalization_local_bfs_dfs_001,D,bfs_vs_dfs,ollama__qwen2_5-coder__14b,branching_1,bfs,5,format_normalized,True,True,bfs,bfs,True,False,,
core_v2_generalization_local_bfs_dfs_001,D,bfs_vs_dfs,ollama__qwen2_5-coder__14b,branching_1,dfs,1,format_normalized,True,True,dfs,dfs,True,False,,
core_v2_generalization_local_bfs_dfs_001,D,bfs_vs_dfs,ollama__qwen2_5-coder__14b,branching_1,dfs,2,format_normalized,True,True,dfs,dfs,True,False,,
core_v2_generalization_local_bfs_dfs_001,D,bfs_vs_dfs,ollama__qwen2_5-coder__14b,branching_1,dfs,3,format_normalized,True,True,dfs,dfs,True,False,,
core_v2_generalization_local_bfs_dfs_001,D,bfs_vs_dfs,ollama__qwen2_5-coder__14b,branching_1,dfs,4,format_normalized,True,True,dfs,dfs,True,False,,
core_v2_generalization_local_bfs_dfs_001,D,bfs_vs_dfs,ollama__qwen2_5-coder__14b,branching_1,dfs,5,format_normalized,True,True,dfs,dfs,True,False,,
core_v2_generalization_local_bfs_dfs_001,D,bfs_vs_dfs,ollama__qwen2_5-coder__14b,branching_2,bfs,1,format_normalized,True,True,bfs,bfs,True,False,,
core_v2_generalization_local_bfs_dfs_001,D,bfs_vs_dfs,ollama__qwen2_5-coder__14b,branching_2,bfs,2,format_normalized,True,True,bfs,bfs,True,False,,
core_v2_generalization_local_bfs_dfs_001,D,bfs_vs_dfs,ollama__qwen2_5-coder__14b,branching_2,bfs,3,format_normalized,True,True,bfs,bfs,True,False,,
core_v2_generalization_local_bfs_dfs_001,D,bfs_vs_dfs,ollama__qwen2_5-coder__14b,branching_2,bfs,4,format_normalized,True,True,bfs,bfs,True,False,,
core_v2_generalization_local_bfs_dfs_001,D,bfs_vs_dfs,ollama__qwen2_5-coder__14b,branching_2,bfs,5,format_normalized,True,True,bfs,bfs,True,False,,
core_v2_generalization_local_bfs_dfs_001,D,bfs_vs_dfs,ollama__qwen2_5-coder__14b,branching_2,dfs,1,format_normalized,True,True,dfs,dfs,True,False,,
core_v2_generalization_local_bfs_dfs_001,D,bfs_vs_dfs,ollama__qwen2_5-coder__14b,branching_2,dfs,2,format_normalized,True,True,dfs,dfs,True,False,,
core_v2_generalization_local_bfs_dfs_001,D,bfs_vs_dfs,ollama__qwen2_5-coder__14b,branching_2,dfs,3,format_normalized,True,True,dfs,dfs,True,False,,
core_v2_generalization_local_bfs_dfs_001,D,bfs_vs_dfs,ollama__qwen2_5-coder__14b,branching_2,dfs,4,format_normalized,True,True,dfs,dfs,True,False,,
core_v2_generalization_local_bfs_dfs_001,D,bfs_vs_dfs,ollama__qwen2_5-coder__14b,branching_2,dfs,5,format_normalized,True,True,dfs,dfs,True,False,,
core_v2_generalization_local_bfs_dfs_001,D,bfs_vs_dfs,ollama__qwen2_5-coder__14b,branching_3,bfs,1,format_normalized,True,True,bfs,bfs,True,False,,
core_v2_generalization_local_bfs_dfs_001,D,bfs_vs_dfs,ollama__qwen2_5-coder__14b,branching_3,bfs,2,format_normalized,True,True,bfs,bfs,True,False,,
core_v2_generalization_local_bfs_dfs_001,D,bfs_vs_dfs,ollama__qwen2_5-coder__14b,branching_3,bfs,3,format_normalized,True,True,bfs,bfs,True,False,,
core_v2_generalization_local_bfs_dfs_001,D,bfs_vs_dfs,ollama__qwen2_5-coder__14b,branching_3,bfs,4,format_normalized,True,True,bfs,bfs,True,False,,
core_v2_generalization_local_bfs_dfs_001,D,bfs_vs_dfs,ollama__qwen2_5-coder__14b,branching_3,bfs,5,format_normalized,True,True,bfs,bfs,True,False,,
core_v2_generalization_local_bfs_dfs_001,D,bfs_vs_dfs,ollama__qwen2_5-coder__14b,branching_3,dfs,1,format_normalized,True,True,dfs,dfs,True,False,,
core_v2_generalization_local_bfs_dfs_001,D,bfs_vs_dfs,ollama__qwen2_5-coder__14b,branching_3,dfs,2,format_normalized,True,True,dfs,dfs,True,False,,
core_v2_generalization_local_bfs_dfs_001,D,bfs_vs_dfs,ollama__qwen2_5-coder__14b,branching_3,dfs,3,format_normalized,True,True,dfs,dfs,True,False,,
core_v2_generalization_local_bfs_dfs_001,D,bfs_vs_dfs,ollama__qwen2_5-coder__14b,branching_3,dfs,4,format_normalized,True,True,dfs,dfs,True,False,,
core_v2_generalization_local_bfs_dfs_001,D,bfs_vs_dfs,ollama__qwen2_5-coder__14b,branching_3,dfs,5,format_normalized,True,True,dfs,dfs,True,False,,
core_v2_generalization_local_bfs_dfs_001,D,bfs_vs_dfs,ollama__qwen2_5-coder__32b,branching_1,bfs,1,format_normalized,True,True,bfs,bfs,True,False,,
core_v2_generalization_local_bfs_dfs_001,D,bfs_vs_dfs,ollama__qwen2_5-coder__32b,branching_1,bfs,2,format_normalized,True,True,bfs,bfs,True,False,,
core_v2_generalization_local_bfs_dfs_001,D,bfs_vs_dfs,ollama__qwen2_5-coder__32b,branching_1,bfs,3,format_normalized,True,True,bfs,bfs,True,False,,
core_v2_generalization_local_bfs_dfs_001,D,bfs_vs_dfs,ollama__qwen2_5-coder__32b,branching_1,bfs,4,format_normalized,True,True,bfs,bfs,True,False,,
core_v2_generalization_local_bfs_dfs_001,D,bfs_vs_dfs,ollama__qwen2_5-coder__32b,branching_1,bfs,5,format_normalized,True,True,bfs,bfs,True,False,,
core_v2_generalization_local_bfs_dfs_001,D,bfs_vs_dfs,ollama__qwen2_5-coder__32b,branching_1,dfs,1,format_normalized,True,True,dfs,dfs,True,False,,
core_v2_generalization_local_bfs_dfs_001,D,bfs_vs_dfs,ollama__qwen2_5-coder__32b,branching_1,dfs,2,format_normalized,True,True,dfs,dfs,True,False,,
core_v2_generalization_local_bfs_dfs_001,D,bfs_vs_dfs,ollama__qwen2_5-coder__32b,branching_1,dfs,3,format_normalized,True,True,dfs,dfs,True,False,,
core_v2_generalization_local_bfs_dfs_001,D,bfs_vs_dfs,ollama__qwen2_5-coder__32b,branching_1,dfs,4,format_normalized,True,True,dfs,dfs,True,False,,
core_v2_generalization_local_bfs_dfs_001,D,bfs_vs_dfs,ollama__qwen2_5-coder__32b,branching_1,dfs,5,format_normalized,True,True,dfs,dfs,True,False,,
core_v2_generalization_local_bfs_dfs_001,D,bfs_vs_dfs,ollama__qwen2_5-coder__32b,branching_2,bfs,1,format_normalized,True,True,bfs,bfs,True,False,,
core_v2_generalization_local_bfs_dfs_001,D,bfs_vs_dfs,ollama__qwen2_5-coder__32b,branching_2,bfs,2,format_normalized,True,True,bfs,bfs,True,False,,
core_v2_generalization_local_bfs_dfs_001,D,bfs_vs_dfs,ollama__qwen2_5-coder__32b,branching_2,bfs,3,format_normalized,True,True,bfs,bfs,True,False,,
core_v2_generalization_local_bfs_dfs_001,D,bfs_vs_dfs,ollama__qwen2_5-coder__32b,branching_2,bfs,4,format_normalized,True,True,bfs,bfs,True,False,,
core_v2_generalization_local_bfs_dfs_001,D,bfs_vs_dfs,ollama__qwen2_5-coder__32b,branching_2,bfs,5,format_normalized,True,True,bfs,bfs,True,False,,
core_v2_generalization_local_bfs_dfs_001,D,bfs_vs_dfs,ollama__qwen2_5-coder__32b,branching_2,dfs,1,format_normalized,True,True,dfs,dfs,True,False,,
core_v2_generalization_local_bfs_dfs_001,D,bfs_vs_dfs,ollama__qwen2_5-coder__32b,branching_2,dfs,2,format_normalized,True,True,dfs,dfs,True,False,,
core_v2_generalization_local_bfs_dfs_001,D,bfs_vs_dfs,ollama__qwen2_5-coder__32b,branching_2,dfs,3,format_normalized,True,True,dfs,dfs,True,False,,
core_v2_generalization_local_bfs_dfs_001,D,bfs_vs_dfs,ollama__qwen2_5-coder__32b,branching_2,dfs,4,format_normalized,True,True,dfs,dfs,True,False,,
core_v2_generalization_local_bfs_dfs_001,D,bfs_vs_dfs,ollama__qwen2_5-coder__32b,branching_2,dfs,5,format_normalized,True,True,dfs,dfs,True,False,,
core_v2_generalization_local_bfs_dfs_001,D,bfs_vs_dfs,ollama__qwen2_5-coder__32b,branching_3,bfs,1,format_normalized,True,True,bfs,bfs,True,False,,
core_v2_generalization_local_bfs_dfs_001,D,bfs_vs_dfs,ollama__qwen2_5-coder__32b,branching_3,bfs,2,format_normalized,True,True,bfs,bfs,True,False,,
core_v2_generalization_local_bfs_dfs_001,D,bfs_vs_dfs,ollama__qwen2_5-coder__32b,branching_3,bfs,3,format_normalized,True,True,bfs,bfs,True,False,,
core_v2_generalization_local_bfs_dfs_001,D,bfs_vs_dfs,ollama__qwen2_5-coder__32b,branching_3,bfs,4,format_normalized,True,True,bfs,bfs,True,False,,
core_v2_generalization_local_bfs_dfs_001,D,bfs_vs_dfs,ollama__qwen2_5-coder__32b,branching_3,bfs,5,format_normalized,True,True,bfs,bfs,True,False,,
core_v2_generalization_local_bfs_dfs_001,D,bfs_vs_dfs,ollama__qwen2_5-coder__32b,branching_3,dfs,1,format_normalized,True,True,dfs,dfs,True,False,,
core_v2_generalization_local_bfs_dfs_001,D,bfs_vs_dfs,ollama__qwen2_5-coder__32b,branching_3,dfs,2,format_normalized,True,True,dfs,dfs,True,False,,
core_v2_generalization_local_bfs_dfs_001,D,bfs_vs_dfs,ollama__qwen2_5-coder__32b,branching_3,dfs,3,format_normalized,True,True,dfs,dfs,True,False,,
core_v2_generalization_local_bfs_dfs_001,D,bfs_vs_dfs,ollama__qwen2_5-coder__32b,branching_3,dfs,4,format_normalized,True,True,dfs,dfs,True,False,,
core_v2_generalization_local_bfs_dfs_001,D,bfs_vs_dfs,ollama__qwen2_5-coder__32b,branching_3,dfs,5,format_normalized,True,True,dfs,dfs,True,False,,
core_v2_generalization_local_bfs_dfs_001,D,bfs_vs_dfs,ollama__qwen3-coder__30b,branching_1,bfs,1,format_normalized,True,True,bfs,bfs,True,False,,
core_v2_generalization_local_bfs_dfs_001,D,bfs_vs_dfs,ollama__qwen3-coder__30b,branching_1,bfs,2,format_normalized,True,True,bfs,bfs,True,False,,
core_v2_generalization_local_bfs_dfs_001,D,bfs_vs_dfs,ollama__qwen3-coder__30b,branching_1,bfs,3,format_normalized,True,True,bfs,bfs,True,False,,
core_v2_generalization_local_bfs_dfs_001,D,bfs_vs_dfs,ollama__qwen3-coder__30b,branching_1,bfs,4,format_normalized,True,True,bfs,bfs,True,False,,
core_v2_generalization_local_bfs_dfs_001,D,bfs_vs_dfs,ollama__qwen3-coder__30b,branching_1,bfs,5,format_normalized,True,True,bfs,bfs,True,False,,
core_v2_generalization_local_bfs_dfs_001,D,bfs_vs_dfs,ollama__qwen3-coder__30b,branching_1,dfs,1,format_normalized,True,True,dfs,dfs,True,False,,
core_v2_generalization_local_bfs_dfs_001,D,bfs_vs_dfs,ollama__qwen3-coder__30b,branching_1,dfs,2,format_normalized,True,True,dfs,dfs,True,False,,
core_v2_generalization_local_bfs_dfs_001,D,bfs_vs_dfs,ollama__qwen3-coder__30b,branching_1,dfs,3,format_normalized,True,True,dfs,dfs,True,False,,
core_v2_generalization_local_bfs_dfs_001,D,bfs_vs_dfs,ollama__qwen3-coder__30b,branching_1,dfs,4,format_normalized,True,True,dfs,dfs,True,False,,
core_v2_generalization_local_bfs_dfs_001,D,bfs_vs_dfs,ollama__qwen3-coder__30b,branching_1,dfs,5,format_normalized,True,True,dfs,dfs,True,False,,
core_v2_generalization_local_bfs_dfs_001,D,bfs_vs_dfs,ollama__qwen3-coder__30b,branching_2,bfs,1,format_normalized,True,True,bfs,bfs,True,False,,
core_v2_generalization_local_bfs_dfs_001,D,bfs_vs_dfs,ollama__qwen3-coder__30b,branching_2,bfs,2,format_normalized,True,True,bfs,bfs,True,False,,
core_v2_generalization_local_bfs_dfs_001,D,bfs_vs_dfs,ollama__qwen3-coder__30b,branching_2,bfs,3,format_normalized,True,True,bfs,bfs,True,False,,
core_v2_generalization_local_bfs_dfs_001,D,bfs_vs_dfs,ollama__qwen3-coder__30b,branching_2,bfs,4,format_normalized,True,True,bfs,bfs,True,False,,
core_v2_generalization_local_bfs_dfs_001,D,bfs_vs_dfs,ollama__qwen3-coder__30b,branching_2,bfs,5,format_normalized,True,True,bfs,bfs,True,False,,
core_v2_generalization_local_bfs_dfs_001,D,bfs_vs_dfs,ollama__qwen3-coder__30b,branching_2,dfs,1,format_normalized,True,True,dfs,dfs,True,False,,
core_v2_generalization_local_bfs_dfs_001,D,bfs_vs_dfs,ollama__qwen3-coder__30b,branching_2,dfs,2,format_normalized,True,True,dfs,dfs,True,False,,
core_v2_generalization_local_bfs_dfs_001,D,bfs_vs_dfs,ollama__qwen3-coder__30b,branching_2,dfs,3,format_normalized,True,True,dfs,dfs,True,False,,
core_v2_generalization_local_bfs_dfs_001,D,bfs_vs_dfs,ollama__qwen3-coder__30b,branching_2,dfs,4,format_normalized,True,True,dfs,dfs,True,False,,
core_v2_generalization_local_bfs_dfs_001,D,bfs_vs_dfs,ollama__qwen3-coder__30b,branching_2,dfs,5,format_normalized,True,True,dfs,dfs,True,False,,
core_v2_generalization_local_bfs_dfs_001,D,bfs_vs_dfs,ollama__qwen3-coder__30b,branching_3,bfs,1,format_normalized,True,True,bfs,bfs,True,False,,
core_v2_generalization_local_bfs_dfs_001,D,bfs_vs_dfs,ollama__qwen3-coder__30b,branching_3,bfs,2,format_normalized,True,True,bfs,bfs,True,False,,
core_v2_generalization_local_bfs_dfs_001,D,bfs_vs_dfs,ollama__qwen3-coder__30b,branching_3,bfs,3,format_normalized,True,True,bfs,bfs,True,False,,
core_v2_generalization_local_bfs_dfs_001,D,bfs_vs_dfs,ollama__qwen3-coder__30b,branching_3,bfs,4,format_normalized,True,True,bfs,bfs,True,False,,
core_v2_generalization_local_bfs_dfs_001,D,bfs_vs_dfs,ollama__qwen3-coder__30b,branching_3,bfs,5,format_normalized,True,True,bfs,bfs,True,False,,
core_v2_generalization_local_bfs_dfs_001,D,bfs_vs_dfs,ollama__qwen3-coder__30b,branching_3,dfs,1,format_normalized,True,True,dfs,dfs,True,False,,
core_v2_generalization_local_bfs_dfs_001,D,bfs_vs_dfs,ollama__qwen3-coder__30b,branching_3,dfs,2,format_normalized,True,True,dfs,dfs,True,False,,
core_v2_generalization_local_bfs_dfs_001,D,bfs_vs_dfs,ollama__qwen3-coder__30b,branching_3,dfs,3,format_normalized,True,True,dfs,dfs,True,False,,
core_v2_generalization_local_bfs_dfs_001,D,bfs_vs_dfs,ollama__qwen3-coder__30b,branching_3,dfs,4,format_normalized,True,True,dfs,dfs,True,False,,
core_v2_generalization_local_bfs_dfs_001,D,bfs_vs_dfs,ollama__qwen3-coder__30b,branching_3,dfs,5,format_normalized,True,True,dfs,dfs,True,False,,
core_v2_generalization_local_deterministic_randomized_001,E,deterministic_vs_randomized,ollama__devstral__latest,letters_8,deterministic,1,raw,True,True,deterministic,deterministic,True,False,,
core_v2_generalization_local_deterministic_randomized_001,E,deterministic_vs_randomized,ollama__devstral__latest,letters_8,deterministic,2,raw,True,True,deterministic,deterministic,True,False,,
core_v2_generalization_local_deterministic_randomized_001,E,deterministic_vs_randomized,ollama__devstral__latest,letters_8,deterministic,3,raw,True,True,deterministic,deterministic,True,False,,
core_v2_generalization_local_deterministic_randomized_001,E,deterministic_vs_randomized,ollama__devstral__latest,letters_8,deterministic,4,raw,True,True,deterministic,deterministic,True,False,,
core_v2_generalization_local_deterministic_randomized_001,E,deterministic_vs_randomized,ollama__devstral__latest,letters_8,deterministic,5,raw,True,True,deterministic,deterministic,True,False,,
core_v2_generalization_local_deterministic_randomized_001,E,deterministic_vs_randomized,ollama__devstral__latest,letters_8,randomized,1,raw,True,True,randomized,randomized,True,False,,
core_v2_generalization_local_deterministic_randomized_001,E,deterministic_vs_randomized,ollama__devstral__latest,letters_8,randomized,2,raw,True,True,randomized,randomized,True,False,,
core_v2_generalization_local_deterministic_randomized_001,E,deterministic_vs_randomized,ollama__devstral__latest,letters_8,randomized,3,raw,True,True,randomized,randomized,True,False,,
core_v2_generalization_local_deterministic_randomized_001,E,deterministic_vs_randomized,ollama__devstral__latest,letters_8,randomized,4,raw,True,True,randomized,randomized,True,False,,
core_v2_generalization_local_deterministic_randomized_001,E,deterministic_vs_randomized,ollama__devstral__latest,letters_8,randomized,5,raw,True,True,randomized,randomized,True,False,,
core_v2_generalization_local_deterministic_randomized_001,E,deterministic_vs_randomized,ollama__devstral__latest,mixed_tokens,deterministic,1,raw,True,True,deterministic,deterministic,True,False,,
core_v2_generalization_local_deterministic_randomized_001,E,deterministic_vs_randomized,ollama__devstral__latest,mixed_tokens,deterministic,2,raw,True,True,deterministic,deterministic,True,False,,
core_v2_generalization_local_deterministic_randomized_001,E,deterministic_vs_randomized,ollama__devstral__latest,mixed_tokens,deterministic,3,raw,True,True,deterministic,deterministic,True,False,,
core_v2_generalization_local_deterministic_randomized_001,E,deterministic_vs_randomized,ollama__devstral__latest,mixed_tokens,deterministic,4,raw,True,True,deterministic,deterministic,True,False,,
core_v2_generalization_local_deterministic_randomized_001,E,deterministic_vs_randomized,ollama__devstral__latest,mixed_tokens,deterministic,5,raw,True,True,deterministic,deterministic,True,False,,
core_v2_generalization_local_deterministic_randomized_001,E,deterministic_vs_randomized,ollama__devstral__latest,mixed_tokens,randomized,1,raw,True,True,randomized,randomized,True,False,,
core_v2_generalization_local_deterministic_randomized_001,E,deterministic_vs_randomized,ollama__devstral__latest,mixed_tokens,randomized,2,raw,True,True,randomized,randomized,True,False,,
core_v2_generalization_local_deterministic_randomized_001,E,deterministic_vs_randomized,ollama__devstral__latest,mixed_tokens,randomized,3,raw,True,True,randomized,randomized,True,False,,
core_v2_generalization_local_deterministic_randomized_001,E,deterministic_vs_randomized,ollama__devstral__latest,mixed_tokens,randomized,4,raw,True,True,randomized,randomized,True,False,,
core_v2_generalization_local_deterministic_randomized_001,E,deterministic_vs_randomized,ollama__devstral__latest,mixed_tokens,randomized,5,raw,True,True,randomized,randomized,True,False,,
core_v2_generalization_local_deterministic_randomized_001,E,deterministic_vs_randomized,ollama__devstral__latest,numbers_10,deterministic,1,raw,True,True,deterministic,deterministic,True,False,,
core_v2_generalization_local_deterministic_randomized_001,E,deterministic_vs_randomized,ollama__devstral__latest,numbers_10,deterministic,2,raw,True,True,deterministic,deterministic,True,False,,
core_v2_generalization_local_deterministic_randomized_001,E,deterministic_vs_randomized,ollama__devstral__latest,numbers_10,deterministic,3,raw,True,True,deterministic,deterministic,True,False,,
core_v2_generalization_local_deterministic_randomized_001,E,deterministic_vs_randomized,ollama__devstral__latest,numbers_10,deterministic,4,raw,True,True,deterministic,deterministic,True,False,,
core_v2_generalization_local_deterministic_randomized_001,E,deterministic_vs_randomized,ollama__devstral__latest,numbers_10,deterministic,5,raw,True,True,deterministic,deterministic,True,False,,
core_v2_generalization_local_deterministic_randomized_001,E,deterministic_vs_randomized,ollama__devstral__latest,numbers_10,randomized,1,raw,True,True,randomized,randomized,True,False,,
core_v2_generalization_local_deterministic_randomized_001,E,deterministic_vs_randomized,ollama__devstral__latest,numbers_10,randomized,2,raw,True,True,randomized,randomized,True,False,,
core_v2_generalization_local_deterministic_randomized_001,E,deterministic_vs_randomized,ollama__devstral__latest,numbers_10,randomized,3,raw,True,True,randomized,randomized,True,False,,
core_v2_generalization_local_deterministic_randomized_001,E,deterministic_vs_randomized,ollama__devstral__latest,numbers_10,randomized,4,raw,True,True,randomized,randomized,True,False,,
core_v2_generalization_local_deterministic_randomized_001,E,deterministic_vs_randomized,ollama__devstral__latest,numbers_10,randomized,5,raw,True,True,randomized,randomized,True,False,,
core_v2_generalization_local_deterministic_randomized_001,E,deterministic_vs_randomized,ollama__qwen2_5-coder__14b,letters_8,deterministic,1,raw,True,True,deterministic,deterministic,True,False,,
core_v2_generalization_local_deterministic_randomized_001,E,deterministic_vs_randomized,ollama__qwen2_5-coder__14b,letters_8,deterministic,2,raw,True,True,deterministic,deterministic,True,False,,
core_v2_generalization_local_deterministic_randomized_001,E,deterministic_vs_randomized,ollama__qwen2_5-coder__14b,letters_8,deterministic,3,raw,True,True,deterministic,deterministic,True,False,,
core_v2_generalization_local_deterministic_randomized_001,E,deterministic_vs_randomized,ollama__qwen2_5-coder__14b,letters_8,deterministic,4,raw,True,True,deterministic,deterministic,True,False,,
core_v2_generalization_local_deterministic_randomized_001,E,deterministic_vs_randomized,ollama__qwen2_5-coder__14b,letters_8,deterministic,5,raw,True,True,deterministic,deterministic,True,False,,
core_v2_generalization_local_deterministic_randomized_001,E,deterministic_vs_randomized,ollama__qwen2_5-coder__14b,letters_8,randomized,1,raw,True,True,randomized,randomized,True,False,,
core_v2_generalization_local_deterministic_randomized_001,E,deterministic_vs_randomized,ollama__qwen2_5-coder__14b,letters_8,randomized,2,raw,True,True,randomized,randomized,True,False,,
core_v2_generalization_local_deterministic_randomized_001,E,deterministic_vs_randomized,ollama__qwen2_5-coder__14b,letters_8,randomized,3,raw,True,True,randomized,randomized,True,False,,
core_v2_generalization_local_deterministic_randomized_001,E,deterministic_vs_randomized,ollama__qwen2_5-coder__14b,letters_8,randomized,4,raw,True,True,randomized,randomized,True,False,,
core_v2_generalization_local_deterministic_randomized_001,E,deterministic_vs_randomized,ollama__qwen2_5-coder__14b,letters_8,randomized,5,raw,True,True,randomized,randomized,True,False,,
core_v2_generalization_local_deterministic_randomized_001,E,deterministic_vs_randomized,ollama__qwen2_5-coder__14b,mixed_tokens,deterministic,1,raw,True,True,deterministic,deterministic,True,False,,
core_v2_generalization_local_deterministic_randomized_001,E,deterministic_vs_randomized,ollama__qwen2_5-coder__14b,mixed_tokens,deterministic,2,raw,True,True,deterministic,deterministic,True,False,,
core_v2_generalization_local_deterministic_randomized_001,E,deterministic_vs_randomized,ollama__qwen2_5-coder__14b,mixed_tokens,deterministic,3,raw,True,True,deterministic,deterministic,True,False,,
core_v2_generalization_local_deterministic_randomized_001,E,deterministic_vs_randomized,ollama__qwen2_5-coder__14b,mixed_tokens,deterministic,4,raw,True,True,deterministic,deterministic,True,False,,
core_v2_generalization_local_deterministic_randomized_001,E,deterministic_vs_randomized,ollama__qwen2_5-coder__14b,mixed_tokens,deterministic,5,raw,True,True,deterministic,deterministic,True,False,,
core_v2_generalization_local_deterministic_randomized_001,E,deterministic_vs_randomized,ollama__qwen2_5-coder__14b,mixed_tokens,randomized,1,raw,True,True,randomized,randomized,True,False,,
core_v2_generalization_local_deterministic_randomized_001,E,deterministic_vs_randomized,ollama__qwen2_5-coder__14b,mixed_tokens,randomized,2,raw,True,True,randomized,randomized,True,False,,
core_v2_generalization_local_deterministic_randomized_001,E,deterministic_vs_randomized,ollama__qwen2_5-coder__14b,mixed_tokens,randomized,3,raw,True,True,randomized,randomized,True,False,,
core_v2_generalization_local_deterministic_randomized_001,E,deterministic_vs_randomized,ollama__qwen2_5-coder__14b,mixed_tokens,randomized,4,raw,True,True,randomized,randomized,True,False,,
core_v2_generalization_local_deterministic_randomized_001,E,deterministic_vs_randomized,ollama__qwen2_5-coder__14b,mixed_tokens,randomized,5,raw,True,True,randomized,randomized,True,False,,
core_v2_generalization_local_deterministic_randomized_001,E,deterministic_vs_randomized,ollama__qwen2_5-coder__14b,numbers_10,deterministic,1,raw,True,True,deterministic,deterministic,True,False,,
core_v2_generalization_local_deterministic_randomized_001,E,deterministic_vs_randomized,ollama__qwen2_5-coder__14b,numbers_10,deterministic,2,raw,True,True,deterministic,deterministic,True,False,,
core_v2_generalization_local_deterministic_randomized_001,E,deterministic_vs_randomized,ollama__qwen2_5-coder__14b,numbers_10,deterministic,3,raw,True,True,deterministic,deterministic,True,False,,
core_v2_generalization_local_deterministic_randomized_001,E,deterministic_vs_randomized,ollama__qwen2_5-coder__14b,numbers_10,deterministic,4,raw,True,True,deterministic,deterministic,True,False,,
core_v2_generalization_local_deterministic_randomized_001,E,deterministic_vs_randomized,ollama__qwen2_5-coder__14b,numbers_10,deterministic,5,raw,True,True,deterministic,deterministic,True,False,,
core_v2_generalization_local_deterministic_randomized_001,E,deterministic_vs_randomized,ollama__qwen2_5-coder__14b,numbers_10,randomized,1,raw,True,True,randomized,randomized,True,False,,
core_v2_generalization_local_deterministic_randomized_001,E,deterministic_vs_randomized,ollama__qwen2_5-coder__14b,numbers_10,randomized,2,raw,True,True,randomized,randomized,True,False,,
core_v2_generalization_local_deterministic_randomized_001,E,deterministic_vs_randomized,ollama__qwen2_5-coder__14b,numbers_10,randomized,3,raw,True,True,randomized,randomized,True,False,,
core_v2_generalization_local_deterministic_randomized_001,E,deterministic_vs_randomized,ollama__qwen2_5-coder__14b,numbers_10,randomized,4,raw,True,True,randomized,randomized,True,False,,
core_v2_generalization_local_deterministic_randomized_001,E,deterministic_vs_randomized,ollama__qwen2_5-coder__14b,numbers_10,randomized,5,raw,True,True,randomized,randomized,True,False,,
core_v2_generalization_local_deterministic_randomized_001,E,deterministic_vs_randomized,ollama__qwen2_5-coder__32b,letters_8,deterministic,1,raw,True,True,deterministic,deterministic,True,False,,
core_v2_generalization_local_deterministic_randomized_001,E,deterministic_vs_randomized,ollama__qwen2_5-coder__32b,letters_8,deterministic,2,raw,True,True,deterministic,deterministic,True,False,,
core_v2_generalization_local_deterministic_randomized_001,E,deterministic_vs_randomized,ollama__qwen2_5-coder__32b,letters_8,deterministic,3,raw,True,True,deterministic,deterministic,True,False,,
core_v2_generalization_local_deterministic_randomized_001,E,deterministic_vs_randomized,ollama__qwen2_5-coder__32b,letters_8,deterministic,4,raw,True,True,deterministic,deterministic,True,False,,
core_v2_generalization_local_deterministic_randomized_001,E,deterministic_vs_randomized,ollama__qwen2_5-coder__32b,letters_8,deterministic,5,raw,True,True,deterministic,deterministic,True,False,,
core_v2_generalization_local_deterministic_randomized_001,E,deterministic_vs_randomized,ollama__qwen2_5-coder__32b,letters_8,randomized,1,raw,True,True,randomized,randomized,True,False,,
core_v2_generalization_local_deterministic_randomized_001,E,deterministic_vs_randomized,ollama__qwen2_5-coder__32b,letters_8,randomized,2,raw,True,True,randomized,randomized,True,False,,
core_v2_generalization_local_deterministic_randomized_001,E,deterministic_vs_randomized,ollama__qwen2_5-coder__32b,letters_8,randomized,3,raw,True,True,randomized,randomized,True,False,,
core_v2_generalization_local_deterministic_randomized_001,E,deterministic_vs_randomized,ollama__qwen2_5-coder__32b,letters_8,randomized,4,raw,True,True,randomized,randomized,True,False,,
core_v2_generalization_local_deterministic_randomized_001,E,deterministic_vs_randomized,ollama__qwen2_5-coder__32b,letters_8,randomized,5,raw,True,True,randomized,randomized,True,False,,
core_v2_generalization_local_deterministic_randomized_001,E,deterministic_vs_randomized,ollama__qwen2_5-coder__32b,mixed_tokens,deterministic,1,raw,True,True,deterministic,deterministic,True,False,,
core_v2_generalization_local_deterministic_randomized_001,E,deterministic_vs_randomized,ollama__qwen2_5-coder__32b,mixed_tokens,deterministic,2,raw,True,True,deterministic,deterministic,True,False,,
core_v2_generalization_local_deterministic_randomized_001,E,deterministic_vs_randomized,ollama__qwen2_5-coder__32b,mixed_tokens,deterministic,3,raw,True,True,deterministic,deterministic,True,False,,
core_v2_generalization_local_deterministic_randomized_001,E,deterministic_vs_randomized,ollama__qwen2_5-coder__32b,mixed_tokens,deterministic,4,raw,True,True,deterministic,deterministic,True,False,,
core_v2_generalization_local_deterministic_randomized_001,E,deterministic_vs_randomized,ollama__qwen2_5-coder__32b,mixed_tokens,deterministic,5,raw,True,True,deterministic,deterministic,True,False,,
core_v2_generalization_local_deterministic_randomized_001,E,deterministic_vs_randomized,ollama__qwen2_5-coder__32b,mixed_tokens,randomized,1,raw,True,True,randomized,randomized,True,False,,
core_v2_generalization_local_deterministic_randomized_001,E,deterministic_vs_randomized,ollama__qwen2_5-coder__32b,mixed_tokens,randomized,2,raw,True,True,randomized,randomized,True,False,,
core_v2_generalization_local_deterministic_randomized_001,E,deterministic_vs_randomized,ollama__qwen2_5-coder__32b,mixed_tokens,randomized,3,raw,True,True,randomized,randomized,True,False,,
core_v2_generalization_local_deterministic_randomized_001,E,deterministic_vs_randomized,ollama__qwen2_5-coder__32b,mixed_tokens,randomized,4,raw,True,True,randomized,randomized,True,False,,
core_v2_generalization_local_deterministic_randomized_001,E,deterministic_vs_randomized,ollama__qwen2_5-coder__32b,mixed_tokens,randomized,5,raw,True,True,randomized,randomized,True,False,,
core_v2_generalization_local_deterministic_randomized_001,E,deterministic_vs_randomized,ollama__qwen2_5-coder__32b,numbers_10,deterministic,1,raw,True,True,deterministic,deterministic,True,False,,
core_v2_generalization_local_deterministic_randomized_001,E,deterministic_vs_randomized,ollama__qwen2_5-coder__32b,numbers_10,deterministic,2,raw,True,True,deterministic,deterministic,True,False,,
core_v2_generalization_local_deterministic_randomized_001,E,deterministic_vs_randomized,ollama__qwen2_5-coder__32b,numbers_10,deterministic,3,raw,True,True,deterministic,deterministic,True,False,,
core_v2_generalization_local_deterministic_randomized_001,E,deterministic_vs_randomized,ollama__qwen2_5-coder__32b,numbers_10,deterministic,4,raw,True,True,deterministic,deterministic,True,False,,
core_v2_generalization_local_deterministic_randomized_001,E,deterministic_vs_randomized,ollama__qwen2_5-coder__32b,numbers_10,deterministic,5,raw,True,True,deterministic,deterministic,True,False,,
core_v2_generalization_local_deterministic_randomized_001,E,deterministic_vs_randomized,ollama__qwen2_5-coder__32b,numbers_10,randomized,1,raw,True,True,randomized,randomized,True,False,,
core_v2_generalization_local_deterministic_randomized_001,E,deterministic_vs_randomized,ollama__qwen2_5-coder__32b,numbers_10,randomized,2,raw,True,True,randomized,randomized,True,False,,
core_v2_generalization_local_deterministic_randomized_001,E,deterministic_vs_randomized,ollama__qwen2_5-coder__32b,numbers_10,randomized,3,raw,True,True,randomized,randomized,True,False,,
core_v2_generalization_local_deterministic_randomized_001,E,deterministic_vs_randomized,ollama__qwen2_5-coder__32b,numbers_10,randomized,4,raw,True,True,randomized,randomized,True,False,,
core_v2_generalization_local_deterministic_randomized_001,E,deterministic_vs_randomized,ollama__qwen2_5-coder__32b,numbers_10,randomized,5,raw,True,True,randomized,randomized,True,False,,
core_v2_generalization_local_deterministic_randomized_001,E,deterministic_vs_randomized,ollama__qwen3-coder__30b,letters_8,deterministic,1,raw,True,True,deterministic,deterministic,True,False,,
core_v2_generalization_local_deterministic_randomized_001,E,deterministic_vs_randomized,ollama__qwen3-coder__30b,letters_8,deterministic,2,raw,True,True,deterministic,deterministic,True,False,,
core_v2_generalization_local_deterministic_randomized_001,E,deterministic_vs_randomized,ollama__qwen3-coder__30b,letters_8,deterministic,3,raw,True,True,deterministic,deterministic,True,False,,
core_v2_generalization_local_deterministic_randomized_001,E,deterministic_vs_randomized,ollama__qwen3-coder__30b,letters_8,deterministic,4,raw,True,True,deterministic,deterministic,True,False,,
core_v2_generalization_local_deterministic_randomized_001,E,deterministic_vs_randomized,ollama__qwen3-coder__30b,letters_8,deterministic,5,raw,True,True,deterministic,deterministic,True,False,,
core_v2_generalization_local_deterministic_randomized_001,E,deterministic_vs_randomized,ollama__qwen3-coder__30b,letters_8,randomized,1,raw,True,True,randomized,randomized,True,False,,
core_v2_generalization_local_deterministic_randomized_001,E,deterministic_vs_randomized,ollama__qwen3-coder__30b,letters_8,randomized,2,raw,True,True,randomized,randomized,True,False,,
core_v2_generalization_local_deterministic_randomized_001,E,deterministic_vs_randomized,ollama__qwen3-coder__30b,letters_8,randomized,3,raw,True,True,randomized,randomized,True,False,,
core_v2_generalization_local_deterministic_randomized_001,E,deterministic_vs_randomized,ollama__qwen3-coder__30b,letters_8,randomized,4,raw,True,True,randomized,randomized,True,False,,
core_v2_generalization_local_deterministic_randomized_001,E,deterministic_vs_randomized,ollama__qwen3-coder__30b,letters_8,randomized,5,raw,True,True,randomized,randomized,True,False,,
core_v2_generalization_local_deterministic_randomized_001,E,deterministic_vs_randomized,ollama__qwen3-coder__30b,mixed_tokens,deterministic,1,raw,True,True,deterministic,deterministic,True,False,,
core_v2_generalization_local_deterministic_randomized_001,E,deterministic_vs_randomized,ollama__qwen3-coder__30b,mixed_tokens,deterministic,2,raw,True,True,deterministic,deterministic,True,False,,
core_v2_generalization_local_deterministic_randomized_001,E,deterministic_vs_randomized,ollama__qwen3-coder__30b,mixed_tokens,deterministic,3,raw,True,True,deterministic,deterministic,True,False,,
core_v2_generalization_local_deterministic_randomized_001,E,deterministic_vs_randomized,ollama__qwen3-coder__30b,mixed_tokens,deterministic,4,raw,True,True,deterministic,deterministic,True,False,,
core_v2_generalization_local_deterministic_randomized_001,E,deterministic_vs_randomized,ollama__qwen3-coder__30b,mixed_tokens,deterministic,5,raw,True,True,deterministic,deterministic,True,False,,
core_v2_generalization_local_deterministic_randomized_001,E,deterministic_vs_randomized,ollama__qwen3-coder__30b,mixed_tokens,randomized,1,raw,True,True,randomized,randomized,True,False,,
core_v2_generalization_local_deterministic_randomized_001,E,deterministic_vs_randomized,ollama__qwen3-coder__30b,mixed_tokens,randomized,2,raw,True,True,randomized,randomized,True,False,,
core_v2_generalization_local_deterministic_randomized_001,E,deterministic_vs_randomized,ollama__qwen3-coder__30b,mixed_tokens,randomized,3,raw,True,True,randomized,randomized,True,False,,
core_v2_generalization_local_deterministic_randomized_001,E,deterministic_vs_randomized,ollama__qwen3-coder__30b,mixed_tokens,randomized,4,raw,True,True,randomized,randomized,True,False,,
core_v2_generalization_local_deterministic_randomized_001,E,deterministic_vs_randomized,ollama__qwen3-coder__30b,mixed_tokens,randomized,5,raw,True,True,randomized,randomized,True,False,,
core_v2_generalization_local_deterministic_randomized_001,E,deterministic_vs_randomized,ollama__qwen3-coder__30b,numbers_10,deterministic,1,raw,True,True,deterministic,deterministic,True,False,,
core_v2_generalization_local_deterministic_randomized_001,E,deterministic_vs_randomized,ollama__qwen3-coder__30b,numbers_10,deterministic,2,raw,True,True,deterministic,deterministic,True,False,,
core_v2_generalization_local_deterministic_randomized_001,E,deterministic_vs_randomized,ollama__qwen3-coder__30b,numbers_10,deterministic,3,raw,True,True,deterministic,deterministic,True,False,,
core_v2_generalization_local_deterministic_randomized_001,E,deterministic_vs_randomized,ollama__qwen3-coder__30b,numbers_10,deterministic,4,raw,True,True,deterministic,deterministic,True,False,,
core_v2_generalization_local_deterministic_randomized_001,E,deterministic_vs_randomized,ollama__qwen3-coder__30b,numbers_10,deterministic,5,raw,True,True,deterministic,deterministic,True,False,,
core_v2_generalization_local_deterministic_randomized_001,E,deterministic_vs_randomized,ollama__qwen3-coder__30b,numbers_10,randomized,1,raw,True,True,randomized,randomized,True,False,,
core_v2_generalization_local_deterministic_randomized_001,E,deterministic_vs_randomized,ollama__qwen3-coder__30b,numbers_10,randomized,2,raw,True,True,randomized,randomized,True,False,,
core_v2_generalization_local_deterministic_randomized_001,E,deterministic_vs_randomized,ollama__qwen3-coder__30b,numbers_10,randomized,3,raw,True,True,randomized,randomized,True,False,,
core_v2_generalization_local_deterministic_randomized_001,E,deterministic_vs_randomized,ollama__qwen3-coder__30b,numbers_10,randomized,4,raw,True,True,randomized,randomized,True,False,,
core_v2_generalization_local_deterministic_randomized_001,E,deterministic_vs_randomized,ollama__qwen3-coder__30b,numbers_10,randomized,5,raw,True,True,randomized,randomized,True,False,,
core_v2_generalization_local_deterministic_randomized_001,E,deterministic_vs_randomized,ollama__devstral__latest,letters_8,deterministic,1,no_comments,True,True,deterministic,deterministic,True,False,,
core_v2_generalization_local_deterministic_randomized_001,E,deterministic_vs_randomized,ollama__devstral__latest,letters_8,deterministic,2,no_comments,True,True,deterministic,deterministic,True,False,,
core_v2_generalization_local_deterministic_randomized_001,E,deterministic_vs_randomized,ollama__devstral__latest,letters_8,deterministic,3,no_comments,True,True,deterministic,deterministic,True,False,,
core_v2_generalization_local_deterministic_randomized_001,E,deterministic_vs_randomized,ollama__devstral__latest,letters_8,deterministic,4,no_comments,True,True,deterministic,deterministic,True,False,,
core_v2_generalization_local_deterministic_randomized_001,E,deterministic_vs_randomized,ollama__devstral__latest,letters_8,deterministic,5,no_comments,True,True,deterministic,deterministic,True,False,,
core_v2_generalization_local_deterministic_randomized_001,E,deterministic_vs_randomized,ollama__devstral__latest,letters_8,randomized,1,no_comments,True,True,randomized,randomized,True,False,,
core_v2_generalization_local_deterministic_randomized_001,E,deterministic_vs_randomized,ollama__devstral__latest,letters_8,randomized,2,no_comments,True,True,randomized,randomized,True,False,,
core_v2_generalization_local_deterministic_randomized_001,E,deterministic_vs_randomized,ollama__devstral__latest,letters_8,randomized,3,no_comments,True,True,randomized,randomized,True,False,,
core_v2_generalization_local_deterministic_randomized_001,E,deterministic_vs_randomized,ollama__devstral__latest,letters_8,randomized,4,no_comments,True,True,randomized,randomized,True,False,,
core_v2_generalization_local_deterministic_randomized_001,E,deterministic_vs_randomized,ollama__devstral__latest,letters_8,randomized,5,no_comments,True,True,randomized,randomized,True,False,,
core_v2_generalization_local_deterministic_randomized_001,E,deterministic_vs_randomized,ollama__devstral__latest,mixed_tokens,deterministic,1,no_comments,True,True,deterministic,deterministic,True,False,,
core_v2_generalization_local_deterministic_randomized_001,E,deterministic_vs_randomized,ollama__devstral__latest,mixed_tokens,deterministic,2,no_comments,True,True,deterministic,deterministic,True,False,,
core_v2_generalization_local_deterministic_randomized_001,E,deterministic_vs_randomized,ollama__devstral__latest,mixed_tokens,deterministic,3,no_comments,True,True,deterministic,deterministic,True,False,,
core_v2_generalization_local_deterministic_randomized_001,E,deterministic_vs_randomized,ollama__devstral__latest,mixed_tokens,deterministic,4,no_comments,True,True,deterministic,deterministic,True,False,,
core_v2_generalization_local_deterministic_randomized_001,E,deterministic_vs_randomized,ollama__devstral__latest,mixed_tokens,deterministic,5,no_comments,True,True,deterministic,deterministic,True,False,,
core_v2_generalization_local_deterministic_randomized_001,E,deterministic_vs_randomized,ollama__devstral__latest,mixed_tokens,randomized,1,no_comments,True,True,randomized,randomized,True,False,,
core_v2_generalization_local_deterministic_randomized_001,E,deterministic_vs_randomized,ollama__devstral__latest,mixed_tokens,randomized,2,no_comments,True,True,randomized,randomized,True,False,,
core_v2_generalization_local_deterministic_randomized_001,E,deterministic_vs_randomized,ollama__devstral__latest,mixed_tokens,randomized,3,no_comments,True,True,randomized,randomized,True,False,,
core_v2_generalization_local_deterministic_randomized_001,E,deterministic_vs_randomized,ollama__devstral__latest,mixed_tokens,randomized,4,no_comments,True,True,randomized,randomized,True,False,,
core_v2_generalization_local_deterministic_randomized_001,E,deterministic_vs_randomized,ollama__devstral__latest,mixed_tokens,randomized,5,no_comments,True,True,randomized,randomized,True,False,,
core_v2_generalization_local_deterministic_randomized_001,E,deterministic_vs_randomized,ollama__devstral__latest,numbers_10,deterministic,1,no_comments,True,True,deterministic,deterministic,True,False,,
core_v2_generalization_local_deterministic_randomized_001,E,deterministic_vs_randomized,ollama__devstral__latest,numbers_10,deterministic,2,no_comments,True,True,deterministic,deterministic,True,False,,
core_v2_generalization_local_deterministic_randomized_001,E,deterministic_vs_randomized,ollama__devstral__latest,numbers_10,deterministic,3,no_comments,True,True,deterministic,deterministic,True,False,,
core_v2_generalization_local_deterministic_randomized_001,E,deterministic_vs_randomized,ollama__devstral__latest,numbers_10,deterministic,4,no_comments,True,True,deterministic,deterministic,True,False,,
core_v2_generalization_local_deterministic_randomized_001,E,deterministic_vs_randomized,ollama__devstral__latest,numbers_10,deterministic,5,no_comments,True,True,deterministic,deterministic,True,False,,
core_v2_generalization_local_deterministic_randomized_001,E,deterministic_vs_randomized,ollama__devstral__latest,numbers_10,randomized,1,no_comments,True,True,randomized,randomized,True,False,,
core_v2_generalization_local_deterministic_randomized_001,E,deterministic_vs_randomized,ollama__devstral__latest,numbers_10,randomized,2,no_comments,True,True,randomized,randomized,True,False,,
core_v2_generalization_local_deterministic_randomized_001,E,deterministic_vs_randomized,ollama__devstral__latest,numbers_10,randomized,3,no_comments,True,True,randomized,randomized,True,False,,
core_v2_generalization_local_deterministic_randomized_001,E,deterministic_vs_randomized,ollama__devstral__latest,numbers_10,randomized,4,no_comments,True,True,randomized,randomized,True,False,,
core_v2_generalization_local_deterministic_randomized_001,E,deterministic_vs_randomized,ollama__devstral__latest,numbers_10,randomized,5,no_comments,True,True,randomized,randomized,True,False,,
core_v2_generalization_local_deterministic_randomized_001,E,deterministic_vs_randomized,ollama__qwen2_5-coder__14b,letters_8,deterministic,1,no_comments,True,True,deterministic,deterministic,True,False,,
core_v2_generalization_local_deterministic_randomized_001,E,deterministic_vs_randomized,ollama__qwen2_5-coder__14b,letters_8,deterministic,2,no_comments,True,True,deterministic,deterministic,True,False,,
core_v2_generalization_local_deterministic_randomized_001,E,deterministic_vs_randomized,ollama__qwen2_5-coder__14b,letters_8,deterministic,3,no_comments,True,True,deterministic,deterministic,True,False,,
core_v2_generalization_local_deterministic_randomized_001,E,deterministic_vs_randomized,ollama__qwen2_5-coder__14b,letters_8,deterministic,4,no_comments,True,True,deterministic,deterministic,True,False,,
core_v2_generalization_local_deterministic_randomized_001,E,deterministic_vs_randomized,ollama__qwen2_5-coder__14b,letters_8,deterministic,5,no_comments,True,True,deterministic,deterministic,True,False,,
core_v2_generalization_local_deterministic_randomized_001,E,deterministic_vs_randomized,ollama__qwen2_5-coder__14b,letters_8,randomized,1,no_comments,True,True,randomized,randomized,True,False,,
core_v2_generalization_local_deterministic_randomized_001,E,deterministic_vs_randomized,ollama__qwen2_5-coder__14b,letters_8,randomized,2,no_comments,True,True,randomized,randomized,True,False,,
core_v2_generalization_local_deterministic_randomized_001,E,deterministic_vs_randomized,ollama__qwen2_5-coder__14b,letters_8,randomized,3,no_comments,True,True,randomized,randomized,True,False,,
core_v2_generalization_local_deterministic_randomized_001,E,deterministic_vs_randomized,ollama__qwen2_5-coder__14b,letters_8,randomized,4,no_comments,True,True,randomized,randomized,True,False,,
core_v2_generalization_local_deterministic_randomized_001,E,deterministic_vs_randomized,ollama__qwen2_5-coder__14b,letters_8,randomized,5,no_comments,True,True,randomized,randomized,True,False,,
core_v2_generalization_local_deterministic_randomized_001,E,deterministic_vs_randomized,ollama__qwen2_5-coder__14b,mixed_tokens,deterministic,1,no_comments,True,True,deterministic,deterministic,True,False,,
core_v2_generalization_local_deterministic_randomized_001,E,deterministic_vs_randomized,ollama__qwen2_5-coder__14b,mixed_tokens,deterministic,2,no_comments,True,True,deterministic,deterministic,True,False,,
core_v2_generalization_local_deterministic_randomized_001,E,deterministic_vs_randomized,ollama__qwen2_5-coder__14b,mixed_tokens,deterministic,3,no_comments,True,True,deterministic,deterministic,True,False,,
core_v2_generalization_local_deterministic_randomized_001,E,deterministic_vs_randomized,ollama__qwen2_5-coder__14b,mixed_tokens,deterministic,4,no_comments,True,True,deterministic,deterministic,True,False,,
core_v2_generalization_local_deterministic_randomized_001,E,deterministic_vs_randomized,ollama__qwen2_5-coder__14b,mixed_tokens,deterministic,5,no_comments,True,True,deterministic,deterministic,True,False,,
core_v2_generalization_local_deterministic_randomized_001,E,deterministic_vs_randomized,ollama__qwen2_5-coder__14b,mixed_tokens,randomized,1,no_comments,True,True,randomized,randomized,True,False,,
core_v2_generalization_local_deterministic_randomized_001,E,deterministic_vs_randomized,ollama__qwen2_5-coder__14b,mixed_tokens,randomized,2,no_comments,True,True,randomized,randomized,True,False,,
core_v2_generalization_local_deterministic_randomized_001,E,deterministic_vs_randomized,ollama__qwen2_5-coder__14b,mixed_tokens,randomized,3,no_comments,True,True,randomized,randomized,True,False,,
core_v2_generalization_local_deterministic_randomized_001,E,deterministic_vs_randomized,ollama__qwen2_5-coder__14b,mixed_tokens,randomized,4,no_comments,True,True,randomized,randomized,True,False,,
core_v2_generalization_local_deterministic_randomized_001,E,deterministic_vs_randomized,ollama__qwen2_5-coder__14b,mixed_tokens,randomized,5,no_comments,True,True,randomized,randomized,True,False,,
core_v2_generalization_local_deterministic_randomized_001,E,deterministic_vs_randomized,ollama__qwen2_5-coder__14b,numbers_10,deterministic,1,no_comments,True,True,deterministic,deterministic,True,False,,
core_v2_generalization_local_deterministic_randomized_001,E,deterministic_vs_randomized,ollama__qwen2_5-coder__14b,numbers_10,deterministic,2,no_comments,True,True,deterministic,deterministic,True,False,,
core_v2_generalization_local_deterministic_randomized_001,E,deterministic_vs_randomized,ollama__qwen2_5-coder__14b,numbers_10,deterministic,3,no_comments,True,True,deterministic,deterministic,True,False,,
core_v2_generalization_local_deterministic_randomized_001,E,deterministic_vs_randomized,ollama__qwen2_5-coder__14b,numbers_10,deterministic,4,no_comments,True,True,deterministic,deterministic,True,False,,
core_v2_generalization_local_deterministic_randomized_001,E,deterministic_vs_randomized,ollama__qwen2_5-coder__14b,numbers_10,deterministic,5,no_comments,True,True,deterministic,deterministic,True,False,,
core_v2_generalization_local_deterministic_randomized_001,E,deterministic_vs_randomized,ollama__qwen2_5-coder__14b,numbers_10,randomized,1,no_comments,True,True,randomized,randomized,True,False,,
core_v2_generalization_local_deterministic_randomized_001,E,deterministic_vs_randomized,ollama__qwen2_5-coder__14b,numbers_10,randomized,2,no_comments,True,True,randomized,randomized,True,False,,
core_v2_generalization_local_deterministic_randomized_001,E,deterministic_vs_randomized,ollama__qwen2_5-coder__14b,numbers_10,randomized,3,no_comments,True,True,randomized,randomized,True,False,,
core_v2_generalization_local_deterministic_randomized_001,E,deterministic_vs_randomized,ollama__qwen2_5-coder__14b,numbers_10,randomized,4,no_comments,True,True,randomized,randomized,True,False,,
core_v2_generalization_local_deterministic_randomized_001,E,deterministic_vs_randomized,ollama__qwen2_5-coder__14b,numbers_10,randomized,5,no_comments,True,True,randomized,randomized,True,False,,
core_v2_generalization_local_deterministic_randomized_001,E,deterministic_vs_randomized,ollama__qwen2_5-coder__32b,letters_8,deterministic,1,no_comments,True,True,deterministic,deterministic,True,False,,
core_v2_generalization_local_deterministic_randomized_001,E,deterministic_vs_randomized,ollama__qwen2_5-coder__32b,letters_8,deterministic,2,no_comments,True,True,deterministic,deterministic,True,False,,
core_v2_generalization_local_deterministic_randomized_001,E,deterministic_vs_randomized,ollama__qwen2_5-coder__32b,letters_8,deterministic,3,no_comments,True,True,deterministic,deterministic,True,False,,
core_v2_generalization_local_deterministic_randomized_001,E,deterministic_vs_randomized,ollama__qwen2_5-coder__32b,letters_8,deterministic,4,no_comments,True,True,deterministic,deterministic,True,False,,
core_v2_generalization_local_deterministic_randomized_001,E,deterministic_vs_randomized,ollama__qwen2_5-coder__32b,letters_8,deterministic,5,no_comments,True,True,deterministic,deterministic,True,False,,
core_v2_generalization_local_deterministic_randomized_001,E,deterministic_vs_randomized,ollama__qwen2_5-coder__32b,letters_8,randomized,1,no_comments,True,True,randomized,randomized,True,False,,
core_v2_generalization_local_deterministic_randomized_001,E,deterministic_vs_randomized,ollama__qwen2_5-coder__32b,letters_8,randomized,2,no_comments,True,True,randomized,randomized,True,False,,
core_v2_generalization_local_deterministic_randomized_001,E,deterministic_vs_randomized,ollama__qwen2_5-coder__32b,letters_8,randomized,3,no_comments,True,True,randomized,randomized,True,False,,
core_v2_generalization_local_deterministic_randomized_001,E,deterministic_vs_randomized,ollama__qwen2_5-coder__32b,letters_8,randomized,4,no_comments,True,True,randomized,randomized,True,False,,
core_v2_generalization_local_deterministic_randomized_001,E,deterministic_vs_randomized,ollama__qwen2_5-coder__32b,letters_8,randomized,5,no_comments,True,True,randomized,randomized,True,False,,
core_v2_generalization_local_deterministic_randomized_001,E,deterministic_vs_randomized,ollama__qwen2_5-coder__32b,mixed_tokens,deterministic,1,no_comments,True,True,deterministic,deterministic,True,False,,
core_v2_generalization_local_deterministic_randomized_001,E,deterministic_vs_randomized,ollama__qwen2_5-coder__32b,mixed_tokens,deterministic,2,no_comments,True,True,deterministic,deterministic,True,False,,
core_v2_generalization_local_deterministic_randomized_001,E,deterministic_vs_randomized,ollama__qwen2_5-coder__32b,mixed_tokens,deterministic,3,no_comments,True,True,deterministic,deterministic,True,False,,
core_v2_generalization_local_deterministic_randomized_001,E,deterministic_vs_randomized,ollama__qwen2_5-coder__32b,mixed_tokens,deterministic,4,no_comments,True,True,deterministic,deterministic,True,False,,
core_v2_generalization_local_deterministic_randomized_001,E,deterministic_vs_randomized,ollama__qwen2_5-coder__32b,mixed_tokens,deterministic,5,no_comments,True,True,deterministic,deterministic,True,False,,
core_v2_generalization_local_deterministic_randomized_001,E,deterministic_vs_randomized,ollama__qwen2_5-coder__32b,mixed_tokens,randomized,1,no_comments,True,True,randomized,randomized,True,False,,
core_v2_generalization_local_deterministic_randomized_001,E,deterministic_vs_randomized,ollama__qwen2_5-coder__32b,mixed_tokens,randomized,2,no_comments,True,True,randomized,randomized,True,False,,
core_v2_generalization_local_deterministic_randomized_001,E,deterministic_vs_randomized,ollama__qwen2_5-coder__32b,mixed_tokens,randomized,3,no_comments,True,True,randomized,randomized,True,False,,
core_v2_generalization_local_deterministic_randomized_001,E,deterministic_vs_randomized,ollama__qwen2_5-coder__32b,mixed_tokens,randomized,4,no_comments,True,True,randomized,randomized,True,False,,
core_v2_generalization_local_deterministic_randomized_001,E,deterministic_vs_randomized,ollama__qwen2_5-coder__32b,mixed_tokens,randomized,5,no_comments,True,True,randomized,randomized,True,False,,
core_v2_generalization_local_deterministic_randomized_001,E,deterministic_vs_randomized,ollama__qwen2_5-coder__32b,numbers_10,deterministic,1,no_comments,True,True,deterministic,deterministic,True,False,,
core_v2_generalization_local_deterministic_randomized_001,E,deterministic_vs_randomized,ollama__qwen2_5-coder__32b,numbers_10,deterministic,2,no_comments,True,True,deterministic,deterministic,True,False,,
core_v2_generalization_local_deterministic_randomized_001,E,deterministic_vs_randomized,ollama__qwen2_5-coder__32b,numbers_10,deterministic,3,no_comments,True,True,deterministic,deterministic,True,False,,
core_v2_generalization_local_deterministic_randomized_001,E,deterministic_vs_randomized,ollama__qwen2_5-coder__32b,numbers_10,deterministic,4,no_comments,True,True,deterministic,deterministic,True,False,,
core_v2_generalization_local_deterministic_randomized_001,E,deterministic_vs_randomized,ollama__qwen2_5-coder__32b,numbers_10,deterministic,5,no_comments,True,True,deterministic,deterministic,True,False,,
core_v2_generalization_local_deterministic_randomized_001,E,deterministic_vs_randomized,ollama__qwen2_5-coder__32b,numbers_10,randomized,1,no_comments,True,True,randomized,randomized,True,False,,
core_v2_generalization_local_deterministic_randomized_001,E,deterministic_vs_randomized,ollama__qwen2_5-coder__32b,numbers_10,randomized,2,no_comments,True,True,randomized,randomized,True,False,,
core_v2_generalization_local_deterministic_randomized_001,E,deterministic_vs_randomized,ollama__qwen2_5-coder__32b,numbers_10,randomized,3,no_comments,True,True,randomized,randomized,True,False,,
core_v2_generalization_local_deterministic_randomized_001,E,deterministic_vs_randomized,ollama__qwen2_5-coder__32b,numbers_10,randomized,4,no_comments,True,True,randomized,randomized,True,False,,
core_v2_generalization_local_deterministic_randomized_001,E,deterministic_vs_randomized,ollama__qwen2_5-coder__32b,numbers_10,randomized,5,no_comments,True,True,randomized,randomized,True,False,,
core_v2_generalization_local_deterministic_randomized_001,E,deterministic_vs_randomized,ollama__qwen3-coder__30b,letters_8,deterministic,1,no_comments,True,True,deterministic,deterministic,True,False,,
core_v2_generalization_local_deterministic_randomized_001,E,deterministic_vs_randomized,ollama__qwen3-coder__30b,letters_8,deterministic,2,no_comments,True,True,deterministic,deterministic,True,False,,
core_v2_generalization_local_deterministic_randomized_001,E,deterministic_vs_randomized,ollama__qwen3-coder__30b,letters_8,deterministic,3,no_comments,True,True,deterministic,deterministic,True,False,,
core_v2_generalization_local_deterministic_randomized_001,E,deterministic_vs_randomized,ollama__qwen3-coder__30b,letters_8,deterministic,4,no_comments,True,True,deterministic,deterministic,True,False,,
core_v2_generalization_local_deterministic_randomized_001,E,deterministic_vs_randomized,ollama__qwen3-coder__30b,letters_8,deterministic,5,no_comments,True,True,deterministic,deterministic,True,False,,
core_v2_generalization_local_deterministic_randomized_001,E,deterministic_vs_randomized,ollama__qwen3-coder__30b,letters_8,randomized,1,no_comments,True,True,randomized,randomized,True,False,,
core_v2_generalization_local_deterministic_randomized_001,E,deterministic_vs_randomized,ollama__qwen3-coder__30b,letters_8,randomized,2,no_comments,True,True,randomized,randomized,True,False,,
core_v2_generalization_local_deterministic_randomized_001,E,deterministic_vs_randomized,ollama__qwen3-coder__30b,letters_8,randomized,3,no_comments,True,True,randomized,randomized,True,False,,
core_v2_generalization_local_deterministic_randomized_001,E,deterministic_vs_randomized,ollama__qwen3-coder__30b,letters_8,randomized,4,no_comments,True,True,randomized,randomized,True,False,,
core_v2_generalization_local_deterministic_randomized_001,E,deterministic_vs_randomized,ollama__qwen3-coder__30b,letters_8,randomized,5,no_comments,True,True,randomized,randomized,True,False,,
core_v2_generalization_local_deterministic_randomized_001,E,deterministic_vs_randomized,ollama__qwen3-coder__30b,mixed_tokens,deterministic,1,no_comments,True,True,deterministic,deterministic,True,False,,
core_v2_generalization_local_deterministic_randomized_001,E,deterministic_vs_randomized,ollama__qwen3-coder__30b,mixed_tokens,deterministic,2,no_comments,True,True,deterministic,deterministic,True,False,,
core_v2_generalization_local_deterministic_randomized_001,E,deterministic_vs_randomized,ollama__qwen3-coder__30b,mixed_tokens,deterministic,3,no_comments,True,True,deterministic,deterministic,True,False,,
core_v2_generalization_local_deterministic_randomized_001,E,deterministic_vs_randomized,ollama__qwen3-coder__30b,mixed_tokens,deterministic,4,no_comments,True,True,deterministic,deterministic,True,False,,
core_v2_generalization_local_deterministic_randomized_001,E,deterministic_vs_randomized,ollama__qwen3-coder__30b,mixed_tokens,deterministic,5,no_comments,True,True,deterministic,deterministic,True,False,,
core_v2_generalization_local_deterministic_randomized_001,E,deterministic_vs_randomized,ollama__qwen3-coder__30b,mixed_tokens,randomized,1,no_comments,True,True,randomized,randomized,True,False,,
core_v2_generalization_local_deterministic_randomized_001,E,deterministic_vs_randomized,ollama__qwen3-coder__30b,mixed_tokens,randomized,2,no_comments,True,True,randomized,randomized,True,False,,
core_v2_generalization_local_deterministic_randomized_001,E,deterministic_vs_randomized,ollama__qwen3-coder__30b,mixed_tokens,randomized,3,no_comments,True,True,randomized,randomized,True,False,,
core_v2_generalization_local_deterministic_randomized_001,E,deterministic_vs_randomized,ollama__qwen3-coder__30b,mixed_tokens,randomized,4,no_comments,True,True,randomized,randomized,True,False,,
core_v2_generalization_local_deterministic_randomized_001,E,deterministic_vs_randomized,ollama__qwen3-coder__30b,mixed_tokens,randomized,5,no_comments,True,True,randomized,randomized,True,False,,
core_v2_generalization_local_deterministic_randomized_001,E,deterministic_vs_randomized,ollama__qwen3-coder__30b,numbers_10,deterministic,1,no_comments,True,True,deterministic,deterministic,True,False,,
core_v2_generalization_local_deterministic_randomized_001,E,deterministic_vs_randomized,ollama__qwen3-coder__30b,numbers_10,deterministic,2,no_comments,True,True,deterministic,deterministic,True,False,,
core_v2_generalization_local_deterministic_randomized_001,E,deterministic_vs_randomized,ollama__qwen3-coder__30b,numbers_10,deterministic,3,no_comments,True,True,deterministic,deterministic,True,False,,
core_v2_generalization_local_deterministic_randomized_001,E,deterministic_vs_randomized,ollama__qwen3-coder__30b,numbers_10,deterministic,4,no_comments,True,True,deterministic,deterministic,True,False,,
core_v2_generalization_local_deterministic_randomized_001,E,deterministic_vs_randomized,ollama__qwen3-coder__30b,numbers_10,deterministic,5,no_comments,True,True,deterministic,deterministic,True,False,,
core_v2_generalization_local_deterministic_randomized_001,E,deterministic_vs_randomized,ollama__qwen3-coder__30b,numbers_10,randomized,1,no_comments,True,True,randomized,randomized,True,False,,
core_v2_generalization_local_deterministic_randomized_001,E,deterministic_vs_randomized,ollama__qwen3-coder__30b,numbers_10,randomized,2,no_comments,True,True,randomized,randomized,True,False,,
core_v2_generalization_local_deterministic_randomized_001,E,deterministic_vs_randomized,ollama__qwen3-coder__30b,numbers_10,randomized,3,no_comments,True,True,randomized,randomized,True,False,,
core_v2_generalization_local_deterministic_randomized_001,E,deterministic_vs_randomized,ollama__qwen3-coder__30b,numbers_10,randomized,4,no_comments,True,True,randomized,randomized,True,False,,
core_v2_generalization_local_deterministic_randomized_001,E,deterministic_vs_randomized,ollama__qwen3-coder__30b,numbers_10,randomized,5,no_comments,True,True,randomized,randomized,True,False,,
core_v2_generalization_local_deterministic_randomized_001,E,deterministic_vs_randomized,ollama__devstral__latest,letters_8,deterministic,1,renamed,True,True,deterministic,deterministic,True,False,,
core_v2_generalization_local_deterministic_randomized_001,E,deterministic_vs_randomized,ollama__devstral__latest,letters_8,deterministic,2,renamed,True,True,deterministic,deterministic,True,False,,
core_v2_generalization_local_deterministic_randomized_001,E,deterministic_vs_randomized,ollama__devstral__latest,letters_8,deterministic,3,renamed,True,True,deterministic,deterministic,True,False,,
core_v2_generalization_local_deterministic_randomized_001,E,deterministic_vs_randomized,ollama__devstral__latest,letters_8,deterministic,4,renamed,True,True,deterministic,deterministic,True,False,,
core_v2_generalization_local_deterministic_randomized_001,E,deterministic_vs_randomized,ollama__devstral__latest,letters_8,deterministic,5,renamed,True,True,deterministic,deterministic,True,False,,
core_v2_generalization_local_deterministic_randomized_001,E,deterministic_vs_randomized,ollama__devstral__latest,letters_8,randomized,1,renamed,True,True,randomized,randomized,True,False,,
core_v2_generalization_local_deterministic_randomized_001,E,deterministic_vs_randomized,ollama__devstral__latest,letters_8,randomized,2,renamed,True,True,randomized,randomized,True,False,,
core_v2_generalization_local_deterministic_randomized_001,E,deterministic_vs_randomized,ollama__devstral__latest,letters_8,randomized,3,renamed,True,True,randomized,randomized,True,False,,
core_v2_generalization_local_deterministic_randomized_001,E,deterministic_vs_randomized,ollama__devstral__latest,letters_8,randomized,4,renamed,True,True,randomized,randomized,True,False,,
core_v2_generalization_local_deterministic_randomized_001,E,deterministic_vs_randomized,ollama__devstral__latest,letters_8,randomized,5,renamed,True,True,randomized,randomized,True,False,,
core_v2_generalization_local_deterministic_randomized_001,E,deterministic_vs_randomized,ollama__devstral__latest,mixed_tokens,deterministic,1,renamed,True,True,deterministic,deterministic,True,False,,
core_v2_generalization_local_deterministic_randomized_001,E,deterministic_vs_randomized,ollama__devstral__latest,mixed_tokens,deterministic,2,renamed,True,True,deterministic,deterministic,True,False,,
core_v2_generalization_local_deterministic_randomized_001,E,deterministic_vs_randomized,ollama__devstral__latest,mixed_tokens,deterministic,3,renamed,True,True,deterministic,deterministic,True,False,,
core_v2_generalization_local_deterministic_randomized_001,E,deterministic_vs_randomized,ollama__devstral__latest,mixed_tokens,deterministic,4,renamed,True,True,deterministic,deterministic,True,False,,
core_v2_generalization_local_deterministic_randomized_001,E,deterministic_vs_randomized,ollama__devstral__latest,mixed_tokens,deterministic,5,renamed,True,True,deterministic,deterministic,True,False,,
core_v2_generalization_local_deterministic_randomized_001,E,deterministic_vs_randomized,ollama__devstral__latest,mixed_tokens,randomized,1,renamed,True,True,randomized,randomized,True,False,,
core_v2_generalization_local_deterministic_randomized_001,E,deterministic_vs_randomized,ollama__devstral__latest,mixed_tokens,randomized,2,renamed,True,True,randomized,randomized,True,False,,
core_v2_generalization_local_deterministic_randomized_001,E,deterministic_vs_randomized,ollama__devstral__latest,mixed_tokens,randomized,3,renamed,True,True,randomized,randomized,True,False,,
core_v2_generalization_local_deterministic_randomized_001,E,deterministic_vs_randomized,ollama__devstral__latest,mixed_tokens,randomized,4,renamed,True,True,randomized,randomized,True,False,,
core_v2_generalization_local_deterministic_randomized_001,E,deterministic_vs_randomized,ollama__devstral__latest,mixed_tokens,randomized,5,renamed,True,True,randomized,randomized,True,False,,
core_v2_generalization_local_deterministic_randomized_001,E,deterministic_vs_randomized,ollama__devstral__latest,numbers_10,deterministic,1,renamed,True,True,deterministic,deterministic,True,False,,
core_v2_generalization_local_deterministic_randomized_001,E,deterministic_vs_randomized,ollama__devstral__latest,numbers_10,deterministic,2,renamed,True,True,deterministic,deterministic,True,False,,
core_v2_generalization_local_deterministic_randomized_001,E,deterministic_vs_randomized,ollama__devstral__latest,numbers_10,deterministic,3,renamed,True,True,deterministic,deterministic,True,False,,
core_v2_generalization_local_deterministic_randomized_001,E,deterministic_vs_randomized,ollama__devstral__latest,numbers_10,deterministic,4,renamed,True,True,deterministic,deterministic,True,False,,
core_v2_generalization_local_deterministic_randomized_001,E,deterministic_vs_randomized,ollama__devstral__latest,numbers_10,deterministic,5,renamed,True,True,deterministic,deterministic,True,False,,
core_v2_generalization_local_deterministic_randomized_001,E,deterministic_vs_randomized,ollama__devstral__latest,numbers_10,randomized,1,renamed,True,True,randomized,randomized,True,False,,
core_v2_generalization_local_deterministic_randomized_001,E,deterministic_vs_randomized,ollama__devstral__latest,numbers_10,randomized,2,renamed,True,True,randomized,randomized,True,False,,
core_v2_generalization_local_deterministic_randomized_001,E,deterministic_vs_randomized,ollama__devstral__latest,numbers_10,randomized,3,renamed,True,True,randomized,randomized,True,False,,
core_v2_generalization_local_deterministic_randomized_001,E,deterministic_vs_randomized,ollama__devstral__latest,numbers_10,randomized,4,renamed,True,True,randomized,randomized,True,False,,
core_v2_generalization_local_deterministic_randomized_001,E,deterministic_vs_randomized,ollama__devstral__latest,numbers_10,randomized,5,renamed,True,True,randomized,randomized,True,False,,
core_v2_generalization_local_deterministic_randomized_001,E,deterministic_vs_randomized,ollama__qwen2_5-coder__14b,letters_8,deterministic,1,renamed,True,True,deterministic,deterministic,True,False,,
core_v2_generalization_local_deterministic_randomized_001,E,deterministic_vs_randomized,ollama__qwen2_5-coder__14b,letters_8,deterministic,2,renamed,True,True,deterministic,deterministic,True,False,,
core_v2_generalization_local_deterministic_randomized_001,E,deterministic_vs_randomized,ollama__qwen2_5-coder__14b,letters_8,deterministic,3,renamed,True,True,deterministic,deterministic,True,False,,
core_v2_generalization_local_deterministic_randomized_001,E,deterministic_vs_randomized,ollama__qwen2_5-coder__14b,letters_8,deterministic,4,renamed,True,True,deterministic,deterministic,True,False,,
core_v2_generalization_local_deterministic_randomized_001,E,deterministic_vs_randomized,ollama__qwen2_5-coder__14b,letters_8,deterministic,5,renamed,True,True,deterministic,deterministic,True,False,,
core_v2_generalization_local_deterministic_randomized_001,E,deterministic_vs_randomized,ollama__qwen2_5-coder__14b,letters_8,randomized,1,renamed,True,True,randomized,randomized,True,False,,
core_v2_generalization_local_deterministic_randomized_001,E,deterministic_vs_randomized,ollama__qwen2_5-coder__14b,letters_8,randomized,2,renamed,True,True,randomized,randomized,True,False,,
core_v2_generalization_local_deterministic_randomized_001,E,deterministic_vs_randomized,ollama__qwen2_5-coder__14b,letters_8,randomized,3,renamed,True,True,randomized,randomized,True,False,,
core_v2_generalization_local_deterministic_randomized_001,E,deterministic_vs_randomized,ollama__qwen2_5-coder__14b,letters_8,randomized,4,renamed,True,True,randomized,randomized,True,False,,
core_v2_generalization_local_deterministic_randomized_001,E,deterministic_vs_randomized,ollama__qwen2_5-coder__14b,letters_8,randomized,5,renamed,True,True,randomized,randomized,True,False,,
core_v2_generalization_local_deterministic_randomized_001,E,deterministic_vs_randomized,ollama__qwen2_5-coder__14b,mixed_tokens,deterministic,1,renamed,True,True,deterministic,deterministic,True,False,,
core_v2_generalization_local_deterministic_randomized_001,E,deterministic_vs_randomized,ollama__qwen2_5-coder__14b,mixed_tokens,deterministic,2,renamed,True,True,deterministic,deterministic,True,False,,
core_v2_generalization_local_deterministic_randomized_001,E,deterministic_vs_randomized,ollama__qwen2_5-coder__14b,mixed_tokens,deterministic,3,renamed,True,True,deterministic,deterministic,True,False,,
core_v2_generalization_local_deterministic_randomized_001,E,deterministic_vs_randomized,ollama__qwen2_5-coder__14b,mixed_tokens,deterministic,4,renamed,True,True,deterministic,deterministic,True,False,,
core_v2_generalization_local_deterministic_randomized_001,E,deterministic_vs_randomized,ollama__qwen2_5-coder__14b,mixed_tokens,deterministic,5,renamed,True,True,deterministic,deterministic,True,False,,
core_v2_generalization_local_deterministic_randomized_001,E,deterministic_vs_randomized,ollama__qwen2_5-coder__14b,mixed_tokens,randomized,1,renamed,True,True,randomized,randomized,True,False,,
core_v2_generalization_local_deterministic_randomized_001,E,deterministic_vs_randomized,ollama__qwen2_5-coder__14b,mixed_tokens,randomized,2,renamed,True,True,randomized,randomized,True,False,,
core_v2_generalization_local_deterministic_randomized_001,E,deterministic_vs_randomized,ollama__qwen2_5-coder__14b,mixed_tokens,randomized,3,renamed,True,True,randomized,randomized,True,False,,
core_v2_generalization_local_deterministic_randomized_001,E,deterministic_vs_randomized,ollama__qwen2_5-coder__14b,mixed_tokens,randomized,4,renamed,True,True,randomized,randomized,True,False,,
core_v2_generalization_local_deterministic_randomized_001,E,deterministic_vs_randomized,ollama__qwen2_5-coder__14b,mixed_tokens,randomized,5,renamed,True,True,randomized,randomized,True,False,,
core_v2_generalization_local_deterministic_randomized_001,E,deterministic_vs_randomized,ollama__qwen2_5-coder__14b,numbers_10,deterministic,1,renamed,True,True,deterministic,deterministic,True,False,,
core_v2_generalization_local_deterministic_randomized_001,E,deterministic_vs_randomized,ollama__qwen2_5-coder__14b,numbers_10,deterministic,2,renamed,True,True,deterministic,deterministic,True,False,,
core_v2_generalization_local_deterministic_randomized_001,E,deterministic_vs_randomized,ollama__qwen2_5-coder__14b,numbers_10,deterministic,3,renamed,True,True,deterministic,deterministic,True,False,,
core_v2_generalization_local_deterministic_randomized_001,E,deterministic_vs_randomized,ollama__qwen2_5-coder__14b,numbers_10,deterministic,4,renamed,True,True,deterministic,deterministic,True,False,,
core_v2_generalization_local_deterministic_randomized_001,E,deterministic_vs_randomized,ollama__qwen2_5-coder__14b,numbers_10,deterministic,5,renamed,True,True,deterministic,deterministic,True,False,,
core_v2_generalization_local_deterministic_randomized_001,E,deterministic_vs_randomized,ollama__qwen2_5-coder__14b,numbers_10,randomized,1,renamed,True,True,randomized,randomized,True,False,,
core_v2_generalization_local_deterministic_randomized_001,E,deterministic_vs_randomized,ollama__qwen2_5-coder__14b,numbers_10,randomized,2,renamed,True,True,randomized,randomized,True,False,,
core_v2_generalization_local_deterministic_randomized_001,E,deterministic_vs_randomized,ollama__qwen2_5-coder__14b,numbers_10,randomized,3,renamed,True,True,randomized,randomized,True,False,,
core_v2_generalization_local_deterministic_randomized_001,E,deterministic_vs_randomized,ollama__qwen2_5-coder__14b,numbers_10,randomized,4,renamed,True,True,randomized,randomized,True,False,,
core_v2_generalization_local_deterministic_randomized_001,E,deterministic_vs_randomized,ollama__qwen2_5-coder__14b,numbers_10,randomized,5,renamed,True,True,randomized,randomized,True,False,,
core_v2_generalization_local_deterministic_randomized_001,E,deterministic_vs_randomized,ollama__qwen2_5-coder__32b,letters_8,deterministic,1,renamed,True,True,deterministic,deterministic,True,False,,
core_v2_generalization_local_deterministic_randomized_001,E,deterministic_vs_randomized,ollama__qwen2_5-coder__32b,letters_8,deterministic,2,renamed,True,True,deterministic,deterministic,True,False,,
core_v2_generalization_local_deterministic_randomized_001,E,deterministic_vs_randomized,ollama__qwen2_5-coder__32b,letters_8,deterministic,3,renamed,True,True,deterministic,deterministic,True,False,,
core_v2_generalization_local_deterministic_randomized_001,E,deterministic_vs_randomized,ollama__qwen2_5-coder__32b,letters_8,deterministic,4,renamed,True,True,deterministic,deterministic,True,False,,
core_v2_generalization_local_deterministic_randomized_001,E,deterministic_vs_randomized,ollama__qwen2_5-coder__32b,letters_8,deterministic,5,renamed,True,True,deterministic,deterministic,True,False,,
core_v2_generalization_local_deterministic_randomized_001,E,deterministic_vs_randomized,ollama__qwen2_5-coder__32b,letters_8,randomized,1,renamed,True,True,randomized,randomized,True,False,,
core_v2_generalization_local_deterministic_randomized_001,E,deterministic_vs_randomized,ollama__qwen2_5-coder__32b,letters_8,randomized,2,renamed,True,True,randomized,randomized,True,False,,
core_v2_generalization_local_deterministic_randomized_001,E,deterministic_vs_randomized,ollama__qwen2_5-coder__32b,letters_8,randomized,3,renamed,True,True,randomized,randomized,True,False,,
core_v2_generalization_local_deterministic_randomized_001,E,deterministic_vs_randomized,ollama__qwen2_5-coder__32b,letters_8,randomized,4,renamed,True,True,randomized,randomized,True,False,,
core_v2_generalization_local_deterministic_randomized_001,E,deterministic_vs_randomized,ollama__qwen2_5-coder__32b,letters_8,randomized,5,renamed,True,True,randomized,randomized,True,False,,
core_v2_generalization_local_deterministic_randomized_001,E,deterministic_vs_randomized,ollama__qwen2_5-coder__32b,mixed_tokens,deterministic,1,renamed,True,True,deterministic,deterministic,True,False,,
core_v2_generalization_local_deterministic_randomized_001,E,deterministic_vs_randomized,ollama__qwen2_5-coder__32b,mixed_tokens,deterministic,2,renamed,True,True,deterministic,deterministic,True,False,,
core_v2_generalization_local_deterministic_randomized_001,E,deterministic_vs_randomized,ollama__qwen2_5-coder__32b,mixed_tokens,deterministic,3,renamed,True,True,deterministic,deterministic,True,False,,
core_v2_generalization_local_deterministic_randomized_001,E,deterministic_vs_randomized,ollama__qwen2_5-coder__32b,mixed_tokens,deterministic,4,renamed,True,True,deterministic,deterministic,True,False,,
core_v2_generalization_local_deterministic_randomized_001,E,deterministic_vs_randomized,ollama__qwen2_5-coder__32b,mixed_tokens,deterministic,5,renamed,True,True,deterministic,deterministic,True,False,,
core_v2_generalization_local_deterministic_randomized_001,E,deterministic_vs_randomized,ollama__qwen2_5-coder__32b,mixed_tokens,randomized,1,renamed,True,True,randomized,randomized,True,False,,
core_v2_generalization_local_deterministic_randomized_001,E,deterministic_vs_randomized,ollama__qwen2_5-coder__32b,mixed_tokens,randomized,2,renamed,True,True,randomized,randomized,True,False,,
core_v2_generalization_local_deterministic_randomized_001,E,deterministic_vs_randomized,ollama__qwen2_5-coder__32b,mixed_tokens,randomized,3,renamed,True,True,randomized,randomized,True,False,,
core_v2_generalization_local_deterministic_randomized_001,E,deterministic_vs_randomized,ollama__qwen2_5-coder__32b,mixed_tokens,randomized,4,renamed,True,True,randomized,randomized,True,False,,
core_v2_generalization_local_deterministic_randomized_001,E,deterministic_vs_randomized,ollama__qwen2_5-coder__32b,mixed_tokens,randomized,5,renamed,True,True,randomized,randomized,True,False,,
core_v2_generalization_local_deterministic_randomized_001,E,deterministic_vs_randomized,ollama__qwen2_5-coder__32b,numbers_10,deterministic,1,renamed,True,True,deterministic,deterministic,True,False,,
core_v2_generalization_local_deterministic_randomized_001,E,deterministic_vs_randomized,ollama__qwen2_5-coder__32b,numbers_10,deterministic,2,renamed,True,True,deterministic,deterministic,True,False,,
core_v2_generalization_local_deterministic_randomized_001,E,deterministic_vs_randomized,ollama__qwen2_5-coder__32b,numbers_10,deterministic,3,renamed,True,True,deterministic,deterministic,True,False,,
core_v2_generalization_local_deterministic_randomized_001,E,deterministic_vs_randomized,ollama__qwen2_5-coder__32b,numbers_10,deterministic,4,renamed,True,True,deterministic,deterministic,True,False,,
core_v2_generalization_local_deterministic_randomized_001,E,deterministic_vs_randomized,ollama__qwen2_5-coder__32b,numbers_10,deterministic,5,renamed,True,True,deterministic,deterministic,True,False,,
core_v2_generalization_local_deterministic_randomized_001,E,deterministic_vs_randomized,ollama__qwen2_5-coder__32b,numbers_10,randomized,1,renamed,True,True,randomized,randomized,True,False,,
core_v2_generalization_local_deterministic_randomized_001,E,deterministic_vs_randomized,ollama__qwen2_5-coder__32b,numbers_10,randomized,2,renamed,True,True,randomized,randomized,True,False,,
core_v2_generalization_local_deterministic_randomized_001,E,deterministic_vs_randomized,ollama__qwen2_5-coder__32b,numbers_10,randomized,3,renamed,True,True,randomized,randomized,True,False,,
core_v2_generalization_local_deterministic_randomized_001,E,deterministic_vs_randomized,ollama__qwen2_5-coder__32b,numbers_10,randomized,4,renamed,True,True,randomized,randomized,True,False,,
core_v2_generalization_local_deterministic_randomized_001,E,deterministic_vs_randomized,ollama__qwen2_5-coder__32b,numbers_10,randomized,5,renamed,True,True,randomized,randomized,True,False,,
core_v2_generalization_local_deterministic_randomized_001,E,deterministic_vs_randomized,ollama__qwen3-coder__30b,letters_8,deterministic,1,renamed,True,True,deterministic,deterministic,True,False,,
core_v2_generalization_local_deterministic_randomized_001,E,deterministic_vs_randomized,ollama__qwen3-coder__30b,letters_8,deterministic,2,renamed,True,True,deterministic,deterministic,True,False,,
core_v2_generalization_local_deterministic_randomized_001,E,deterministic_vs_randomized,ollama__qwen3-coder__30b,letters_8,deterministic,3,renamed,True,True,deterministic,deterministic,True,False,,
core_v2_generalization_local_deterministic_randomized_001,E,deterministic_vs_randomized,ollama__qwen3-coder__30b,letters_8,deterministic,4,renamed,True,True,deterministic,deterministic,True,False,,
core_v2_generalization_local_deterministic_randomized_001,E,deterministic_vs_randomized,ollama__qwen3-coder__30b,letters_8,deterministic,5,renamed,True,True,deterministic,deterministic,True,False,,
core_v2_generalization_local_deterministic_randomized_001,E,deterministic_vs_randomized,ollama__qwen3-coder__30b,letters_8,randomized,1,renamed,True,True,randomized,randomized,True,False,,
core_v2_generalization_local_deterministic_randomized_001,E,deterministic_vs_randomized,ollama__qwen3-coder__30b,letters_8,randomized,2,renamed,True,True,randomized,randomized,True,False,,
core_v2_generalization_local_deterministic_randomized_001,E,deterministic_vs_randomized,ollama__qwen3-coder__30b,letters_8,randomized,3,renamed,True,True,randomized,randomized,True,False,,
core_v2_generalization_local_deterministic_randomized_001,E,deterministic_vs_randomized,ollama__qwen3-coder__30b,letters_8,randomized,4,renamed,True,True,randomized,randomized,True,False,,
core_v2_generalization_local_deterministic_randomized_001,E,deterministic_vs_randomized,ollama__qwen3-coder__30b,letters_8,randomized,5,renamed,True,True,randomized,randomized,True,False,,
core_v2_generalization_local_deterministic_randomized_001,E,deterministic_vs_randomized,ollama__qwen3-coder__30b,mixed_tokens,deterministic,1,renamed,True,True,deterministic,deterministic,True,False,,
core_v2_generalization_local_deterministic_randomized_001,E,deterministic_vs_randomized,ollama__qwen3-coder__30b,mixed_tokens,deterministic,2,renamed,True,True,deterministic,deterministic,True,False,,
core_v2_generalization_local_deterministic_randomized_001,E,deterministic_vs_randomized,ollama__qwen3-coder__30b,mixed_tokens,deterministic,3,renamed,True,True,deterministic,deterministic,True,False,,
core_v2_generalization_local_deterministic_randomized_001,E,deterministic_vs_randomized,ollama__qwen3-coder__30b,mixed_tokens,deterministic,4,renamed,True,True,deterministic,deterministic,True,False,,
core_v2_generalization_local_deterministic_randomized_001,E,deterministic_vs_randomized,ollama__qwen3-coder__30b,mixed_tokens,deterministic,5,renamed,True,True,deterministic,deterministic,True,False,,
core_v2_generalization_local_deterministic_randomized_001,E,deterministic_vs_randomized,ollama__qwen3-coder__30b,mixed_tokens,randomized,1,renamed,True,True,randomized,randomized,True,False,,
core_v2_generalization_local_deterministic_randomized_001,E,deterministic_vs_randomized,ollama__qwen3-coder__30b,mixed_tokens,randomized,2,renamed,True,True,randomized,randomized,True,False,,
core_v2_generalization_local_deterministic_randomized_001,E,deterministic_vs_randomized,ollama__qwen3-coder__30b,mixed_tokens,randomized,3,renamed,True,True,randomized,randomized,True,False,,
core_v2_generalization_local_deterministic_randomized_001,E,deterministic_vs_randomized,ollama__qwen3-coder__30b,mixed_tokens,randomized,4,renamed,True,True,randomized,randomized,True,False,,
core_v2_generalization_local_deterministic_randomized_001,E,deterministic_vs_randomized,ollama__qwen3-coder__30b,mixed_tokens,randomized,5,renamed,True,True,randomized,randomized,True,False,,
core_v2_generalization_local_deterministic_randomized_001,E,deterministic_vs_randomized,ollama__qwen3-coder__30b,numbers_10,deterministic,1,renamed,True,True,deterministic,deterministic,True,False,,
core_v2_generalization_local_deterministic_randomized_001,E,deterministic_vs_randomized,ollama__qwen3-coder__30b,numbers_10,deterministic,2,renamed,True,True,deterministic,deterministic,True,False,,
core_v2_generalization_local_deterministic_randomized_001,E,deterministic_vs_randomized,ollama__qwen3-coder__30b,numbers_10,deterministic,3,renamed,True,True,deterministic,deterministic,True,False,,
core_v2_generalization_local_deterministic_randomized_001,E,deterministic_vs_randomized,ollama__qwen3-coder__30b,numbers_10,deterministic,4,renamed,True,True,deterministic,deterministic,True,False,,
core_v2_generalization_local_deterministic_randomized_001,E,deterministic_vs_randomized,ollama__qwen3-coder__30b,numbers_10,deterministic,5,renamed,True,True,deterministic,deterministic,True,False,,
core_v2_generalization_local_deterministic_randomized_001,E,deterministic_vs_randomized,ollama__qwen3-coder__30b,numbers_10,randomized,1,renamed,True,True,randomized,randomized,True,False,,
core_v2_generalization_local_deterministic_randomized_001,E,deterministic_vs_randomized,ollama__qwen3-coder__30b,numbers_10,randomized,2,renamed,True,True,randomized,randomized,True,False,,
core_v2_generalization_local_deterministic_randomized_001,E,deterministic_vs_randomized,ollama__qwen3-coder__30b,numbers_10,randomized,3,renamed,True,True,randomized,randomized,True,False,,
core_v2_generalization_local_deterministic_randomized_001,E,deterministic_vs_randomized,ollama__qwen3-coder__30b,numbers_10,randomized,4,renamed,True,True,randomized,randomized,True,False,,
core_v2_generalization_local_deterministic_randomized_001,E,deterministic_vs_randomized,ollama__qwen3-coder__30b,numbers_10,randomized,5,renamed,True,True,randomized,randomized,True,False,,
core_v2_generalization_local_deterministic_randomized_001,E,deterministic_vs_randomized,ollama__devstral__latest,letters_8,deterministic,1,no_imports,True,True,deterministic,deterministic,True,False,,
core_v2_generalization_local_deterministic_randomized_001,E,deterministic_vs_randomized,ollama__devstral__latest,letters_8,deterministic,2,no_imports,True,True,deterministic,deterministic,True,False,,
core_v2_generalization_local_deterministic_randomized_001,E,deterministic_vs_randomized,ollama__devstral__latest,letters_8,deterministic,3,no_imports,True,True,deterministic,deterministic,True,False,,
core_v2_generalization_local_deterministic_randomized_001,E,deterministic_vs_randomized,ollama__devstral__latest,letters_8,deterministic,4,no_imports,True,True,deterministic,deterministic,True,False,,
core_v2_generalization_local_deterministic_randomized_001,E,deterministic_vs_randomized,ollama__devstral__latest,letters_8,deterministic,5,no_imports,True,True,deterministic,deterministic,True,False,,
core_v2_generalization_local_deterministic_randomized_001,E,deterministic_vs_randomized,ollama__devstral__latest,letters_8,randomized,1,no_imports,True,True,randomized,randomized,True,False,,
core_v2_generalization_local_deterministic_randomized_001,E,deterministic_vs_randomized,ollama__devstral__latest,letters_8,randomized,2,no_imports,True,True,randomized,randomized,True,False,,
core_v2_generalization_local_deterministic_randomized_001,E,deterministic_vs_randomized,ollama__devstral__latest,letters_8,randomized,3,no_imports,True,True,randomized,randomized,True,False,,
core_v2_generalization_local_deterministic_randomized_001,E,deterministic_vs_randomized,ollama__devstral__latest,letters_8,randomized,4,no_imports,True,True,randomized,randomized,True,False,,
core_v2_generalization_local_deterministic_randomized_001,E,deterministic_vs_randomized,ollama__devstral__latest,letters_8,randomized,5,no_imports,True,True,randomized,randomized,True,False,,
core_v2_generalization_local_deterministic_randomized_001,E,deterministic_vs_randomized,ollama__devstral__latest,mixed_tokens,deterministic,1,no_imports,True,True,deterministic,deterministic,True,False,,
core_v2_generalization_local_deterministic_randomized_001,E,deterministic_vs_randomized,ollama__devstral__latest,mixed_tokens,deterministic,2,no_imports,True,True,deterministic,deterministic,True,False,,
core_v2_generalization_local_deterministic_randomized_001,E,deterministic_vs_randomized,ollama__devstral__latest,mixed_tokens,deterministic,3,no_imports,True,True,deterministic,deterministic,True,False,,
core_v2_generalization_local_deterministic_randomized_001,E,deterministic_vs_randomized,ollama__devstral__latest,mixed_tokens,deterministic,4,no_imports,True,True,deterministic,deterministic,True,False,,
core_v2_generalization_local_deterministic_randomized_001,E,deterministic_vs_randomized,ollama__devstral__latest,mixed_tokens,deterministic,5,no_imports,True,True,deterministic,deterministic,True,False,,
core_v2_generalization_local_deterministic_randomized_001,E,deterministic_vs_randomized,ollama__devstral__latest,mixed_tokens,randomized,1,no_imports,True,True,randomized,randomized,True,False,,
core_v2_generalization_local_deterministic_randomized_001,E,deterministic_vs_randomized,ollama__devstral__latest,mixed_tokens,randomized,2,no_imports,True,True,randomized,randomized,True,False,,
core_v2_generalization_local_deterministic_randomized_001,E,deterministic_vs_randomized,ollama__devstral__latest,mixed_tokens,randomized,3,no_imports,True,True,randomized,randomized,True,False,,
core_v2_generalization_local_deterministic_randomized_001,E,deterministic_vs_randomized,ollama__devstral__latest,mixed_tokens,randomized,4,no_imports,True,True,randomized,randomized,True,False,,
core_v2_generalization_local_deterministic_randomized_001,E,deterministic_vs_randomized,ollama__devstral__latest,mixed_tokens,randomized,5,no_imports,True,True,randomized,randomized,True,False,,
core_v2_generalization_local_deterministic_randomized_001,E,deterministic_vs_randomized,ollama__devstral__latest,numbers_10,deterministic,1,no_imports,True,True,deterministic,deterministic,True,False,,
core_v2_generalization_local_deterministic_randomized_001,E,deterministic_vs_randomized,ollama__devstral__latest,numbers_10,deterministic,2,no_imports,True,True,deterministic,deterministic,True,False,,
core_v2_generalization_local_deterministic_randomized_001,E,deterministic_vs_randomized,ollama__devstral__latest,numbers_10,deterministic,3,no_imports,True,True,deterministic,deterministic,True,False,,
core_v2_generalization_local_deterministic_randomized_001,E,deterministic_vs_randomized,ollama__devstral__latest,numbers_10,deterministic,4,no_imports,True,True,deterministic,deterministic,True,False,,
core_v2_generalization_local_deterministic_randomized_001,E,deterministic_vs_randomized,ollama__devstral__latest,numbers_10,deterministic,5,no_imports,True,True,deterministic,deterministic,True,False,,
core_v2_generalization_local_deterministic_randomized_001,E,deterministic_vs_randomized,ollama__devstral__latest,numbers_10,randomized,1,no_imports,True,True,randomized,randomized,True,False,,
core_v2_generalization_local_deterministic_randomized_001,E,deterministic_vs_randomized,ollama__devstral__latest,numbers_10,randomized,2,no_imports,True,True,randomized,randomized,True,False,,
core_v2_generalization_local_deterministic_randomized_001,E,deterministic_vs_randomized,ollama__devstral__latest,numbers_10,randomized,3,no_imports,True,True,randomized,randomized,True,False,,
core_v2_generalization_local_deterministic_randomized_001,E,deterministic_vs_randomized,ollama__devstral__latest,numbers_10,randomized,4,no_imports,True,True,randomized,randomized,True,False,,
core_v2_generalization_local_deterministic_randomized_001,E,deterministic_vs_randomized,ollama__devstral__latest,numbers_10,randomized,5,no_imports,True,True,randomized,randomized,True,False,,
core_v2_generalization_local_deterministic_randomized_001,E,deterministic_vs_randomized,ollama__qwen2_5-coder__14b,letters_8,deterministic,1,no_imports,True,True,deterministic,deterministic,True,False,,
core_v2_generalization_local_deterministic_randomized_001,E,deterministic_vs_randomized,ollama__qwen2_5-coder__14b,letters_8,deterministic,2,no_imports,True,True,deterministic,deterministic,True,False,,
core_v2_generalization_local_deterministic_randomized_001,E,deterministic_vs_randomized,ollama__qwen2_5-coder__14b,letters_8,deterministic,3,no_imports,True,True,deterministic,deterministic,True,False,,
core_v2_generalization_local_deterministic_randomized_001,E,deterministic_vs_randomized,ollama__qwen2_5-coder__14b,letters_8,deterministic,4,no_imports,True,True,deterministic,deterministic,True,False,,
core_v2_generalization_local_deterministic_randomized_001,E,deterministic_vs_randomized,ollama__qwen2_5-coder__14b,letters_8,deterministic,5,no_imports,True,True,deterministic,deterministic,True,False,,
core_v2_generalization_local_deterministic_randomized_001,E,deterministic_vs_randomized,ollama__qwen2_5-coder__14b,letters_8,randomized,1,no_imports,True,True,randomized,randomized,True,False,,
core_v2_generalization_local_deterministic_randomized_001,E,deterministic_vs_randomized,ollama__qwen2_5-coder__14b,letters_8,randomized,2,no_imports,True,True,randomized,randomized,True,False,,
core_v2_generalization_local_deterministic_randomized_001,E,deterministic_vs_randomized,ollama__qwen2_5-coder__14b,letters_8,randomized,3,no_imports,True,True,randomized,randomized,True,False,,
core_v2_generalization_local_deterministic_randomized_001,E,deterministic_vs_randomized,ollama__qwen2_5-coder__14b,letters_8,randomized,4,no_imports,True,True,randomized,randomized,True,False,,
core_v2_generalization_local_deterministic_randomized_001,E,deterministic_vs_randomized,ollama__qwen2_5-coder__14b,letters_8,randomized,5,no_imports,True,True,randomized,randomized,True,False,,
core_v2_generalization_local_deterministic_randomized_001,E,deterministic_vs_randomized,ollama__qwen2_5-coder__14b,mixed_tokens,deterministic,1,no_imports,True,True,deterministic,deterministic,True,False,,
core_v2_generalization_local_deterministic_randomized_001,E,deterministic_vs_randomized,ollama__qwen2_5-coder__14b,mixed_tokens,deterministic,2,no_imports,True,True,deterministic,deterministic,True,False,,
core_v2_generalization_local_deterministic_randomized_001,E,deterministic_vs_randomized,ollama__qwen2_5-coder__14b,mixed_tokens,deterministic,3,no_imports,True,True,deterministic,deterministic,True,False,,
core_v2_generalization_local_deterministic_randomized_001,E,deterministic_vs_randomized,ollama__qwen2_5-coder__14b,mixed_tokens,deterministic,4,no_imports,True,True,deterministic,deterministic,True,False,,
core_v2_generalization_local_deterministic_randomized_001,E,deterministic_vs_randomized,ollama__qwen2_5-coder__14b,mixed_tokens,deterministic,5,no_imports,True,True,deterministic,deterministic,True,False,,
core_v2_generalization_local_deterministic_randomized_001,E,deterministic_vs_randomized,ollama__qwen2_5-coder__14b,mixed_tokens,randomized,1,no_imports,True,True,randomized,randomized,True,False,,
core_v2_generalization_local_deterministic_randomized_001,E,deterministic_vs_randomized,ollama__qwen2_5-coder__14b,mixed_tokens,randomized,2,no_imports,True,True,randomized,randomized,True,False,,
core_v2_generalization_local_deterministic_randomized_001,E,deterministic_vs_randomized,ollama__qwen2_5-coder__14b,mixed_tokens,randomized,3,no_imports,True,True,randomized,randomized,True,False,,
core_v2_generalization_local_deterministic_randomized_001,E,deterministic_vs_randomized,ollama__qwen2_5-coder__14b,mixed_tokens,randomized,4,no_imports,True,True,randomized,randomized,True,False,,
core_v2_generalization_local_deterministic_randomized_001,E,deterministic_vs_randomized,ollama__qwen2_5-coder__14b,mixed_tokens,randomized,5,no_imports,True,True,randomized,randomized,True,False,,
core_v2_generalization_local_deterministic_randomized_001,E,deterministic_vs_randomized,ollama__qwen2_5-coder__14b,numbers_10,deterministic,1,no_imports,True,True,deterministic,deterministic,True,False,,
core_v2_generalization_local_deterministic_randomized_001,E,deterministic_vs_randomized,ollama__qwen2_5-coder__14b,numbers_10,deterministic,2,no_imports,True,True,deterministic,deterministic,True,False,,
core_v2_generalization_local_deterministic_randomized_001,E,deterministic_vs_randomized,ollama__qwen2_5-coder__14b,numbers_10,deterministic,3,no_imports,True,True,deterministic,deterministic,True,False,,
core_v2_generalization_local_deterministic_randomized_001,E,deterministic_vs_randomized,ollama__qwen2_5-coder__14b,numbers_10,deterministic,4,no_imports,True,True,deterministic,deterministic,True,False,,
core_v2_generalization_local_deterministic_randomized_001,E,deterministic_vs_randomized,ollama__qwen2_5-coder__14b,numbers_10,deterministic,5,no_imports,True,True,deterministic,deterministic,True,False,,
core_v2_generalization_local_deterministic_randomized_001,E,deterministic_vs_randomized,ollama__qwen2_5-coder__14b,numbers_10,randomized,1,no_imports,True,True,randomized,randomized,True,False,,
core_v2_generalization_local_deterministic_randomized_001,E,deterministic_vs_randomized,ollama__qwen2_5-coder__14b,numbers_10,randomized,2,no_imports,True,True,randomized,randomized,True,False,,
core_v2_generalization_local_deterministic_randomized_001,E,deterministic_vs_randomized,ollama__qwen2_5-coder__14b,numbers_10,randomized,3,no_imports,True,True,randomized,randomized,True,False,,
core_v2_generalization_local_deterministic_randomized_001,E,deterministic_vs_randomized,ollama__qwen2_5-coder__14b,numbers_10,randomized,4,no_imports,True,True,randomized,randomized,True,False,,
core_v2_generalization_local_deterministic_randomized_001,E,deterministic_vs_randomized,ollama__qwen2_5-coder__14b,numbers_10,randomized,5,no_imports,True,True,randomized,randomized,True,False,,
core_v2_generalization_local_deterministic_randomized_001,E,deterministic_vs_randomized,ollama__qwen2_5-coder__32b,letters_8,deterministic,1,no_imports,True,True,deterministic,deterministic,True,False,,
core_v2_generalization_local_deterministic_randomized_001,E,deterministic_vs_randomized,ollama__qwen2_5-coder__32b,letters_8,deterministic,2,no_imports,True,True,deterministic,deterministic,True,False,,
core_v2_generalization_local_deterministic_randomized_001,E,deterministic_vs_randomized,ollama__qwen2_5-coder__32b,letters_8,deterministic,3,no_imports,True,True,deterministic,deterministic,True,False,,
core_v2_generalization_local_deterministic_randomized_001,E,deterministic_vs_randomized,ollama__qwen2_5-coder__32b,letters_8,deterministic,4,no_imports,True,True,deterministic,deterministic,True,False,,
core_v2_generalization_local_deterministic_randomized_001,E,deterministic_vs_randomized,ollama__qwen2_5-coder__32b,letters_8,deterministic,5,no_imports,True,True,deterministic,deterministic,True,False,,
core_v2_generalization_local_deterministic_randomized_001,E,deterministic_vs_randomized,ollama__qwen2_5-coder__32b,letters_8,randomized,1,no_imports,True,True,randomized,randomized,True,False,,
core_v2_generalization_local_deterministic_randomized_001,E,deterministic_vs_randomized,ollama__qwen2_5-coder__32b,letters_8,randomized,2,no_imports,True,True,randomized,randomized,True,False,,
core_v2_generalization_local_deterministic_randomized_001,E,deterministic_vs_randomized,ollama__qwen2_5-coder__32b,letters_8,randomized,3,no_imports,True,True,randomized,randomized,True,False,,
core_v2_generalization_local_deterministic_randomized_001,E,deterministic_vs_randomized,ollama__qwen2_5-coder__32b,letters_8,randomized,4,no_imports,True,True,randomized,randomized,True,False,,
core_v2_generalization_local_deterministic_randomized_001,E,deterministic_vs_randomized,ollama__qwen2_5-coder__32b,letters_8,randomized,5,no_imports,True,True,randomized,randomized,True,False,,
core_v2_generalization_local_deterministic_randomized_001,E,deterministic_vs_randomized,ollama__qwen2_5-coder__32b,mixed_tokens,deterministic,1,no_imports,True,True,deterministic,deterministic,True,False,,
core_v2_generalization_local_deterministic_randomized_001,E,deterministic_vs_randomized,ollama__qwen2_5-coder__32b,mixed_tokens,deterministic,2,no_imports,True,True,deterministic,deterministic,True,False,,
core_v2_generalization_local_deterministic_randomized_001,E,deterministic_vs_randomized,ollama__qwen2_5-coder__32b,mixed_tokens,deterministic,3,no_imports,True,True,deterministic,deterministic,True,False,,
core_v2_generalization_local_deterministic_randomized_001,E,deterministic_vs_randomized,ollama__qwen2_5-coder__32b,mixed_tokens,deterministic,4,no_imports,True,True,deterministic,deterministic,True,False,,
core_v2_generalization_local_deterministic_randomized_001,E,deterministic_vs_randomized,ollama__qwen2_5-coder__32b,mixed_tokens,deterministic,5,no_imports,True,True,deterministic,deterministic,True,False,,
core_v2_generalization_local_deterministic_randomized_001,E,deterministic_vs_randomized,ollama__qwen2_5-coder__32b,mixed_tokens,randomized,1,no_imports,True,True,randomized,randomized,True,False,,
core_v2_generalization_local_deterministic_randomized_001,E,deterministic_vs_randomized,ollama__qwen2_5-coder__32b,mixed_tokens,randomized,2,no_imports,True,True,randomized,randomized,True,False,,
core_v2_generalization_local_deterministic_randomized_001,E,deterministic_vs_randomized,ollama__qwen2_5-coder__32b,mixed_tokens,randomized,3,no_imports,True,True,randomized,randomized,True,False,,
core_v2_generalization_local_deterministic_randomized_001,E,deterministic_vs_randomized,ollama__qwen2_5-coder__32b,mixed_tokens,randomized,4,no_imports,True,True,randomized,randomized,True,False,,
core_v2_generalization_local_deterministic_randomized_001,E,deterministic_vs_randomized,ollama__qwen2_5-coder__32b,mixed_tokens,randomized,5,no_imports,True,True,randomized,randomized,True,False,,
core_v2_generalization_local_deterministic_randomized_001,E,deterministic_vs_randomized,ollama__qwen2_5-coder__32b,numbers_10,deterministic,1,no_imports,True,True,deterministic,deterministic,True,False,,
core_v2_generalization_local_deterministic_randomized_001,E,deterministic_vs_randomized,ollama__qwen2_5-coder__32b,numbers_10,deterministic,2,no_imports,True,True,deterministic,deterministic,True,False,,
core_v2_generalization_local_deterministic_randomized_001,E,deterministic_vs_randomized,ollama__qwen2_5-coder__32b,numbers_10,deterministic,3,no_imports,True,True,deterministic,deterministic,True,False,,
core_v2_generalization_local_deterministic_randomized_001,E,deterministic_vs_randomized,ollama__qwen2_5-coder__32b,numbers_10,deterministic,4,no_imports,True,True,deterministic,deterministic,True,False,,
core_v2_generalization_local_deterministic_randomized_001,E,deterministic_vs_randomized,ollama__qwen2_5-coder__32b,numbers_10,deterministic,5,no_imports,True,True,deterministic,deterministic,True,False,,
core_v2_generalization_local_deterministic_randomized_001,E,deterministic_vs_randomized,ollama__qwen2_5-coder__32b,numbers_10,randomized,1,no_imports,True,True,randomized,randomized,True,False,,
core_v2_generalization_local_deterministic_randomized_001,E,deterministic_vs_randomized,ollama__qwen2_5-coder__32b,numbers_10,randomized,2,no_imports,True,True,randomized,randomized,True,False,,
core_v2_generalization_local_deterministic_randomized_001,E,deterministic_vs_randomized,ollama__qwen2_5-coder__32b,numbers_10,randomized,3,no_imports,True,True,randomized,randomized,True,False,,
core_v2_generalization_local_deterministic_randomized_001,E,deterministic_vs_randomized,ollama__qwen2_5-coder__32b,numbers_10,randomized,4,no_imports,True,True,randomized,randomized,True,False,,
core_v2_generalization_local_deterministic_randomized_001,E,deterministic_vs_randomized,ollama__qwen2_5-coder__32b,numbers_10,randomized,5,no_imports,True,True,randomized,randomized,True,False,,
core_v2_generalization_local_deterministic_randomized_001,E,deterministic_vs_randomized,ollama__qwen3-coder__30b,letters_8,deterministic,1,no_imports,True,True,deterministic,deterministic,True,False,,
core_v2_generalization_local_deterministic_randomized_001,E,deterministic_vs_randomized,ollama__qwen3-coder__30b,letters_8,deterministic,2,no_imports,True,True,deterministic,deterministic,True,False,,
core_v2_generalization_local_deterministic_randomized_001,E,deterministic_vs_randomized,ollama__qwen3-coder__30b,letters_8,deterministic,3,no_imports,True,True,deterministic,deterministic,True,False,,
core_v2_generalization_local_deterministic_randomized_001,E,deterministic_vs_randomized,ollama__qwen3-coder__30b,letters_8,deterministic,4,no_imports,True,True,deterministic,deterministic,True,False,,
core_v2_generalization_local_deterministic_randomized_001,E,deterministic_vs_randomized,ollama__qwen3-coder__30b,letters_8,deterministic,5,no_imports,True,True,deterministic,deterministic,True,False,,
core_v2_generalization_local_deterministic_randomized_001,E,deterministic_vs_randomized,ollama__qwen3-coder__30b,letters_8,randomized,1,no_imports,True,True,randomized,randomized,True,False,,
core_v2_generalization_local_deterministic_randomized_001,E,deterministic_vs_randomized,ollama__qwen3-coder__30b,letters_8,randomized,2,no_imports,True,True,randomized,randomized,True,False,,
core_v2_generalization_local_deterministic_randomized_001,E,deterministic_vs_randomized,ollama__qwen3-coder__30b,letters_8,randomized,3,no_imports,True,True,randomized,randomized,True,False,,
core_v2_generalization_local_deterministic_randomized_001,E,deterministic_vs_randomized,ollama__qwen3-coder__30b,letters_8,randomized,4,no_imports,True,True,randomized,randomized,True,False,,
core_v2_generalization_local_deterministic_randomized_001,E,deterministic_vs_randomized,ollama__qwen3-coder__30b,letters_8,randomized,5,no_imports,True,True,randomized,randomized,True,False,,
core_v2_generalization_local_deterministic_randomized_001,E,deterministic_vs_randomized,ollama__qwen3-coder__30b,mixed_tokens,deterministic,1,no_imports,True,True,deterministic,deterministic,True,False,,
core_v2_generalization_local_deterministic_randomized_001,E,deterministic_vs_randomized,ollama__qwen3-coder__30b,mixed_tokens,deterministic,2,no_imports,True,True,deterministic,deterministic,True,False,,
core_v2_generalization_local_deterministic_randomized_001,E,deterministic_vs_randomized,ollama__qwen3-coder__30b,mixed_tokens,deterministic,3,no_imports,True,True,deterministic,deterministic,True,False,,
core_v2_generalization_local_deterministic_randomized_001,E,deterministic_vs_randomized,ollama__qwen3-coder__30b,mixed_tokens,deterministic,4,no_imports,True,True,deterministic,deterministic,True,False,,
core_v2_generalization_local_deterministic_randomized_001,E,deterministic_vs_randomized,ollama__qwen3-coder__30b,mixed_tokens,deterministic,5,no_imports,True,True,deterministic,deterministic,True,False,,
core_v2_generalization_local_deterministic_randomized_001,E,deterministic_vs_randomized,ollama__qwen3-coder__30b,mixed_tokens,randomized,1,no_imports,True,True,randomized,randomized,True,False,,
core_v2_generalization_local_deterministic_randomized_001,E,deterministic_vs_randomized,ollama__qwen3-coder__30b,mixed_tokens,randomized,2,no_imports,True,True,randomized,randomized,True,False,,
core_v2_generalization_local_deterministic_randomized_001,E,deterministic_vs_randomized,ollama__qwen3-coder__30b,mixed_tokens,randomized,3,no_imports,True,True,randomized,randomized,True,False,,
core_v2_generalization_local_deterministic_randomized_001,E,deterministic_vs_randomized,ollama__qwen3-coder__30b,mixed_tokens,randomized,4,no_imports,True,True,randomized,randomized,True,False,,
core_v2_generalization_local_deterministic_randomized_001,E,deterministic_vs_randomized,ollama__qwen3-coder__30b,mixed_tokens,randomized,5,no_imports,True,True,randomized,randomized,True,False,,
core_v2_generalization_local_deterministic_randomized_001,E,deterministic_vs_randomized,ollama__qwen3-coder__30b,numbers_10,deterministic,1,no_imports,True,True,deterministic,deterministic,True,False,,
core_v2_generalization_local_deterministic_randomized_001,E,deterministic_vs_randomized,ollama__qwen3-coder__30b,numbers_10,deterministic,2,no_imports,True,True,deterministic,deterministic,True,False,,
core_v2_generalization_local_deterministic_randomized_001,E,deterministic_vs_randomized,ollama__qwen3-coder__30b,numbers_10,deterministic,3,no_imports,True,True,deterministic,deterministic,True,False,,
core_v2_generalization_local_deterministic_randomized_001,E,deterministic_vs_randomized,ollama__qwen3-coder__30b,numbers_10,deterministic,4,no_imports,True,True,deterministic,deterministic,True,False,,
core_v2_generalization_local_deterministic_randomized_001,E,deterministic_vs_randomized,ollama__qwen3-coder__30b,numbers_10,deterministic,5,no_imports,True,True,deterministic,deterministic,True,False,,
core_v2_generalization_local_deterministic_randomized_001,E,deterministic_vs_randomized,ollama__qwen3-coder__30b,numbers_10,randomized,1,no_imports,True,True,randomized,randomized,True,False,,
core_v2_generalization_local_deterministic_randomized_001,E,deterministic_vs_randomized,ollama__qwen3-coder__30b,numbers_10,randomized,2,no_imports,True,True,randomized,randomized,True,False,,
core_v2_generalization_local_deterministic_randomized_001,E,deterministic_vs_randomized,ollama__qwen3-coder__30b,numbers_10,randomized,3,no_imports,True,True,randomized,randomized,True,False,,
core_v2_generalization_local_deterministic_randomized_001,E,deterministic_vs_randomized,ollama__qwen3-coder__30b,numbers_10,randomized,4,no_imports,True,True,randomized,randomized,True,False,,
core_v2_generalization_local_deterministic_randomized_001,E,deterministic_vs_randomized,ollama__qwen3-coder__30b,numbers_10,randomized,5,no_imports,True,True,randomized,randomized,True,False,,
core_v2_generalization_local_deterministic_randomized_001,E,deterministic_vs_randomized,ollama__devstral__latest,letters_8,deterministic,1,format_normalized,True,True,deterministic,deterministic,True,False,,
core_v2_generalization_local_deterministic_randomized_001,E,deterministic_vs_randomized,ollama__devstral__latest,letters_8,deterministic,2,format_normalized,True,True,deterministic,deterministic,True,False,,
core_v2_generalization_local_deterministic_randomized_001,E,deterministic_vs_randomized,ollama__devstral__latest,letters_8,deterministic,3,format_normalized,True,True,deterministic,deterministic,True,False,,
core_v2_generalization_local_deterministic_randomized_001,E,deterministic_vs_randomized,ollama__devstral__latest,letters_8,deterministic,4,format_normalized,True,True,deterministic,deterministic,True,False,,
core_v2_generalization_local_deterministic_randomized_001,E,deterministic_vs_randomized,ollama__devstral__latest,letters_8,deterministic,5,format_normalized,True,True,deterministic,deterministic,True,False,,
core_v2_generalization_local_deterministic_randomized_001,E,deterministic_vs_randomized,ollama__devstral__latest,letters_8,randomized,1,format_normalized,True,True,randomized,randomized,True,False,,
core_v2_generalization_local_deterministic_randomized_001,E,deterministic_vs_randomized,ollama__devstral__latest,letters_8,randomized,2,format_normalized,True,True,randomized,randomized,True,False,,
core_v2_generalization_local_deterministic_randomized_001,E,deterministic_vs_randomized,ollama__devstral__latest,letters_8,randomized,3,format_normalized,True,True,randomized,randomized,True,False,,
core_v2_generalization_local_deterministic_randomized_001,E,deterministic_vs_randomized,ollama__devstral__latest,letters_8,randomized,4,format_normalized,True,True,randomized,randomized,True,False,,
core_v2_generalization_local_deterministic_randomized_001,E,deterministic_vs_randomized,ollama__devstral__latest,letters_8,randomized,5,format_normalized,True,True,randomized,randomized,True,False,,
core_v2_generalization_local_deterministic_randomized_001,E,deterministic_vs_randomized,ollama__devstral__latest,mixed_tokens,deterministic,1,format_normalized,True,True,deterministic,deterministic,True,False,,
core_v2_generalization_local_deterministic_randomized_001,E,deterministic_vs_randomized,ollama__devstral__latest,mixed_tokens,deterministic,2,format_normalized,True,True,deterministic,deterministic,True,False,,
core_v2_generalization_local_deterministic_randomized_001,E,deterministic_vs_randomized,ollama__devstral__latest,mixed_tokens,deterministic,3,format_normalized,True,True,deterministic,deterministic,True,False,,
core_v2_generalization_local_deterministic_randomized_001,E,deterministic_vs_randomized,ollama__devstral__latest,mixed_tokens,deterministic,4,format_normalized,True,True,deterministic,deterministic,True,False,,
core_v2_generalization_local_deterministic_randomized_001,E,deterministic_vs_randomized,ollama__devstral__latest,mixed_tokens,deterministic,5,format_normalized,True,True,deterministic,deterministic,True,False,,
core_v2_generalization_local_deterministic_randomized_001,E,deterministic_vs_randomized,ollama__devstral__latest,mixed_tokens,randomized,1,format_normalized,True,True,randomized,randomized,True,False,,
core_v2_generalization_local_deterministic_randomized_001,E,deterministic_vs_randomized,ollama__devstral__latest,mixed_tokens,randomized,2,format_normalized,True,True,randomized,randomized,True,False,,
core_v2_generalization_local_deterministic_randomized_001,E,deterministic_vs_randomized,ollama__devstral__latest,mixed_tokens,randomized,3,format_normalized,True,True,randomized,randomized,True,False,,
core_v2_generalization_local_deterministic_randomized_001,E,deterministic_vs_randomized,ollama__devstral__latest,mixed_tokens,randomized,4,format_normalized,True,True,randomized,randomized,True,False,,
core_v2_generalization_local_deterministic_randomized_001,E,deterministic_vs_randomized,ollama__devstral__latest,mixed_tokens,randomized,5,format_normalized,True,True,randomized,randomized,True,False,,
core_v2_generalization_local_deterministic_randomized_001,E,deterministic_vs_randomized,ollama__devstral__latest,numbers_10,deterministic,1,format_normalized,True,True,deterministic,deterministic,True,False,,
core_v2_generalization_local_deterministic_randomized_001,E,deterministic_vs_randomized,ollama__devstral__latest,numbers_10,deterministic,2,format_normalized,True,True,deterministic,deterministic,True,False,,
core_v2_generalization_local_deterministic_randomized_001,E,deterministic_vs_randomized,ollama__devstral__latest,numbers_10,deterministic,3,format_normalized,True,True,deterministic,deterministic,True,False,,
core_v2_generalization_local_deterministic_randomized_001,E,deterministic_vs_randomized,ollama__devstral__latest,numbers_10,deterministic,4,format_normalized,True,True,deterministic,deterministic,True,False,,
core_v2_generalization_local_deterministic_randomized_001,E,deterministic_vs_randomized,ollama__devstral__latest,numbers_10,deterministic,5,format_normalized,True,True,deterministic,deterministic,True,False,,
core_v2_generalization_local_deterministic_randomized_001,E,deterministic_vs_randomized,ollama__devstral__latest,numbers_10,randomized,1,format_normalized,True,True,randomized,randomized,True,False,,
core_v2_generalization_local_deterministic_randomized_001,E,deterministic_vs_randomized,ollama__devstral__latest,numbers_10,randomized,2,format_normalized,True,True,randomized,randomized,True,False,,
core_v2_generalization_local_deterministic_randomized_001,E,deterministic_vs_randomized,ollama__devstral__latest,numbers_10,randomized,3,format_normalized,True,True,randomized,randomized,True,False,,
core_v2_generalization_local_deterministic_randomized_001,E,deterministic_vs_randomized,ollama__devstral__latest,numbers_10,randomized,4,format_normalized,True,True,randomized,randomized,True,False,,
core_v2_generalization_local_deterministic_randomized_001,E,deterministic_vs_randomized,ollama__devstral__latest,numbers_10,randomized,5,format_normalized,True,True,randomized,randomized,True,False,,
core_v2_generalization_local_deterministic_randomized_001,E,deterministic_vs_randomized,ollama__qwen2_5-coder__14b,letters_8,deterministic,1,format_normalized,True,True,deterministic,deterministic,True,False,,
core_v2_generalization_local_deterministic_randomized_001,E,deterministic_vs_randomized,ollama__qwen2_5-coder__14b,letters_8,deterministic,2,format_normalized,True,True,deterministic,deterministic,True,False,,
core_v2_generalization_local_deterministic_randomized_001,E,deterministic_vs_randomized,ollama__qwen2_5-coder__14b,letters_8,deterministic,3,format_normalized,True,True,deterministic,deterministic,True,False,,
core_v2_generalization_local_deterministic_randomized_001,E,deterministic_vs_randomized,ollama__qwen2_5-coder__14b,letters_8,deterministic,4,format_normalized,True,True,deterministic,deterministic,True,False,,
core_v2_generalization_local_deterministic_randomized_001,E,deterministic_vs_randomized,ollama__qwen2_5-coder__14b,letters_8,deterministic,5,format_normalized,True,True,deterministic,deterministic,True,False,,
core_v2_generalization_local_deterministic_randomized_001,E,deterministic_vs_randomized,ollama__qwen2_5-coder__14b,letters_8,randomized,1,format_normalized,True,True,randomized,randomized,True,False,,
core_v2_generalization_local_deterministic_randomized_001,E,deterministic_vs_randomized,ollama__qwen2_5-coder__14b,letters_8,randomized,2,format_normalized,True,True,randomized,randomized,True,False,,
core_v2_generalization_local_deterministic_randomized_001,E,deterministic_vs_randomized,ollama__qwen2_5-coder__14b,letters_8,randomized,3,format_normalized,True,True,randomized,randomized,True,False,,
core_v2_generalization_local_deterministic_randomized_001,E,deterministic_vs_randomized,ollama__qwen2_5-coder__14b,letters_8,randomized,4,format_normalized,True,True,randomized,randomized,True,False,,
core_v2_generalization_local_deterministic_randomized_001,E,deterministic_vs_randomized,ollama__qwen2_5-coder__14b,letters_8,randomized,5,format_normalized,True,True,randomized,randomized,True,False,,
core_v2_generalization_local_deterministic_randomized_001,E,deterministic_vs_randomized,ollama__qwen2_5-coder__14b,mixed_tokens,deterministic,1,format_normalized,True,True,deterministic,deterministic,True,False,,
core_v2_generalization_local_deterministic_randomized_001,E,deterministic_vs_randomized,ollama__qwen2_5-coder__14b,mixed_tokens,deterministic,2,format_normalized,True,True,deterministic,deterministic,True,False,,
core_v2_generalization_local_deterministic_randomized_001,E,deterministic_vs_randomized,ollama__qwen2_5-coder__14b,mixed_tokens,deterministic,3,format_normalized,True,True,deterministic,deterministic,True,False,,
core_v2_generalization_local_deterministic_randomized_001,E,deterministic_vs_randomized,ollama__qwen2_5-coder__14b,mixed_tokens,deterministic,4,format_normalized,True,True,deterministic,deterministic,True,False,,
core_v2_generalization_local_deterministic_randomized_001,E,deterministic_vs_randomized,ollama__qwen2_5-coder__14b,mixed_tokens,deterministic,5,format_normalized,True,True,deterministic,deterministic,True,False,,
core_v2_generalization_local_deterministic_randomized_001,E,deterministic_vs_randomized,ollama__qwen2_5-coder__14b,mixed_tokens,randomized,1,format_normalized,True,True,randomized,randomized,True,False,,
core_v2_generalization_local_deterministic_randomized_001,E,deterministic_vs_randomized,ollama__qwen2_5-coder__14b,mixed_tokens,randomized,2,format_normalized,True,True,randomized,randomized,True,False,,
core_v2_generalization_local_deterministic_randomized_001,E,deterministic_vs_randomized,ollama__qwen2_5-coder__14b,mixed_tokens,randomized,3,format_normalized,True,True,randomized,randomized,True,False,,
core_v2_generalization_local_deterministic_randomized_001,E,deterministic_vs_randomized,ollama__qwen2_5-coder__14b,mixed_tokens,randomized,4,format_normalized,True,True,randomized,randomized,True,False,,
core_v2_generalization_local_deterministic_randomized_001,E,deterministic_vs_randomized,ollama__qwen2_5-coder__14b,mixed_tokens,randomized,5,format_normalized,True,True,randomized,randomized,True,False,,
core_v2_generalization_local_deterministic_randomized_001,E,deterministic_vs_randomized,ollama__qwen2_5-coder__14b,numbers_10,deterministic,1,format_normalized,True,True,deterministic,deterministic,True,False,,
core_v2_generalization_local_deterministic_randomized_001,E,deterministic_vs_randomized,ollama__qwen2_5-coder__14b,numbers_10,deterministic,2,format_normalized,True,True,deterministic,deterministic,True,False,,
core_v2_generalization_local_deterministic_randomized_001,E,deterministic_vs_randomized,ollama__qwen2_5-coder__14b,numbers_10,deterministic,3,format_normalized,True,True,deterministic,deterministic,True,False,,
core_v2_generalization_local_deterministic_randomized_001,E,deterministic_vs_randomized,ollama__qwen2_5-coder__14b,numbers_10,deterministic,4,format_normalized,True,True,deterministic,deterministic,True,False,,
core_v2_generalization_local_deterministic_randomized_001,E,deterministic_vs_randomized,ollama__qwen2_5-coder__14b,numbers_10,deterministic,5,format_normalized,True,True,deterministic,deterministic,True,False,,
core_v2_generalization_local_deterministic_randomized_001,E,deterministic_vs_randomized,ollama__qwen2_5-coder__14b,numbers_10,randomized,1,format_normalized,True,True,randomized,randomized,True,False,,
core_v2_generalization_local_deterministic_randomized_001,E,deterministic_vs_randomized,ollama__qwen2_5-coder__14b,numbers_10,randomized,2,format_normalized,True,True,randomized,randomized,True,False,,
core_v2_generalization_local_deterministic_randomized_001,E,deterministic_vs_randomized,ollama__qwen2_5-coder__14b,numbers_10,randomized,3,format_normalized,True,True,randomized,randomized,True,False,,
core_v2_generalization_local_deterministic_randomized_001,E,deterministic_vs_randomized,ollama__qwen2_5-coder__14b,numbers_10,randomized,4,format_normalized,True,True,randomized,randomized,True,False,,
core_v2_generalization_local_deterministic_randomized_001,E,deterministic_vs_randomized,ollama__qwen2_5-coder__14b,numbers_10,randomized,5,format_normalized,True,True,randomized,randomized,True,False,,
core_v2_generalization_local_deterministic_randomized_001,E,deterministic_vs_randomized,ollama__qwen2_5-coder__32b,letters_8,deterministic,1,format_normalized,True,True,deterministic,deterministic,True,False,,
core_v2_generalization_local_deterministic_randomized_001,E,deterministic_vs_randomized,ollama__qwen2_5-coder__32b,letters_8,deterministic,2,format_normalized,True,True,deterministic,deterministic,True,False,,
core_v2_generalization_local_deterministic_randomized_001,E,deterministic_vs_randomized,ollama__qwen2_5-coder__32b,letters_8,deterministic,3,format_normalized,True,True,deterministic,deterministic,True,False,,
core_v2_generalization_local_deterministic_randomized_001,E,deterministic_vs_randomized,ollama__qwen2_5-coder__32b,letters_8,deterministic,4,format_normalized,True,True,deterministic,deterministic,True,False,,
core_v2_generalization_local_deterministic_randomized_001,E,deterministic_vs_randomized,ollama__qwen2_5-coder__32b,letters_8,deterministic,5,format_normalized,True,True,deterministic,deterministic,True,False,,
core_v2_generalization_local_deterministic_randomized_001,E,deterministic_vs_randomized,ollama__qwen2_5-coder__32b,letters_8,randomized,1,format_normalized,True,True,randomized,randomized,True,False,,
core_v2_generalization_local_deterministic_randomized_001,E,deterministic_vs_randomized,ollama__qwen2_5-coder__32b,letters_8,randomized,2,format_normalized,True,True,randomized,randomized,True,False,,
core_v2_generalization_local_deterministic_randomized_001,E,deterministic_vs_randomized,ollama__qwen2_5-coder__32b,letters_8,randomized,3,format_normalized,True,True,randomized,randomized,True,False,,
core_v2_generalization_local_deterministic_randomized_001,E,deterministic_vs_randomized,ollama__qwen2_5-coder__32b,letters_8,randomized,4,format_normalized,True,True,randomized,randomized,True,False,,
core_v2_generalization_local_deterministic_randomized_001,E,deterministic_vs_randomized,ollama__qwen2_5-coder__32b,letters_8,randomized,5,format_normalized,True,True,randomized,randomized,True,False,,
core_v2_generalization_local_deterministic_randomized_001,E,deterministic_vs_randomized,ollama__qwen2_5-coder__32b,mixed_tokens,deterministic,1,format_normalized,True,True,deterministic,deterministic,True,False,,
core_v2_generalization_local_deterministic_randomized_001,E,deterministic_vs_randomized,ollama__qwen2_5-coder__32b,mixed_tokens,deterministic,2,format_normalized,True,True,deterministic,deterministic,True,False,,
core_v2_generalization_local_deterministic_randomized_001,E,deterministic_vs_randomized,ollama__qwen2_5-coder__32b,mixed_tokens,deterministic,3,format_normalized,True,True,deterministic,deterministic,True,False,,
core_v2_generalization_local_deterministic_randomized_001,E,deterministic_vs_randomized,ollama__qwen2_5-coder__32b,mixed_tokens,deterministic,4,format_normalized,True,True,deterministic,deterministic,True,False,,
core_v2_generalization_local_deterministic_randomized_001,E,deterministic_vs_randomized,ollama__qwen2_5-coder__32b,mixed_tokens,deterministic,5,format_normalized,True,True,deterministic,deterministic,True,False,,
core_v2_generalization_local_deterministic_randomized_001,E,deterministic_vs_randomized,ollama__qwen2_5-coder__32b,mixed_tokens,randomized,1,format_normalized,True,True,randomized,randomized,True,False,,
core_v2_generalization_local_deterministic_randomized_001,E,deterministic_vs_randomized,ollama__qwen2_5-coder__32b,mixed_tokens,randomized,2,format_normalized,True,True,randomized,randomized,True,False,,
core_v2_generalization_local_deterministic_randomized_001,E,deterministic_vs_randomized,ollama__qwen2_5-coder__32b,mixed_tokens,randomized,3,format_normalized,True,True,randomized,randomized,True,False,,
core_v2_generalization_local_deterministic_randomized_001,E,deterministic_vs_randomized,ollama__qwen2_5-coder__32b,mixed_tokens,randomized,4,format_normalized,True,True,randomized,randomized,True,False,,
core_v2_generalization_local_deterministic_randomized_001,E,deterministic_vs_randomized,ollama__qwen2_5-coder__32b,mixed_tokens,randomized,5,format_normalized,True,True,randomized,randomized,True,False,,
core_v2_generalization_local_deterministic_randomized_001,E,deterministic_vs_randomized,ollama__qwen2_5-coder__32b,numbers_10,deterministic,1,format_normalized,True,True,deterministic,deterministic,True,False,,
core_v2_generalization_local_deterministic_randomized_001,E,deterministic_vs_randomized,ollama__qwen2_5-coder__32b,numbers_10,deterministic,2,format_normalized,True,True,deterministic,deterministic,True,False,,
core_v2_generalization_local_deterministic_randomized_001,E,deterministic_vs_randomized,ollama__qwen2_5-coder__32b,numbers_10,deterministic,3,format_normalized,True,True,deterministic,deterministic,True,False,,
core_v2_generalization_local_deterministic_randomized_001,E,deterministic_vs_randomized,ollama__qwen2_5-coder__32b,numbers_10,deterministic,4,format_normalized,True,True,deterministic,deterministic,True,False,,
core_v2_generalization_local_deterministic_randomized_001,E,deterministic_vs_randomized,ollama__qwen2_5-coder__32b,numbers_10,deterministic,5,format_normalized,True,True,deterministic,deterministic,True,False,,
core_v2_generalization_local_deterministic_randomized_001,E,deterministic_vs_randomized,ollama__qwen2_5-coder__32b,numbers_10,randomized,1,format_normalized,True,True,randomized,randomized,True,False,,
core_v2_generalization_local_deterministic_randomized_001,E,deterministic_vs_randomized,ollama__qwen2_5-coder__32b,numbers_10,randomized,2,format_normalized,True,True,randomized,randomized,True,False,,
core_v2_generalization_local_deterministic_randomized_001,E,deterministic_vs_randomized,ollama__qwen2_5-coder__32b,numbers_10,randomized,3,format_normalized,True,True,randomized,randomized,True,False,,
core_v2_generalization_local_deterministic_randomized_001,E,deterministic_vs_randomized,ollama__qwen2_5-coder__32b,numbers_10,randomized,4,format_normalized,True,True,randomized,randomized,True,False,,
core_v2_generalization_local_deterministic_randomized_001,E,deterministic_vs_randomized,ollama__qwen2_5-coder__32b,numbers_10,randomized,5,format_normalized,True,True,randomized,randomized,True,False,,
core_v2_generalization_local_deterministic_randomized_001,E,deterministic_vs_randomized,ollama__qwen3-coder__30b,letters_8,deterministic,1,format_normalized,True,True,deterministic,deterministic,True,False,,
core_v2_generalization_local_deterministic_randomized_001,E,deterministic_vs_randomized,ollama__qwen3-coder__30b,letters_8,deterministic,2,format_normalized,True,True,deterministic,deterministic,True,False,,
core_v2_generalization_local_deterministic_randomized_001,E,deterministic_vs_randomized,ollama__qwen3-coder__30b,letters_8,deterministic,3,format_normalized,True,True,deterministic,deterministic,True,False,,
core_v2_generalization_local_deterministic_randomized_001,E,deterministic_vs_randomized,ollama__qwen3-coder__30b,letters_8,deterministic,4,format_normalized,True,True,deterministic,deterministic,True,False,,
core_v2_generalization_local_deterministic_randomized_001,E,deterministic_vs_randomized,ollama__qwen3-coder__30b,letters_8,deterministic,5,format_normalized,True,True,deterministic,deterministic,True,False,,
core_v2_generalization_local_deterministic_randomized_001,E,deterministic_vs_randomized,ollama__qwen3-coder__30b,letters_8,randomized,1,format_normalized,True,True,randomized,randomized,True,False,,
core_v2_generalization_local_deterministic_randomized_001,E,deterministic_vs_randomized,ollama__qwen3-coder__30b,letters_8,randomized,2,format_normalized,True,True,randomized,randomized,True,False,,
core_v2_generalization_local_deterministic_randomized_001,E,deterministic_vs_randomized,ollama__qwen3-coder__30b,letters_8,randomized,3,format_normalized,True,True,randomized,randomized,True,False,,
core_v2_generalization_local_deterministic_randomized_001,E,deterministic_vs_randomized,ollama__qwen3-coder__30b,letters_8,randomized,4,format_normalized,True,True,randomized,randomized,True,False,,
core_v2_generalization_local_deterministic_randomized_001,E,deterministic_vs_randomized,ollama__qwen3-coder__30b,letters_8,randomized,5,format_normalized,True,True,randomized,randomized,True,False,,
core_v2_generalization_local_deterministic_randomized_001,E,deterministic_vs_randomized,ollama__qwen3-coder__30b,mixed_tokens,deterministic,1,format_normalized,True,True,deterministic,deterministic,True,False,,
core_v2_generalization_local_deterministic_randomized_001,E,deterministic_vs_randomized,ollama__qwen3-coder__30b,mixed_tokens,deterministic,2,format_normalized,True,True,deterministic,deterministic,True,False,,
core_v2_generalization_local_deterministic_randomized_001,E,deterministic_vs_randomized,ollama__qwen3-coder__30b,mixed_tokens,deterministic,3,format_normalized,True,True,deterministic,deterministic,True,False,,
core_v2_generalization_local_deterministic_randomized_001,E,deterministic_vs_randomized,ollama__qwen3-coder__30b,mixed_tokens,deterministic,4,format_normalized,True,True,deterministic,deterministic,True,False,,
core_v2_generalization_local_deterministic_randomized_001,E,deterministic_vs_randomized,ollama__qwen3-coder__30b,mixed_tokens,deterministic,5,format_normalized,True,True,deterministic,deterministic,True,False,,
core_v2_generalization_local_deterministic_randomized_001,E,deterministic_vs_randomized,ollama__qwen3-coder__30b,mixed_tokens,randomized,1,format_normalized,True,True,randomized,randomized,True,False,,
core_v2_generalization_local_deterministic_randomized_001,E,deterministic_vs_randomized,ollama__qwen3-coder__30b,mixed_tokens,randomized,2,format_normalized,True,True,randomized,randomized,True,False,,
core_v2_generalization_local_deterministic_randomized_001,E,deterministic_vs_randomized,ollama__qwen3-coder__30b,mixed_tokens,randomized,3,format_normalized,True,True,randomized,randomized,True,False,,
core_v2_generalization_local_deterministic_randomized_001,E,deterministic_vs_randomized,ollama__qwen3-coder__30b,mixed_tokens,randomized,4,format_normalized,True,True,randomized,randomized,True,False,,
core_v2_generalization_local_deterministic_randomized_001,E,deterministic_vs_randomized,ollama__qwen3-coder__30b,mixed_tokens,randomized,5,format_normalized,True,True,randomized,randomized,True,False,,
core_v2_generalization_local_deterministic_randomized_001,E,deterministic_vs_randomized,ollama__qwen3-coder__30b,numbers_10,deterministic,1,format_normalized,True,True,deterministic,deterministic,True,False,,
core_v2_generalization_local_deterministic_randomized_001,E,deterministic_vs_randomized,ollama__qwen3-coder__30b,numbers_10,deterministic,2,format_normalized,True,True,deterministic,deterministic,True,False,,
core_v2_generalization_local_deterministic_randomized_001,E,deterministic_vs_randomized,ollama__qwen3-coder__30b,numbers_10,deterministic,3,format_normalized,True,True,deterministic,deterministic,True,False,,
core_v2_generalization_local_deterministic_randomized_001,E,deterministic_vs_randomized,ollama__qwen3-coder__30b,numbers_10,deterministic,4,format_normalized,True,True,deterministic,deterministic,True,False,,
core_v2_generalization_local_deterministic_randomized_001,E,deterministic_vs_randomized,ollama__qwen3-coder__30b,numbers_10,deterministic,5,format_normalized,True,True,deterministic,deterministic,True,False,,
core_v2_generalization_local_deterministic_randomized_001,E,deterministic_vs_randomized,ollama__qwen3-coder__30b,numbers_10,randomized,1,format_normalized,True,True,randomized,randomized,True,False,,
core_v2_generalization_local_deterministic_randomized_001,E,deterministic_vs_randomized,ollama__qwen3-coder__30b,numbers_10,randomized,2,format_normalized,True,True,randomized,randomized,True,False,,
core_v2_generalization_local_deterministic_randomized_001,E,deterministic_vs_randomized,ollama__qwen3-coder__30b,numbers_10,randomized,3,format_normalized,True,True,randomized,randomized,True,False,,
core_v2_generalization_local_deterministic_randomized_001,E,deterministic_vs_randomized,ollama__qwen3-coder__30b,numbers_10,randomized,4,format_normalized,True,True,randomized,randomized,True,False,,
core_v2_generalization_local_deterministic_randomized_001,E,deterministic_vs_randomized,ollama__qwen3-coder__30b,numbers_10,randomized,5,format_normalized,True,True,randomized,randomized,True,False,,
