class,model,task_id,pole,rep,strip_level,raw_label,transformed_label,unconditional_label_agreement,behavior_preserving,conditional_label_agreement,conditional_denominator_undefined
B,ollama__devstral__latest,integrate_exp_0_1,simpson,1,raw,simpson,simpson,True,True,True,False
B,ollama__devstral__latest,integrate_exp_0_1,simpson,2,raw,simpson,simpson,True,True,True,False
B,ollama__devstral__latest,integrate_exp_0_1,simpson,3,raw,simpson,simpson,True,True,True,False
B,ollama__devstral__latest,integrate_exp_0_1,simpson,4,raw,simpson,simpson,True,True,True,False
B,ollama__devstral__latest,integrate_exp_0_1,simpson,5,raw,simpson,simpson,True,True,True,False
B,ollama__devstral__latest,integrate_exp_0_1,trapezoidal,1,raw,trapezoidal,trapezoidal,True,True,True,False
B,ollama__devstral__latest,integrate_exp_0_1,trapezoidal,2,raw,trapezoidal,trapezoidal,True,True,True,False
B,ollama__devstral__latest,integrate_exp_0_1,trapezoidal,3,raw,trapezoidal,trapezoidal,True,True,True,False
B,ollama__devstral__latest,integrate_exp_0_1,trapezoidal,4,raw,trapezoidal,trapezoidal,True,True,True,False
B,ollama__devstral__latest,integrate_exp_0_1,trapezoidal,5,raw,trapezoidal,trapezoidal,True,True,True,False
B,ollama__devstral__latest,integrate_polynomial,simpson,1,raw,simpson,simpson,True,True,True,False
B,ollama__devstral__latest,integrate_polynomial,simpson,2,raw,simpson,simpson,True,True,True,False
B,ollama__devstral__latest,integrate_polynomial,simpson,3,raw,simpson,simpson,True,True,True,False
B,ollama__devstral__latest,integrate_polynomial,simpson,4,raw,simpson,simpson,True,True,True,False
B,ollama__devstral__latest,integrate_polynomial,simpson,5,raw,simpson,simpson,True,True,True,False
B,ollama__devstral__latest,integrate_polynomial,trapezoidal,1,raw,trapezoidal,trapezoidal,True,True,True,False
B,ollama__devstral__latest,integrate_polynomial,trapezoidal,2,raw,trapezoidal,trapezoidal,True,True,True,False
B,ollama__devstral__latest,integrate_polynomial,trapezoidal,3,raw,trapezoidal,trapezoidal,True,True,True,False
B,ollama__devstral__latest,integrate_polynomial,trapezoidal,4,raw,trapezoidal,trapezoidal,True,True,True,False
B,ollama__devstral__latest,integrate_polynomial,trapezoidal,5,raw,trapezoidal,trapezoidal,True,True,True,False
B,ollama__devstral__latest,integrate_sin_0_pi,simpson,1,raw,simpson,simpson,True,True,True,False
B,ollama__devstral__latest,integrate_sin_0_pi,simpson,2,raw,simpson,simpson,True,True,True,False
B,ollama__devstral__latest,integrate_sin_0_pi,simpson,3,raw,simpson,simpson,True,True,True,False
B,ollama__devstral__latest,integrate_sin_0_pi,simpson,4,raw,simpson,simpson,True,True,True,False
B,ollama__devstral__latest,integrate_sin_0_pi,simpson,5,raw,simpson,simpson,True,True,True,False
B,ollama__devstral__latest,integrate_sin_0_pi,trapezoidal,1,raw,trapezoidal,trapezoidal,True,True,True,False
B,ollama__devstral__latest,integrate_sin_0_pi,trapezoidal,2,raw,trapezoidal,trapezoidal,True,True,True,False
B,ollama__devstral__latest,integrate_sin_0_pi,trapezoidal,3,raw,trapezoidal,trapezoidal,True,True,True,False
B,ollama__devstral__latest,integrate_sin_0_pi,trapezoidal,4,raw,trapezoidal,trapezoidal,True,True,True,False
B,ollama__devstral__latest,integrate_sin_0_pi,trapezoidal,5,raw,trapezoidal,trapezoidal,True,True,True,False
B,ollama__qwen2_5-coder__14b,integrate_exp_0_1,simpson,1,raw,simpson,simpson,True,True,True,False
B,ollama__qwen2_5-coder__14b,integrate_exp_0_1,simpson,2,raw,simpson,simpson,True,True,True,False
B,ollama__qwen2_5-coder__14b,integrate_exp_0_1,simpson,3,raw,simpson,simpson,True,True,True,False
B,ollama__qwen2_5-coder__14b,integrate_exp_0_1,simpson,4,raw,simpson,simpson,True,True,True,False
B,ollama__qwen2_5-coder__14b,integrate_exp_0_1,simpson,5,raw,simpson,simpson,True,True,True,False
B,ollama__qwen2_5-coder__14b,integrate_exp_0_1,trapezoidal,1,raw,trapezoidal,trapezoidal,True,True,True,False
B,ollama__qwen2_5-coder__14b,integrate_exp_0_1,trapezoidal,2,raw,trapezoidal,trapezoidal,True,True,True,False
B,ollama__qwen2_5-coder__14b,integrate_exp_0_1,trapezoidal,3,raw,trapezoidal,trapezoidal,True,True,True,False
B,ollama__qwen2_5-coder__14b,integrate_exp_0_1,trapezoidal,4,raw,trapezoidal,trapezoidal,True,True,True,False
B,ollama__qwen2_5-coder__14b,integrate_exp_0_1,trapezoidal,5,raw,trapezoidal,trapezoidal,True,True,True,False
B,ollama__qwen2_5-coder__14b,integrate_polynomial,simpson,1,raw,simpson,simpson,True,True,True,False
B,ollama__qwen2_5-coder__14b,integrate_polynomial,simpson,2,raw,simpson,simpson,True,True,True,False
B,ollama__qwen2_5-coder__14b,integrate_polynomial,simpson,3,raw,simpson,simpson,True,True,True,False
B,ollama__qwen2_5-coder__14b,integrate_polynomial,simpson,4,raw,simpson,simpson,True,True,True,False
B,ollama__qwen2_5-coder__14b,integrate_polynomial,simpson,5,raw,simpson,simpson,True,True,True,False
B,ollama__qwen2_5-coder__14b,integrate_polynomial,trapezoidal,1,raw,trapezoidal,trapezoidal,True,True,True,False
B,ollama__qwen2_5-coder__14b,integrate_polynomial,trapezoidal,2,raw,trapezoidal,trapezoidal,True,True,True,False
B,ollama__qwen2_5-coder__14b,integrate_polynomial,trapezoidal,3,raw,trapezoidal,trapezoidal,True,True,True,False
B,ollama__qwen2_5-coder__14b,integrate_polynomial,trapezoidal,4,raw,trapezoidal,trapezoidal,True,True,True,False
B,ollama__qwen2_5-coder__14b,integrate_polynomial,trapezoidal,5,raw,trapezoidal,trapezoidal,True,True,True,False
B,ollama__qwen2_5-coder__14b,integrate_sin_0_pi,simpson,1,raw,simpson,simpson,True,True,True,False
B,ollama__qwen2_5-coder__14b,integrate_sin_0_pi,simpson,2,raw,simpson,simpson,True,True,True,False
B,ollama__qwen2_5-coder__14b,integrate_sin_0_pi,simpson,3,raw,simpson,simpson,True,True,True,False
B,ollama__qwen2_5-coder__14b,integrate_sin_0_pi,simpson,4,raw,simpson,simpson,True,True,True,False
B,ollama__qwen2_5-coder__14b,integrate_sin_0_pi,simpson,5,raw,simpson,simpson,True,True,True,False
B,ollama__qwen2_5-coder__14b,integrate_sin_0_pi,trapezoidal,1,raw,trapezoidal,trapezoidal,True,True,True,False
B,ollama__qwen2_5-coder__14b,integrate_sin_0_pi,trapezoidal,2,raw,trapezoidal,trapezoidal,True,True,True,False
B,ollama__qwen2_5-coder__14b,integrate_sin_0_pi,trapezoidal,3,raw,trapezoidal,trapezoidal,True,True,True,False
B,ollama__qwen2_5-coder__14b,integrate_sin_0_pi,trapezoidal,4,raw,trapezoidal,trapezoidal,True,True,True,False
B,ollama__qwen2_5-coder__14b,integrate_sin_0_pi,trapezoidal,5,raw,trapezoidal,trapezoidal,True,True,True,False
B,ollama__qwen3-coder__30b,integrate_exp_0_1,simpson,1,raw,simpson,simpson,True,True,True,False
B,ollama__qwen3-coder__30b,integrate_exp_0_1,simpson,2,raw,simpson,simpson,True,True,True,False
B,ollama__qwen3-coder__30b,integrate_exp_0_1,simpson,3,raw,simpson,simpson,True,True,True,False
B,ollama__qwen3-coder__30b,integrate_exp_0_1,simpson,4,raw,simpson,simpson,True,True,True,False
B,ollama__qwen3-coder__30b,integrate_exp_0_1,simpson,5,raw,simpson,simpson,True,True,True,False
B,ollama__qwen3-coder__30b,integrate_exp_0_1,trapezoidal,1,raw,trapezoidal,trapezoidal,True,True,True,False
B,ollama__qwen3-coder__30b,integrate_exp_0_1,trapezoidal,2,raw,trapezoidal,trapezoidal,True,True,True,False
B,ollama__qwen3-coder__30b,integrate_exp_0_1,trapezoidal,3,raw,trapezoidal,trapezoidal,True,True,True,False
B,ollama__qwen3-coder__30b,integrate_exp_0_1,trapezoidal,4,raw,trapezoidal,trapezoidal,True,True,True,False
B,ollama__qwen3-coder__30b,integrate_exp_0_1,trapezoidal,5,raw,trapezoidal,trapezoidal,True,True,True,False
B,ollama__qwen3-coder__30b,integrate_polynomial,simpson,1,raw,simpson,simpson,True,True,True,False
B,ollama__qwen3-coder__30b,integrate_polynomial,simpson,2,raw,simpson,simpson,True,True,True,False
B,ollama__qwen3-coder__30b,integrate_polynomial,simpson,3,raw,simpson,simpson,True,True,True,False
B,ollama__qwen3-coder__30b,integrate_polynomial,simpson,4,raw,simpson,simpson,True,True,True,False
B,ollama__qwen3-coder__30b,integrate_polynomial,simpson,5,raw,simpson,simpson,True,True,True,False
B,ollama__qwen3-coder__30b,integrate_polynomial,trapezoidal,1,raw,trapezoidal,trapezoidal,True,True,True,False
B,ollama__qwen3-coder__30b,integrate_polynomial,trapezoidal,2,raw,trapezoidal,trapezoidal,True,True,True,False
B,ollama__qwen3-coder__30b,integrate_polynomial,trapezoidal,3,raw,trapezoidal,trapezoidal,True,True,True,False
B,ollama__qwen3-coder__30b,integrate_polynomial,trapezoidal,4,raw,trapezoidal,trapezoidal,True,True,True,False
B,ollama__qwen3-coder__30b,integrate_polynomial,trapezoidal,5,raw,trapezoidal,trapezoidal,True,True,True,False
B,ollama__qwen3-coder__30b,integrate_sin_0_pi,simpson,1,raw,simpson,simpson,True,True,True,False
B,ollama__qwen3-coder__30b,integrate_sin_0_pi,simpson,2,raw,simpson,simpson,True,True,True,False
B,ollama__qwen3-coder__30b,integrate_sin_0_pi,simpson,3,raw,simpson,simpson,True,True,True,False
B,ollama__qwen3-coder__30b,integrate_sin_0_pi,simpson,4,raw,simpson,simpson,True,True,True,False
B,ollama__qwen3-coder__30b,integrate_sin_0_pi,simpson,5,raw,simpson,simpson,True,True,True,False
B,ollama__qwen3-coder__30b,integrate_sin_0_pi,trapezoidal,1,raw,trapezoidal,trapezoidal,True,True,True,False
B,ollama__qwen3-coder__30b,integrate_sin_0_pi,trapezoidal,2,raw,trapezoidal,trapezoidal,True,True,True,False
B,ollama__qwen3-coder__30b,integrate_sin_0_pi,trapezoidal,3,raw,trapezoidal,trapezoidal,True,True,True,False
B,ollama__qwen3-coder__30b,integrate_sin_0_pi,trapezoidal,4,raw,trapezoidal,trapezoidal,True,True,True,False
B,ollama__qwen3-coder__30b,integrate_sin_0_pi,trapezoidal,5,raw,trapezoidal,trapezoidal,True,True,True,False
B,ollama__devstral__latest,integrate_exp_0_1,simpson,1,no_comments,simpson,simpson,True,True,True,False
B,ollama__devstral__latest,integrate_exp_0_1,simpson,2,no_comments,simpson,simpson,True,True,True,False
B,ollama__devstral__latest,integrate_exp_0_1,simpson,3,no_comments,simpson,simpson,True,True,True,False
B,ollama__devstral__latest,integrate_exp_0_1,simpson,4,no_comments,simpson,simpson,True,True,True,False
B,ollama__devstral__latest,integrate_exp_0_1,simpson,5,no_comments,simpson,simpson,True,True,True,False
B,ollama__devstral__latest,integrate_exp_0_1,trapezoidal,1,no_comments,trapezoidal,trapezoidal,True,True,True,False
B,ollama__devstral__latest,integrate_exp_0_1,trapezoidal,2,no_comments,trapezoidal,trapezoidal,True,True,True,False
B,ollama__devstral__latest,integrate_exp_0_1,trapezoidal,3,no_comments,trapezoidal,trapezoidal,True,True,True,False
B,ollama__devstral__latest,integrate_exp_0_1,trapezoidal,4,no_comments,trapezoidal,trapezoidal,True,True,True,False
B,ollama__devstral__latest,integrate_exp_0_1,trapezoidal,5,no_comments,trapezoidal,trapezoidal,True,True,True,False
B,ollama__devstral__latest,integrate_polynomial,simpson,1,no_comments,simpson,simpson,True,True,True,False
B,ollama__devstral__latest,integrate_polynomial,simpson,2,no_comments,simpson,simpson,True,True,True,False
B,ollama__devstral__latest,integrate_polynomial,simpson,3,no_comments,simpson,simpson,True,True,True,False
B,ollama__devstral__latest,integrate_polynomial,simpson,4,no_comments,simpson,simpson,True,True,True,False
B,ollama__devstral__latest,integrate_polynomial,simpson,5,no_comments,simpson,simpson,True,True,True,False
B,ollama__devstral__latest,integrate_polynomial,trapezoidal,1,no_comments,trapezoidal,trapezoidal,True,True,True,False
B,ollama__devstral__latest,integrate_polynomial,trapezoidal,2,no_comments,trapezoidal,trapezoidal,True,True,True,False
B,ollama__devstral__latest,integrate_polynomial,trapezoidal,3,no_comments,trapezoidal,trapezoidal,True,True,True,False
B,ollama__devstral__latest,integrate_polynomial,trapezoidal,4,no_comments,trapezoidal,trapezoidal,True,True,True,False
B,ollama__devstral__latest,integrate_polynomial,trapezoidal,5,no_comments,trapezoidal,trapezoidal,True,True,True,False
B,ollama__devstral__latest,integrate_sin_0_pi,simpson,1,no_comments,simpson,simpson,True,True,True,False
B,ollama__devstral__latest,integrate_sin_0_pi,simpson,2,no_comments,simpson,simpson,True,True,True,False
B,ollama__devstral__latest,integrate_sin_0_pi,simpson,3,no_comments,simpson,simpson,True,True,True,False
B,ollama__devstral__latest,integrate_sin_0_pi,simpson,4,no_comments,simpson,simpson,True,True,True,False
B,ollama__devstral__latest,integrate_sin_0_pi,simpson,5,no_comments,simpson,simpson,True,True,True,False
B,ollama__devstral__latest,integrate_sin_0_pi,trapezoidal,1,no_comments,trapezoidal,trapezoidal,True,True,True,False
B,ollama__devstral__latest,integrate_sin_0_pi,trapezoidal,2,no_comments,trapezoidal,trapezoidal,True,True,True,False
B,ollama__devstral__latest,integrate_sin_0_pi,trapezoidal,3,no_comments,trapezoidal,trapezoidal,True,True,True,False
B,ollama__devstral__latest,integrate_sin_0_pi,trapezoidal,4,no_comments,trapezoidal,trapezoidal,True,True,True,False
B,ollama__devstral__latest,integrate_sin_0_pi,trapezoidal,5,no_comments,trapezoidal,trapezoidal,True,True,True,False
B,ollama__qwen2_5-coder__14b,integrate_exp_0_1,simpson,1,no_comments,simpson,simpson,True,True,True,False
B,ollama__qwen2_5-coder__14b,integrate_exp_0_1,simpson,2,no_comments,simpson,simpson,True,True,True,False
B,ollama__qwen2_5-coder__14b,integrate_exp_0_1,simpson,3,no_comments,simpson,simpson,True,True,True,False
B,ollama__qwen2_5-coder__14b,integrate_exp_0_1,simpson,4,no_comments,simpson,simpson,True,True,True,False
B,ollama__qwen2_5-coder__14b,integrate_exp_0_1,simpson,5,no_comments,simpson,simpson,True,True,True,False
B,ollama__qwen2_5-coder__14b,integrate_exp_0_1,trapezoidal,1,no_comments,trapezoidal,trapezoidal,True,True,True,False
B,ollama__qwen2_5-coder__14b,integrate_exp_0_1,trapezoidal,2,no_comments,trapezoidal,trapezoidal,True,True,True,False
B,ollama__qwen2_5-coder__14b,integrate_exp_0_1,trapezoidal,3,no_comments,trapezoidal,trapezoidal,True,True,True,False
B,ollama__qwen2_5-coder__14b,integrate_exp_0_1,trapezoidal,4,no_comments,trapezoidal,trapezoidal,True,True,True,False
B,ollama__qwen2_5-coder__14b,integrate_exp_0_1,trapezoidal,5,no_comments,trapezoidal,trapezoidal,True,True,True,False
B,ollama__qwen2_5-coder__14b,integrate_polynomial,simpson,1,no_comments,simpson,simpson,True,True,True,False
B,ollama__qwen2_5-coder__14b,integrate_polynomial,simpson,2,no_comments,simpson,simpson,True,True,True,False
B,ollama__qwen2_5-coder__14b,integrate_polynomial,simpson,3,no_comments,simpson,simpson,True,True,True,False
B,ollama__qwen2_5-coder__14b,integrate_polynomial,simpson,4,no_comments,simpson,simpson,True,True,True,False
B,ollama__qwen2_5-coder__14b,integrate_polynomial,simpson,5,no_comments,simpson,simpson,True,True,True,False
B,ollama__qwen2_5-coder__14b,integrate_polynomial,trapezoidal,1,no_comments,trapezoidal,trapezoidal,True,True,True,False
B,ollama__qwen2_5-coder__14b,integrate_polynomial,trapezoidal,2,no_comments,trapezoidal,trapezoidal,True,True,True,False
B,ollama__qwen2_5-coder__14b,integrate_polynomial,trapezoidal,3,no_comments,trapezoidal,trapezoidal,True,True,True,False
B,ollama__qwen2_5-coder__14b,integrate_polynomial,trapezoidal,4,no_comments,trapezoidal,trapezoidal,True,True,True,False
B,ollama__qwen2_5-coder__14b,integrate_polynomial,trapezoidal,5,no_comments,trapezoidal,trapezoidal,True,True,True,False
B,ollama__qwen2_5-coder__14b,integrate_sin_0_pi,simpson,1,no_comments,simpson,simpson,True,True,True,False
B,ollama__qwen2_5-coder__14b,integrate_sin_0_pi,simpson,2,no_comments,simpson,simpson,True,True,True,False
B,ollama__qwen2_5-coder__14b,integrate_sin_0_pi,simpson,3,no_comments,simpson,simpson,True,True,True,False
B,ollama__qwen2_5-coder__14b,integrate_sin_0_pi,simpson,4,no_comments,simpson,simpson,True,True,True,False
B,ollama__qwen2_5-coder__14b,integrate_sin_0_pi,simpson,5,no_comments,simpson,simpson,True,True,True,False
B,ollama__qwen2_5-coder__14b,integrate_sin_0_pi,trapezoidal,1,no_comments,trapezoidal,trapezoidal,True,True,True,False
B,ollama__qwen2_5-coder__14b,integrate_sin_0_pi,trapezoidal,2,no_comments,trapezoidal,trapezoidal,True,True,True,False
B,ollama__qwen2_5-coder__14b,integrate_sin_0_pi,trapezoidal,3,no_comments,trapezoidal,trapezoidal,True,True,True,False
B,ollama__qwen2_5-coder__14b,integrate_sin_0_pi,trapezoidal,4,no_comments,trapezoidal,trapezoidal,True,True,True,False
B,ollama__qwen2_5-coder__14b,integrate_sin_0_pi,trapezoidal,5,no_comments,trapezoidal,trapezoidal,True,True,True,False
B,ollama__qwen3-coder__30b,integrate_exp_0_1,simpson,1,no_comments,simpson,simpson,True,True,True,False
B,ollama__qwen3-coder__30b,integrate_exp_0_1,simpson,2,no_comments,simpson,simpson,True,True,True,False
B,ollama__qwen3-coder__30b,integrate_exp_0_1,simpson,3,no_comments,simpson,simpson,True,True,True,False
B,ollama__qwen3-coder__30b,integrate_exp_0_1,simpson,4,no_comments,simpson,simpson,True,True,True,False
B,ollama__qwen3-coder__30b,integrate_exp_0_1,simpson,5,no_comments,simpson,simpson,True,True,True,False
B,ollama__qwen3-coder__30b,integrate_exp_0_1,trapezoidal,1,no_comments,trapezoidal,trapezoidal,True,True,True,False
B,ollama__qwen3-coder__30b,integrate_exp_0_1,trapezoidal,2,no_comments,trapezoidal,trapezoidal,True,True,True,False
B,ollama__qwen3-coder__30b,integrate_exp_0_1,trapezoidal,3,no_comments,trapezoidal,trapezoidal,True,True,True,False
B,ollama__qwen3-coder__30b,integrate_exp_0_1,trapezoidal,4,no_comments,trapezoidal,trapezoidal,True,True,True,False
B,ollama__qwen3-coder__30b,integrate_exp_0_1,trapezoidal,5,no_comments,trapezoidal,trapezoidal,True,True,True,False
B,ollama__qwen3-coder__30b,integrate_polynomial,simpson,1,no_comments,simpson,simpson,True,True,True,False
B,ollama__qwen3-coder__30b,integrate_polynomial,simpson,2,no_comments,simpson,simpson,True,True,True,False
B,ollama__qwen3-coder__30b,integrate_polynomial,simpson,3,no_comments,simpson,simpson,True,True,True,False
B,ollama__qwen3-coder__30b,integrate_polynomial,simpson,4,no_comments,simpson,simpson,True,True,True,False
B,ollama__qwen3-coder__30b,integrate_polynomial,simpson,5,no_comments,simpson,simpson,True,True,True,False
B,ollama__qwen3-coder__30b,integrate_polynomial,trapezoidal,1,no_comments,trapezoidal,trapezoidal,True,True,True,False
B,ollama__qwen3-coder__30b,integrate_polynomial,trapezoidal,2,no_comments,trapezoidal,trapezoidal,True,True,True,False
B,ollama__qwen3-coder__30b,integrate_polynomial,trapezoidal,3,no_comments,trapezoidal,trapezoidal,True,True,True,False
B,ollama__qwen3-coder__30b,integrate_polynomial,trapezoidal,4,no_comments,trapezoidal,trapezoidal,True,True,True,False
B,ollama__qwen3-coder__30b,integrate_polynomial,trapezoidal,5,no_comments,trapezoidal,trapezoidal,True,True,True,False
B,ollama__qwen3-coder__30b,integrate_sin_0_pi,simpson,1,no_comments,simpson,simpson,True,True,True,False
B,ollama__qwen3-coder__30b,integrate_sin_0_pi,simpson,2,no_comments,simpson,simpson,True,True,True,False
B,ollama__qwen3-coder__30b,integrate_sin_0_pi,simpson,3,no_comments,simpson,simpson,True,True,True,False
B,ollama__qwen3-coder__30b,integrate_sin_0_pi,simpson,4,no_comments,simpson,simpson,True,True,True,False
B,ollama__qwen3-coder__30b,integrate_sin_0_pi,simpson,5,no_comments,simpson,simpson,True,True,True,False
B,ollama__qwen3-coder__30b,integrate_sin_0_pi,trapezoidal,1,no_comments,trapezoidal,trapezoidal,True,True,True,False
B,ollama__qwen3-coder__30b,integrate_sin_0_pi,trapezoidal,2,no_comments,trapezoidal,trapezoidal,True,True,True,False
B,ollama__qwen3-coder__30b,integrate_sin_0_pi,trapezoidal,3,no_comments,trapezoidal,trapezoidal,True,True,True,False
B,ollama__qwen3-coder__30b,integrate_sin_0_pi,trapezoidal,4,no_comments,trapezoidal,trapezoidal,True,True,True,False
B,ollama__qwen3-coder__30b,integrate_sin_0_pi,trapezoidal,5,no_comments,trapezoidal,trapezoidal,True,True,True,False
B,ollama__devstral__latest,integrate_exp_0_1,simpson,1,renamed,simpson,simpson,True,False,,True
B,ollama__devstral__latest,integrate_exp_0_1,simpson,2,renamed,simpson,simpson,True,False,,True
B,ollama__devstral__latest,integrate_exp_0_1,simpson,3,renamed,simpson,simpson,True,False,,True
B,ollama__devstral__latest,integrate_exp_0_1,simpson,4,renamed,simpson,simpson,True,False,,True
B,ollama__devstral__latest,integrate_exp_0_1,simpson,5,renamed,simpson,simpson,True,False,,True
B,ollama__devstral__latest,integrate_exp_0_1,trapezoidal,1,renamed,trapezoidal,trapezoidal,True,False,,True
B,ollama__devstral__latest,integrate_exp_0_1,trapezoidal,2,renamed,trapezoidal,trapezoidal,True,False,,True
B,ollama__devstral__latest,integrate_exp_0_1,trapezoidal,3,renamed,trapezoidal,trapezoidal,True,False,,True
B,ollama__devstral__latest,integrate_exp_0_1,trapezoidal,4,renamed,trapezoidal,trapezoidal,True,False,,True
B,ollama__devstral__latest,integrate_exp_0_1,trapezoidal,5,renamed,trapezoidal,trapezoidal,True,False,,True
B,ollama__devstral__latest,integrate_polynomial,simpson,1,renamed,simpson,simpson,True,False,,True
B,ollama__devstral__latest,integrate_polynomial,simpson,2,renamed,simpson,simpson,True,False,,True
B,ollama__devstral__latest,integrate_polynomial,simpson,3,renamed,simpson,simpson,True,False,,True
B,ollama__devstral__latest,integrate_polynomial,simpson,4,renamed,simpson,simpson,True,False,,True
B,ollama__devstral__latest,integrate_polynomial,simpson,5,renamed,simpson,simpson,True,False,,True
B,ollama__devstral__latest,integrate_polynomial,trapezoidal,1,renamed,trapezoidal,trapezoidal,True,False,,True
B,ollama__devstral__latest,integrate_polynomial,trapezoidal,2,renamed,trapezoidal,trapezoidal,True,False,,True
B,ollama__devstral__latest,integrate_polynomial,trapezoidal,3,renamed,trapezoidal,trapezoidal,True,False,,True
B,ollama__devstral__latest,integrate_polynomial,trapezoidal,4,renamed,trapezoidal,trapezoidal,True,False,,True
B,ollama__devstral__latest,integrate_polynomial,trapezoidal,5,renamed,trapezoidal,trapezoidal,True,False,,True
B,ollama__devstral__latest,integrate_sin_0_pi,simpson,1,renamed,simpson,simpson,True,False,,True
B,ollama__devstral__latest,integrate_sin_0_pi,simpson,2,renamed,simpson,simpson,True,False,,True
B,ollama__devstral__latest,integrate_sin_0_pi,simpson,3,renamed,simpson,simpson,True,False,,True
B,ollama__devstral__latest,integrate_sin_0_pi,simpson,4,renamed,simpson,simpson,True,False,,True
B,ollama__devstral__latest,integrate_sin_0_pi,simpson,5,renamed,simpson,simpson,True,False,,True
B,ollama__devstral__latest,integrate_sin_0_pi,trapezoidal,1,renamed,trapezoidal,trapezoidal,True,False,,True
B,ollama__devstral__latest,integrate_sin_0_pi,trapezoidal,2,renamed,trapezoidal,trapezoidal,True,False,,True
B,ollama__devstral__latest,integrate_sin_0_pi,trapezoidal,3,renamed,trapezoidal,trapezoidal,True,False,,True
B,ollama__devstral__latest,integrate_sin_0_pi,trapezoidal,4,renamed,trapezoidal,trapezoidal,True,False,,True
B,ollama__devstral__latest,integrate_sin_0_pi,trapezoidal,5,renamed,trapezoidal,trapezoidal,True,False,,True
B,ollama__qwen2_5-coder__14b,integrate_exp_0_1,simpson,1,renamed,simpson,simpson,True,False,,True
B,ollama__qwen2_5-coder__14b,integrate_exp_0_1,simpson,2,renamed,simpson,simpson,True,False,,True
B,ollama__qwen2_5-coder__14b,integrate_exp_0_1,simpson,3,renamed,simpson,simpson,True,False,,True
B,ollama__qwen2_5-coder__14b,integrate_exp_0_1,simpson,4,renamed,simpson,simpson,True,False,,True
B,ollama__qwen2_5-coder__14b,integrate_exp_0_1,simpson,5,renamed,simpson,simpson,True,False,,True
B,ollama__qwen2_5-coder__14b,integrate_exp_0_1,trapezoidal,1,renamed,trapezoidal,trapezoidal,True,False,,True
B,ollama__qwen2_5-coder__14b,integrate_exp_0_1,trapezoidal,2,renamed,trapezoidal,trapezoidal,True,False,,True
B,ollama__qwen2_5-coder__14b,integrate_exp_0_1,trapezoidal,3,renamed,trapezoidal,trapezoidal,True,False,,True
B,ollama__qwen2_5-coder__14b,integrate_exp_0_1,trapezoidal,4,renamed,trapezoidal,trapezoidal,True,False,,True
B,ollama__qwen2_5-coder__14b,integrate_exp_0_1,trapezoidal,5,renamed,trapezoidal,trapezoidal,True,False,,True
B,ollama__qwen2_5-coder__14b,integrate_polynomial,simpson,1,renamed,simpson,simpson,True,False,,True
B,ollama__qwen2_5-coder__14b,integrate_polynomial,simpson,2,renamed,simpson,simpson,True,False,,True
B,ollama__qwen2_5-coder__14b,integrate_polynomial,simpson,3,renamed,simpson,simpson,True,False,,True
B,ollama__qwen2_5-coder__14b,integrate_polynomial,simpson,4,renamed,simpson,simpson,True,False,,True
B,ollama__qwen2_5-coder__14b,integrate_polynomial,simpson,5,renamed,simpson,simpson,True,False,,True
B,ollama__qwen2_5-coder__14b,integrate_polynomial,trapezoidal,1,renamed,trapezoidal,trapezoidal,True,False,,True
B,ollama__qwen2_5-coder__14b,integrate_polynomial,trapezoidal,2,renamed,trapezoidal,trapezoidal,True,False,,True
B,ollama__qwen2_5-coder__14b,integrate_polynomial,trapezoidal,3,renamed,trapezoidal,trapezoidal,True,False,,True
B,ollama__qwen2_5-coder__14b,integrate_polynomial,trapezoidal,4,renamed,trapezoidal,trapezoidal,True,False,,True
B,ollama__qwen2_5-coder__14b,integrate_polynomial,trapezoidal,5,renamed,trapezoidal,trapezoidal,True,False,,True
B,ollama__qwen2_5-coder__14b,integrate_sin_0_pi,simpson,1,renamed,simpson,simpson,True,False,,True
B,ollama__qwen2_5-coder__14b,integrate_sin_0_pi,simpson,2,renamed,simpson,simpson,True,False,,True
B,ollama__qwen2_5-coder__14b,integrate_sin_0_pi,simpson,3,renamed,simpson,simpson,True,False,,True
B,ollama__qwen2_5-coder__14b,integrate_sin_0_pi,simpson,4,renamed,simpson,simpson,True,False,,True
B,ollama__qwen2_5-coder__14b,integrate_sin_0_pi,simpson,5,renamed,simpson,simpson,True,False,,True
B,ollama__qwen2_5-coder__14b,integrate_sin_0_pi,trapezoidal,1,renamed,trapezoidal,trapezoidal,True,False,,True
B,ollama__qwen2_5-coder__14b,integrate_sin_0_pi,trapezoidal,2,renamed,trapezoidal,trapezoidal,True,False,,True
B,ollama__qwen2_5-coder__14b,integrate_sin_0_pi,trapezoidal,3,renamed,trapezoidal,trapezoidal,True,False,,True
B,ollama__qwen2_5-coder__14b,integrate_sin_0_pi,trapezoidal,4,renamed,trapezoidal,trapezoidal,True,False,,True
B,ollama__qwen2_5-coder__14b,integrate_sin_0_pi,trapezoidal,5,renamed,trapezoidal,trapezoidal,True,False,,True
B,ollama__qwen3-coder__30b,integrate_exp_0_1,simpson,1,renamed,simpson,simpson,True,False,,True
B,ollama__qwen3-coder__30b,integrate_exp_0_1,simpson,2,renamed,simpson,simpson,True,False,,True
B,ollama__qwen3-coder__30b,integrate_exp_0_1,simpson,3,renamed,simpson,simpson,True,False,,True
B,ollama__qwen3-coder__30b,integrate_exp_0_1,simpson,4,renamed,simpson,simpson,True,False,,True
B,ollama__qwen3-coder__30b,integrate_exp_0_1,simpson,5,renamed,simpson,simpson,True,False,,True
B,ollama__qwen3-coder__30b,integrate_exp_0_1,trapezoidal,1,renamed,trapezoidal,trapezoidal,True,False,,True
B,ollama__qwen3-coder__30b,integrate_exp_0_1,trapezoidal,2,renamed,trapezoidal,trapezoidal,True,False,,True
B,ollama__qwen3-coder__30b,integrate_exp_0_1,trapezoidal,3,renamed,trapezoidal,trapezoidal,True,False,,True
B,ollama__qwen3-coder__30b,integrate_exp_0_1,trapezoidal,4,renamed,trapezoidal,trapezoidal,True,False,,True
B,ollama__qwen3-coder__30b,integrate_exp_0_1,trapezoidal,5,renamed,trapezoidal,trapezoidal,True,False,,True
B,ollama__qwen3-coder__30b,integrate_polynomial,simpson,1,renamed,simpson,simpson,True,False,,True
B,ollama__qwen3-coder__30b,integrate_polynomial,simpson,2,renamed,simpson,simpson,True,False,,True
B,ollama__qwen3-coder__30b,integrate_polynomial,simpson,3,renamed,simpson,simpson,True,False,,True
B,ollama__qwen3-coder__30b,integrate_polynomial,simpson,4,renamed,simpson,simpson,True,False,,True
B,ollama__qwen3-coder__30b,integrate_polynomial,simpson,5,renamed,simpson,simpson,True,False,,True
B,ollama__qwen3-coder__30b,integrate_polynomial,trapezoidal,1,renamed,trapezoidal,trapezoidal,True,False,,True
B,ollama__qwen3-coder__30b,integrate_polynomial,trapezoidal,2,renamed,trapezoidal,trapezoidal,True,False,,True
B,ollama__qwen3-coder__30b,integrate_polynomial,trapezoidal,3,renamed,trapezoidal,trapezoidal,True,False,,True
B,ollama__qwen3-coder__30b,integrate_polynomial,trapezoidal,4,renamed,trapezoidal,trapezoidal,True,False,,True
B,ollama__qwen3-coder__30b,integrate_polynomial,trapezoidal,5,renamed,trapezoidal,trapezoidal,True,False,,True
B,ollama__qwen3-coder__30b,integrate_sin_0_pi,simpson,1,renamed,simpson,simpson,True,False,,True
B,ollama__qwen3-coder__30b,integrate_sin_0_pi,simpson,2,renamed,simpson,simpson,True,False,,True
B,ollama__qwen3-coder__30b,integrate_sin_0_pi,simpson,3,renamed,simpson,simpson,True,False,,True
B,ollama__qwen3-coder__30b,integrate_sin_0_pi,simpson,4,renamed,simpson,simpson,True,False,,True
B,ollama__qwen3-coder__30b,integrate_sin_0_pi,simpson,5,renamed,simpson,simpson,True,False,,True
B,ollama__qwen3-coder__30b,integrate_sin_0_pi,trapezoidal,1,renamed,trapezoidal,trapezoidal,True,False,,True
B,ollama__qwen3-coder__30b,integrate_sin_0_pi,trapezoidal,2,renamed,trapezoidal,trapezoidal,True,False,,True
B,ollama__qwen3-coder__30b,integrate_sin_0_pi,trapezoidal,3,renamed,trapezoidal,trapezoidal,True,False,,True
B,ollama__qwen3-coder__30b,integrate_sin_0_pi,trapezoidal,4,renamed,trapezoidal,trapezoidal,True,False,,True
B,ollama__qwen3-coder__30b,integrate_sin_0_pi,trapezoidal,5,renamed,trapezoidal,trapezoidal,True,False,,True
B,ollama__devstral__latest,integrate_exp_0_1,simpson,1,no_imports,simpson,simpson,True,False,,True
B,ollama__devstral__latest,integrate_exp_0_1,simpson,2,no_imports,simpson,simpson,True,False,,True
B,ollama__devstral__latest,integrate_exp_0_1,simpson,3,no_imports,simpson,simpson,True,False,,True
B,ollama__devstral__latest,integrate_exp_0_1,simpson,4,no_imports,simpson,simpson,True,False,,True
B,ollama__devstral__latest,integrate_exp_0_1,simpson,5,no_imports,simpson,simpson,True,False,,True
B,ollama__devstral__latest,integrate_exp_0_1,trapezoidal,1,no_imports,trapezoidal,trapezoidal,True,False,,True
B,ollama__devstral__latest,integrate_exp_0_1,trapezoidal,2,no_imports,trapezoidal,trapezoidal,True,False,,True
B,ollama__devstral__latest,integrate_exp_0_1,trapezoidal,3,no_imports,trapezoidal,trapezoidal,True,False,,True
B,ollama__devstral__latest,integrate_exp_0_1,trapezoidal,4,no_imports,trapezoidal,trapezoidal,True,False,,True
B,ollama__devstral__latest,integrate_exp_0_1,trapezoidal,5,no_imports,trapezoidal,trapezoidal,True,False,,True
B,ollama__devstral__latest,integrate_polynomial,simpson,1,no_imports,simpson,simpson,True,False,,True
B,ollama__devstral__latest,integrate_polynomial,simpson,2,no_imports,simpson,simpson,True,False,,True
B,ollama__devstral__latest,integrate_polynomial,simpson,3,no_imports,simpson,simpson,True,False,,True
B,ollama__devstral__latest,integrate_polynomial,simpson,4,no_imports,simpson,simpson,True,False,,True
B,ollama__devstral__latest,integrate_polynomial,simpson,5,no_imports,simpson,simpson,True,False,,True
B,ollama__devstral__latest,integrate_polynomial,trapezoidal,1,no_imports,trapezoidal,trapezoidal,True,False,,True
B,ollama__devstral__latest,integrate_polynomial,trapezoidal,2,no_imports,trapezoidal,trapezoidal,True,False,,True
B,ollama__devstral__latest,integrate_polynomial,trapezoidal,3,no_imports,trapezoidal,trapezoidal,True,False,,True
B,ollama__devstral__latest,integrate_polynomial,trapezoidal,4,no_imports,trapezoidal,trapezoidal,True,False,,True
B,ollama__devstral__latest,integrate_polynomial,trapezoidal,5,no_imports,trapezoidal,trapezoidal,True,False,,True
B,ollama__devstral__latest,integrate_sin_0_pi,simpson,1,no_imports,simpson,simpson,True,False,,True
B,ollama__devstral__latest,integrate_sin_0_pi,simpson,2,no_imports,simpson,simpson,True,False,,True
B,ollama__devstral__latest,integrate_sin_0_pi,simpson,3,no_imports,simpson,simpson,True,False,,True
B,ollama__devstral__latest,integrate_sin_0_pi,simpson,4,no_imports,simpson,simpson,True,False,,True
B,ollama__devstral__latest,integrate_sin_0_pi,simpson,5,no_imports,simpson,simpson,True,False,,True
B,ollama__devstral__latest,integrate_sin_0_pi,trapezoidal,1,no_imports,trapezoidal,trapezoidal,True,False,,True
B,ollama__devstral__latest,integrate_sin_0_pi,trapezoidal,2,no_imports,trapezoidal,trapezoidal,True,False,,True
B,ollama__devstral__latest,integrate_sin_0_pi,trapezoidal,3,no_imports,trapezoidal,trapezoidal,True,False,,True
B,ollama__devstral__latest,integrate_sin_0_pi,trapezoidal,4,no_imports,trapezoidal,trapezoidal,True,False,,True
B,ollama__devstral__latest,integrate_sin_0_pi,trapezoidal,5,no_imports,trapezoidal,trapezoidal,True,False,,True
B,ollama__qwen2_5-coder__14b,integrate_exp_0_1,simpson,1,no_imports,simpson,simpson,True,False,,True
B,ollama__qwen2_5-coder__14b,integrate_exp_0_1,simpson,2,no_imports,simpson,simpson,True,False,,True
B,ollama__qwen2_5-coder__14b,integrate_exp_0_1,simpson,3,no_imports,simpson,simpson,True,False,,True
B,ollama__qwen2_5-coder__14b,integrate_exp_0_1,simpson,4,no_imports,simpson,simpson,True,False,,True
B,ollama__qwen2_5-coder__14b,integrate_exp_0_1,simpson,5,no_imports,simpson,simpson,True,False,,True
B,ollama__qwen2_5-coder__14b,integrate_exp_0_1,trapezoidal,1,no_imports,trapezoidal,trapezoidal,True,False,,True
B,ollama__qwen2_5-coder__14b,integrate_exp_0_1,trapezoidal,2,no_imports,trapezoidal,trapezoidal,True,False,,True
B,ollama__qwen2_5-coder__14b,integrate_exp_0_1,trapezoidal,3,no_imports,trapezoidal,trapezoidal,True,False,,True
B,ollama__qwen2_5-coder__14b,integrate_exp_0_1,trapezoidal,4,no_imports,trapezoidal,trapezoidal,True,False,,True
B,ollama__qwen2_5-coder__14b,integrate_exp_0_1,trapezoidal,5,no_imports,trapezoidal,trapezoidal,True,False,,True
B,ollama__qwen2_5-coder__14b,integrate_polynomial,simpson,1,no_imports,simpson,simpson,True,False,,True
B,ollama__qwen2_5-coder__14b,integrate_polynomial,simpson,2,no_imports,simpson,simpson,True,False,,True
B,ollama__qwen2_5-coder__14b,integrate_polynomial,simpson,3,no_imports,simpson,simpson,True,False,,True
B,ollama__qwen2_5-coder__14b,integrate_polynomial,simpson,4,no_imports,simpson,simpson,True,False,,True
B,ollama__qwen2_5-coder__14b,integrate_polynomial,simpson,5,no_imports,simpson,simpson,True,False,,True
B,ollama__qwen2_5-coder__14b,integrate_polynomial,trapezoidal,1,no_imports,trapezoidal,trapezoidal,True,False,,True
B,ollama__qwen2_5-coder__14b,integrate_polynomial,trapezoidal,2,no_imports,trapezoidal,trapezoidal,True,False,,True
B,ollama__qwen2_5-coder__14b,integrate_polynomial,trapezoidal,3,no_imports,trapezoidal,trapezoidal,True,False,,True
B,ollama__qwen2_5-coder__14b,integrate_polynomial,trapezoidal,4,no_imports,trapezoidal,trapezoidal,True,False,,True
B,ollama__qwen2_5-coder__14b,integrate_polynomial,trapezoidal,5,no_imports,trapezoidal,trapezoidal,True,False,,True
B,ollama__qwen2_5-coder__14b,integrate_sin_0_pi,simpson,1,no_imports,simpson,simpson,True,False,,True
B,ollama__qwen2_5-coder__14b,integrate_sin_0_pi,simpson,2,no_imports,simpson,simpson,True,False,,True
B,ollama__qwen2_5-coder__14b,integrate_sin_0_pi,simpson,3,no_imports,simpson,simpson,True,False,,True
B,ollama__qwen2_5-coder__14b,integrate_sin_0_pi,simpson,4,no_imports,simpson,simpson,True,False,,True
B,ollama__qwen2_5-coder__14b,integrate_sin_0_pi,simpson,5,no_imports,simpson,simpson,True,False,,True
B,ollama__qwen2_5-coder__14b,integrate_sin_0_pi,trapezoidal,1,no_imports,trapezoidal,trapezoidal,True,False,,True
B,ollama__qwen2_5-coder__14b,integrate_sin_0_pi,trapezoidal,2,no_imports,trapezoidal,trapezoidal,True,False,,True
B,ollama__qwen2_5-coder__14b,integrate_sin_0_pi,trapezoidal,3,no_imports,trapezoidal,trapezoidal,True,False,,True
B,ollama__qwen2_5-coder__14b,integrate_sin_0_pi,trapezoidal,4,no_imports,trapezoidal,trapezoidal,True,False,,True
B,ollama__qwen2_5-coder__14b,integrate_sin_0_pi,trapezoidal,5,no_imports,trapezoidal,trapezoidal,True,False,,True
B,ollama__qwen3-coder__30b,integrate_exp_0_1,simpson,1,no_imports,simpson,simpson,True,False,,True
B,ollama__qwen3-coder__30b,integrate_exp_0_1,simpson,2,no_imports,simpson,simpson,True,False,,True
B,ollama__qwen3-coder__30b,integrate_exp_0_1,simpson,3,no_imports,simpson,simpson,True,False,,True
B,ollama__qwen3-coder__30b,integrate_exp_0_1,simpson,4,no_imports,simpson,simpson,True,False,,True
B,ollama__qwen3-coder__30b,integrate_exp_0_1,simpson,5,no_imports,simpson,simpson,True,False,,True
B,ollama__qwen3-coder__30b,integrate_exp_0_1,trapezoidal,1,no_imports,trapezoidal,trapezoidal,True,False,,True
B,ollama__qwen3-coder__30b,integrate_exp_0_1,trapezoidal,2,no_imports,trapezoidal,trapezoidal,True,False,,True
B,ollama__qwen3-coder__30b,integrate_exp_0_1,trapezoidal,3,no_imports,trapezoidal,trapezoidal,True,False,,True
B,ollama__qwen3-coder__30b,integrate_exp_0_1,trapezoidal,4,no_imports,trapezoidal,trapezoidal,True,False,,True
B,ollama__qwen3-coder__30b,integrate_exp_0_1,trapezoidal,5,no_imports,trapezoidal,trapezoidal,True,False,,True
B,ollama__qwen3-coder__30b,integrate_polynomial,simpson,1,no_imports,simpson,simpson,True,False,,True
B,ollama__qwen3-coder__30b,integrate_polynomial,simpson,2,no_imports,simpson,simpson,True,False,,True
B,ollama__qwen3-coder__30b,integrate_polynomial,simpson,3,no_imports,simpson,simpson,True,False,,True
B,ollama__qwen3-coder__30b,integrate_polynomial,simpson,4,no_imports,simpson,simpson,True,False,,True
B,ollama__qwen3-coder__30b,integrate_polynomial,simpson,5,no_imports,simpson,simpson,True,False,,True
B,ollama__qwen3-coder__30b,integrate_polynomial,trapezoidal,1,no_imports,trapezoidal,trapezoidal,True,False,,True
B,ollama__qwen3-coder__30b,integrate_polynomial,trapezoidal,2,no_imports,trapezoidal,trapezoidal,True,False,,True
B,ollama__qwen3-coder__30b,integrate_polynomial,trapezoidal,3,no_imports,trapezoidal,trapezoidal,True,False,,True
B,ollama__qwen3-coder__30b,integrate_polynomial,trapezoidal,4,no_imports,trapezoidal,trapezoidal,True,False,,True
B,ollama__qwen3-coder__30b,integrate_polynomial,trapezoidal,5,no_imports,trapezoidal,trapezoidal,True,False,,True
B,ollama__qwen3-coder__30b,integrate_sin_0_pi,simpson,1,no_imports,simpson,simpson,True,False,,True
B,ollama__qwen3-coder__30b,integrate_sin_0_pi,simpson,2,no_imports,simpson,simpson,True,False,,True
B,ollama__qwen3-coder__30b,integrate_sin_0_pi,simpson,3,no_imports,simpson,simpson,True,False,,True
B,ollama__qwen3-coder__30b,integrate_sin_0_pi,simpson,4,no_imports,simpson,simpson,True,False,,True
B,ollama__qwen3-coder__30b,integrate_sin_0_pi,simpson,5,no_imports,simpson,simpson,True,False,,True
B,ollama__qwen3-coder__30b,integrate_sin_0_pi,trapezoidal,1,no_imports,trapezoidal,trapezoidal,True,False,,True
B,ollama__qwen3-coder__30b,integrate_sin_0_pi,trapezoidal,2,no_imports,trapezoidal,trapezoidal,True,False,,True
B,ollama__qwen3-coder__30b,integrate_sin_0_pi,trapezoidal,3,no_imports,trapezoidal,trapezoidal,True,False,,True
B,ollama__qwen3-coder__30b,integrate_sin_0_pi,trapezoidal,4,no_imports,trapezoidal,trapezoidal,True,False,,True
B,ollama__qwen3-coder__30b,integrate_sin_0_pi,trapezoidal,5,no_imports,trapezoidal,trapezoidal,True,False,,True
B,ollama__devstral__latest,integrate_exp_0_1,simpson,1,format_normalized,simpson,simpson,True,False,,True
B,ollama__devstral__latest,integrate_exp_0_1,simpson,2,format_normalized,simpson,simpson,True,False,,True
B,ollama__devstral__latest,integrate_exp_0_1,simpson,3,format_normalized,simpson,simpson,True,False,,True
B,ollama__devstral__latest,integrate_exp_0_1,simpson,4,format_normalized,simpson,simpson,True,False,,True
B,ollama__devstral__latest,integrate_exp_0_1,simpson,5,format_normalized,simpson,simpson,True,False,,True
B,ollama__devstral__latest,integrate_exp_0_1,trapezoidal,1,format_normalized,trapezoidal,trapezoidal,True,False,,True
B,ollama__devstral__latest,integrate_exp_0_1,trapezoidal,2,format_normalized,trapezoidal,trapezoidal,True,False,,True
B,ollama__devstral__latest,integrate_exp_0_1,trapezoidal,3,format_normalized,trapezoidal,trapezoidal,True,False,,True
B,ollama__devstral__latest,integrate_exp_0_1,trapezoidal,4,format_normalized,trapezoidal,trapezoidal,True,False,,True
B,ollama__devstral__latest,integrate_exp_0_1,trapezoidal,5,format_normalized,trapezoidal,trapezoidal,True,False,,True
B,ollama__devstral__latest,integrate_polynomial,simpson,1,format_normalized,simpson,simpson,True,False,,True
B,ollama__devstral__latest,integrate_polynomial,simpson,2,format_normalized,simpson,simpson,True,False,,True
B,ollama__devstral__latest,integrate_polynomial,simpson,3,format_normalized,simpson,simpson,True,False,,True
B,ollama__devstral__latest,integrate_polynomial,simpson,4,format_normalized,simpson,simpson,True,False,,True
B,ollama__devstral__latest,integrate_polynomial,simpson,5,format_normalized,simpson,simpson,True,False,,True
B,ollama__devstral__latest,integrate_polynomial,trapezoidal,1,format_normalized,trapezoidal,trapezoidal,True,False,,True
B,ollama__devstral__latest,integrate_polynomial,trapezoidal,2,format_normalized,trapezoidal,trapezoidal,True,False,,True
B,ollama__devstral__latest,integrate_polynomial,trapezoidal,3,format_normalized,trapezoidal,trapezoidal,True,False,,True
B,ollama__devstral__latest,integrate_polynomial,trapezoidal,4,format_normalized,trapezoidal,trapezoidal,True,False,,True
B,ollama__devstral__latest,integrate_polynomial,trapezoidal,5,format_normalized,trapezoidal,trapezoidal,True,False,,True
B,ollama__devstral__latest,integrate_sin_0_pi,simpson,1,format_normalized,simpson,simpson,True,False,,True
B,ollama__devstral__latest,integrate_sin_0_pi,simpson,2,format_normalized,simpson,simpson,True,False,,True
B,ollama__devstral__latest,integrate_sin_0_pi,simpson,3,format_normalized,simpson,simpson,True,False,,True
B,ollama__devstral__latest,integrate_sin_0_pi,simpson,4,format_normalized,simpson,simpson,True,False,,True
B,ollama__devstral__latest,integrate_sin_0_pi,simpson,5,format_normalized,simpson,simpson,True,False,,True
B,ollama__devstral__latest,integrate_sin_0_pi,trapezoidal,1,format_normalized,trapezoidal,trapezoidal,True,False,,True
B,ollama__devstral__latest,integrate_sin_0_pi,trapezoidal,2,format_normalized,trapezoidal,trapezoidal,True,False,,True
B,ollama__devstral__latest,integrate_sin_0_pi,trapezoidal,3,format_normalized,trapezoidal,trapezoidal,True,False,,True
B,ollama__devstral__latest,integrate_sin_0_pi,trapezoidal,4,format_normalized,trapezoidal,trapezoidal,True,False,,True
B,ollama__devstral__latest,integrate_sin_0_pi,trapezoidal,5,format_normalized,trapezoidal,trapezoidal,True,False,,True
B,ollama__qwen2_5-coder__14b,integrate_exp_0_1,simpson,1,format_normalized,simpson,simpson,True,False,,True
B,ollama__qwen2_5-coder__14b,integrate_exp_0_1,simpson,2,format_normalized,simpson,simpson,True,False,,True
B,ollama__qwen2_5-coder__14b,integrate_exp_0_1,simpson,3,format_normalized,simpson,simpson,True,False,,True
B,ollama__qwen2_5-coder__14b,integrate_exp_0_1,simpson,4,format_normalized,simpson,simpson,True,False,,True
B,ollama__qwen2_5-coder__14b,integrate_exp_0_1,simpson,5,format_normalized,simpson,simpson,True,False,,True
B,ollama__qwen2_5-coder__14b,integrate_exp_0_1,trapezoidal,1,format_normalized,trapezoidal,trapezoidal,True,False,,True
B,ollama__qwen2_5-coder__14b,integrate_exp_0_1,trapezoidal,2,format_normalized,trapezoidal,trapezoidal,True,False,,True
B,ollama__qwen2_5-coder__14b,integrate_exp_0_1,trapezoidal,3,format_normalized,trapezoidal,trapezoidal,True,False,,True
B,ollama__qwen2_5-coder__14b,integrate_exp_0_1,trapezoidal,4,format_normalized,trapezoidal,trapezoidal,True,False,,True
B,ollama__qwen2_5-coder__14b,integrate_exp_0_1,trapezoidal,5,format_normalized,trapezoidal,trapezoidal,True,False,,True
B,ollama__qwen2_5-coder__14b,integrate_polynomial,simpson,1,format_normalized,simpson,simpson,True,False,,True
B,ollama__qwen2_5-coder__14b,integrate_polynomial,simpson,2,format_normalized,simpson,simpson,True,False,,True
B,ollama__qwen2_5-coder__14b,integrate_polynomial,simpson,3,format_normalized,simpson,simpson,True,False,,True
B,ollama__qwen2_5-coder__14b,integrate_polynomial,simpson,4,format_normalized,simpson,simpson,True,False,,True
B,ollama__qwen2_5-coder__14b,integrate_polynomial,simpson,5,format_normalized,simpson,simpson,True,False,,True
B,ollama__qwen2_5-coder__14b,integrate_polynomial,trapezoidal,1,format_normalized,trapezoidal,trapezoidal,True,False,,True
B,ollama__qwen2_5-coder__14b,integrate_polynomial,trapezoidal,2,format_normalized,trapezoidal,trapezoidal,True,False,,True
B,ollama__qwen2_5-coder__14b,integrate_polynomial,trapezoidal,3,format_normalized,trapezoidal,trapezoidal,True,False,,True
B,ollama__qwen2_5-coder__14b,integrate_polynomial,trapezoidal,4,format_normalized,trapezoidal,trapezoidal,True,False,,True
B,ollama__qwen2_5-coder__14b,integrate_polynomial,trapezoidal,5,format_normalized,trapezoidal,trapezoidal,True,False,,True
B,ollama__qwen2_5-coder__14b,integrate_sin_0_pi,simpson,1,format_normalized,simpson,simpson,True,False,,True
B,ollama__qwen2_5-coder__14b,integrate_sin_0_pi,simpson,2,format_normalized,simpson,simpson,True,False,,True
B,ollama__qwen2_5-coder__14b,integrate_sin_0_pi,simpson,3,format_normalized,simpson,simpson,True,False,,True
B,ollama__qwen2_5-coder__14b,integrate_sin_0_pi,simpson,4,format_normalized,simpson,simpson,True,False,,True
B,ollama__qwen2_5-coder__14b,integrate_sin_0_pi,simpson,5,format_normalized,simpson,simpson,True,False,,True
B,ollama__qwen2_5-coder__14b,integrate_sin_0_pi,trapezoidal,1,format_normalized,trapezoidal,trapezoidal,True,False,,True
B,ollama__qwen2_5-coder__14b,integrate_sin_0_pi,trapezoidal,2,format_normalized,trapezoidal,trapezoidal,True,False,,True
B,ollama__qwen2_5-coder__14b,integrate_sin_0_pi,trapezoidal,3,format_normalized,trapezoidal,trapezoidal,True,False,,True
B,ollama__qwen2_5-coder__14b,integrate_sin_0_pi,trapezoidal,4,format_normalized,trapezoidal,trapezoidal,True,False,,True
B,ollama__qwen2_5-coder__14b,integrate_sin_0_pi,trapezoidal,5,format_normalized,trapezoidal,trapezoidal,True,False,,True
B,ollama__qwen3-coder__30b,integrate_exp_0_1,simpson,1,format_normalized,simpson,simpson,True,False,,True
B,ollama__qwen3-coder__30b,integrate_exp_0_1,simpson,2,format_normalized,simpson,simpson,True,False,,True
B,ollama__qwen3-coder__30b,integrate_exp_0_1,simpson,3,format_normalized,simpson,simpson,True,False,,True
B,ollama__qwen3-coder__30b,integrate_exp_0_1,simpson,4,format_normalized,simpson,simpson,True,False,,True
B,ollama__qwen3-coder__30b,integrate_exp_0_1,simpson,5,format_normalized,simpson,simpson,True,False,,True
B,ollama__qwen3-coder__30b,integrate_exp_0_1,trapezoidal,1,format_normalized,trapezoidal,trapezoidal,True,False,,True
B,ollama__qwen3-coder__30b,integrate_exp_0_1,trapezoidal,2,format_normalized,trapezoidal,trapezoidal,True,False,,True
B,ollama__qwen3-coder__30b,integrate_exp_0_1,trapezoidal,3,format_normalized,trapezoidal,trapezoidal,True,False,,True
B,ollama__qwen3-coder__30b,integrate_exp_0_1,trapezoidal,4,format_normalized,trapezoidal,trapezoidal,True,False,,True
B,ollama__qwen3-coder__30b,integrate_exp_0_1,trapezoidal,5,format_normalized,trapezoidal,trapezoidal,True,False,,True
B,ollama__qwen3-coder__30b,integrate_polynomial,simpson,1,format_normalized,simpson,simpson,True,False,,True
B,ollama__qwen3-coder__30b,integrate_polynomial,simpson,2,format_normalized,simpson,simpson,True,False,,True
B,ollama__qwen3-coder__30b,integrate_polynomial,simpson,3,format_normalized,simpson,simpson,True,False,,True
B,ollama__qwen3-coder__30b,integrate_polynomial,simpson,4,format_normalized,simpson,simpson,True,False,,True
B,ollama__qwen3-coder__30b,integrate_polynomial,simpson,5,format_normalized,simpson,simpson,True,False,,True
B,ollama__qwen3-coder__30b,integrate_polynomial,trapezoidal,1,format_normalized,trapezoidal,trapezoidal,True,False,,True
B,ollama__qwen3-coder__30b,integrate_polynomial,trapezoidal,2,format_normalized,trapezoidal,trapezoidal,True,False,,True
B,ollama__qwen3-coder__30b,integrate_polynomial,trapezoidal,3,format_normalized,trapezoidal,trapezoidal,True,False,,True
B,ollama__qwen3-coder__30b,integrate_polynomial,trapezoidal,4,format_normalized,trapezoidal,trapezoidal,True,False,,True
B,ollama__qwen3-coder__30b,integrate_polynomial,trapezoidal,5,format_normalized,trapezoidal,trapezoidal,True,False,,True
B,ollama__qwen3-coder__30b,integrate_sin_0_pi,simpson,1,format_normalized,simpson,simpson,True,False,,True
B,ollama__qwen3-coder__30b,integrate_sin_0_pi,simpson,2,format_normalized,simpson,simpson,True,False,,True
B,ollama__qwen3-coder__30b,integrate_sin_0_pi,simpson,3,format_normalized,simpson,simpson,True,False,,True
B,ollama__qwen3-coder__30b,integrate_sin_0_pi,simpson,4,format_normalized,simpson,simpson,True,False,,True
B,ollama__qwen3-coder__30b,integrate_sin_0_pi,simpson,5,format_normalized,simpson,simpson,True,False,,True
B,ollama__qwen3-coder__30b,integrate_sin_0_pi,trapezoidal,1,format_normalized,trapezoidal,trapezoidal,True,False,,True
B,ollama__qwen3-coder__30b,integrate_sin_0_pi,trapezoidal,2,format_normalized,trapezoidal,trapezoidal,True,False,,True
B,ollama__qwen3-coder__30b,integrate_sin_0_pi,trapezoidal,3,format_normalized,trapezoidal,trapezoidal,True,False,,True
B,ollama__qwen3-coder__30b,integrate_sin_0_pi,trapezoidal,4,format_normalized,trapezoidal,trapezoidal,True,False,,True
B,ollama__qwen3-coder__30b,integrate_sin_0_pi,trapezoidal,5,format_normalized,trapezoidal,trapezoidal,True,False,,True
C,ollama__devstral__latest,mixed_signed_vector,eager,1,raw,eager,eager,True,True,True,False
C,ollama__devstral__latest,mixed_signed_vector,eager,2,raw,eager,eager,True,True,True,False
C,ollama__devstral__latest,mixed_signed_vector,eager,3,raw,eager,eager,True,True,True,False
C,ollama__devstral__latest,mixed_signed_vector,eager,4,raw,eager,eager,True,True,True,False
C,ollama__devstral__latest,mixed_signed_vector,eager,5,raw,eager,eager,True,True,True,False
C,ollama__devstral__latest,mixed_signed_vector,lazy,1,raw,lazy,lazy,True,True,True,False
C,ollama__devstral__latest,mixed_signed_vector,lazy,2,raw,lazy,lazy,True,True,True,False
C,ollama__devstral__latest,mixed_signed_vector,lazy,3,raw,lazy,lazy,True,True,True,False
C,ollama__devstral__latest,mixed_signed_vector,lazy,4,raw,lazy,lazy,True,True,True,False
C,ollama__devstral__latest,mixed_signed_vector,lazy,5,raw,lazy,lazy,True,True,True,False
C,ollama__devstral__latest,repeated_values_vector,eager,1,raw,eager,eager,True,True,True,False
C,ollama__devstral__latest,repeated_values_vector,eager,2,raw,eager,eager,True,True,True,False
C,ollama__devstral__latest,repeated_values_vector,eager,3,raw,eager,eager,True,True,True,False
C,ollama__devstral__latest,repeated_values_vector,eager,4,raw,eager,eager,True,True,True,False
C,ollama__devstral__latest,repeated_values_vector,eager,5,raw,eager,eager,True,True,True,False
C,ollama__devstral__latest,repeated_values_vector,lazy,1,raw,lazy,lazy,True,True,True,False
C,ollama__devstral__latest,repeated_values_vector,lazy,2,raw,lazy,lazy,True,True,True,False
C,ollama__devstral__latest,repeated_values_vector,lazy,3,raw,lazy,lazy,True,True,True,False
C,ollama__devstral__latest,repeated_values_vector,lazy,4,raw,lazy,lazy,True,True,True,False
C,ollama__devstral__latest,repeated_values_vector,lazy,5,raw,lazy,lazy,True,True,True,False
C,ollama__devstral__latest,small_positive_vector,eager,1,raw,eager,eager,True,True,True,False
C,ollama__devstral__latest,small_positive_vector,eager,2,raw,eager,eager,True,True,True,False
C,ollama__devstral__latest,small_positive_vector,eager,3,raw,eager,eager,True,True,True,False
C,ollama__devstral__latest,small_positive_vector,eager,4,raw,eager,eager,True,True,True,False
C,ollama__devstral__latest,small_positive_vector,eager,5,raw,eager,eager,True,True,True,False
C,ollama__devstral__latest,small_positive_vector,lazy,1,raw,lazy,lazy,True,True,True,False
C,ollama__devstral__latest,small_positive_vector,lazy,2,raw,lazy,lazy,True,True,True,False
C,ollama__devstral__latest,small_positive_vector,lazy,3,raw,lazy,lazy,True,True,True,False
C,ollama__devstral__latest,small_positive_vector,lazy,4,raw,lazy,lazy,True,True,True,False
C,ollama__devstral__latest,small_positive_vector,lazy,5,raw,lazy,lazy,True,True,True,False
C,ollama__qwen2_5-coder__14b,mixed_signed_vector,eager,1,raw,eager,eager,True,True,True,False
C,ollama__qwen2_5-coder__14b,mixed_signed_vector,eager,2,raw,eager,eager,True,True,True,False
C,ollama__qwen2_5-coder__14b,mixed_signed_vector,eager,3,raw,eager,eager,True,True,True,False
C,ollama__qwen2_5-coder__14b,mixed_signed_vector,eager,4,raw,eager,eager,True,True,True,False
C,ollama__qwen2_5-coder__14b,mixed_signed_vector,eager,5,raw,eager,eager,True,True,True,False
C,ollama__qwen2_5-coder__14b,mixed_signed_vector,lazy,1,raw,lazy,lazy,True,True,True,False
C,ollama__qwen2_5-coder__14b,mixed_signed_vector,lazy,2,raw,lazy,lazy,True,True,True,False
C,ollama__qwen2_5-coder__14b,mixed_signed_vector,lazy,3,raw,lazy,lazy,True,True,True,False
C,ollama__qwen2_5-coder__14b,mixed_signed_vector,lazy,4,raw,lazy,lazy,True,True,True,False
C,ollama__qwen2_5-coder__14b,mixed_signed_vector,lazy,5,raw,lazy,lazy,True,True,True,False
C,ollama__qwen2_5-coder__14b,repeated_values_vector,eager,1,raw,eager,eager,True,True,True,False
C,ollama__qwen2_5-coder__14b,repeated_values_vector,eager,2,raw,eager,eager,True,True,True,False
C,ollama__qwen2_5-coder__14b,repeated_values_vector,eager,3,raw,eager,eager,True,True,True,False
C,ollama__qwen2_5-coder__14b,repeated_values_vector,eager,4,raw,eager,eager,True,True,True,False
C,ollama__qwen2_5-coder__14b,repeated_values_vector,eager,5,raw,eager,eager,True,True,True,False
C,ollama__qwen2_5-coder__14b,repeated_values_vector,lazy,1,raw,lazy,lazy,True,True,True,False
C,ollama__qwen2_5-coder__14b,repeated_values_vector,lazy,2,raw,lazy,lazy,True,True,True,False
C,ollama__qwen2_5-coder__14b,repeated_values_vector,lazy,3,raw,lazy,lazy,True,True,True,False
C,ollama__qwen2_5-coder__14b,repeated_values_vector,lazy,4,raw,lazy,lazy,True,True,True,False
C,ollama__qwen2_5-coder__14b,repeated_values_vector,lazy,5,raw,lazy,lazy,True,True,True,False
C,ollama__qwen2_5-coder__14b,small_positive_vector,eager,1,raw,eager,eager,True,True,True,False
C,ollama__qwen2_5-coder__14b,small_positive_vector,eager,2,raw,eager,eager,True,True,True,False
C,ollama__qwen2_5-coder__14b,small_positive_vector,eager,3,raw,eager,eager,True,True,True,False
C,ollama__qwen2_5-coder__14b,small_positive_vector,eager,4,raw,eager,eager,True,True,True,False
C,ollama__qwen2_5-coder__14b,small_positive_vector,eager,5,raw,eager,eager,True,True,True,False
C,ollama__qwen2_5-coder__14b,small_positive_vector,lazy,1,raw,lazy,lazy,True,True,True,False
C,ollama__qwen2_5-coder__14b,small_positive_vector,lazy,2,raw,lazy,lazy,True,True,True,False
C,ollama__qwen2_5-coder__14b,small_positive_vector,lazy,3,raw,lazy,lazy,True,True,True,False
C,ollama__qwen2_5-coder__14b,small_positive_vector,lazy,4,raw,lazy,lazy,True,True,True,False
C,ollama__qwen2_5-coder__14b,small_positive_vector,lazy,5,raw,lazy,lazy,True,True,True,False
C,ollama__qwen2_5-coder__32b,mixed_signed_vector,eager,1,raw,eager,eager,True,True,True,False
C,ollama__qwen2_5-coder__32b,mixed_signed_vector,eager,2,raw,eager,eager,True,True,True,False
C,ollama__qwen2_5-coder__32b,mixed_signed_vector,eager,3,raw,eager,eager,True,True,True,False
C,ollama__qwen2_5-coder__32b,mixed_signed_vector,eager,4,raw,eager,eager,True,True,True,False
C,ollama__qwen2_5-coder__32b,mixed_signed_vector,eager,5,raw,eager,eager,True,True,True,False
C,ollama__qwen2_5-coder__32b,mixed_signed_vector,lazy,1,raw,lazy,lazy,True,True,True,False
C,ollama__qwen2_5-coder__32b,mixed_signed_vector,lazy,2,raw,lazy,lazy,True,True,True,False
C,ollama__qwen2_5-coder__32b,mixed_signed_vector,lazy,3,raw,lazy,lazy,True,True,True,False
C,ollama__qwen2_5-coder__32b,mixed_signed_vector,lazy,4,raw,lazy,lazy,True,True,True,False
C,ollama__qwen2_5-coder__32b,mixed_signed_vector,lazy,5,raw,lazy,lazy,True,True,True,False
C,ollama__qwen2_5-coder__32b,repeated_values_vector,eager,1,raw,eager,eager,True,True,True,False
C,ollama__qwen2_5-coder__32b,repeated_values_vector,eager,2,raw,eager,eager,True,True,True,False
C,ollama__qwen2_5-coder__32b,repeated_values_vector,eager,3,raw,eager,eager,True,True,True,False
C,ollama__qwen2_5-coder__32b,repeated_values_vector,eager,4,raw,eager,eager,True,True,True,False
C,ollama__qwen2_5-coder__32b,repeated_values_vector,eager,5,raw,eager,eager,True,True,True,False
C,ollama__qwen2_5-coder__32b,repeated_values_vector,lazy,1,raw,lazy,lazy,True,True,True,False
C,ollama__qwen2_5-coder__32b,repeated_values_vector,lazy,2,raw,lazy,lazy,True,True,True,False
C,ollama__qwen2_5-coder__32b,repeated_values_vector,lazy,3,raw,lazy,lazy,True,True,True,False
C,ollama__qwen2_5-coder__32b,repeated_values_vector,lazy,4,raw,lazy,lazy,True,True,True,False
C,ollama__qwen2_5-coder__32b,repeated_values_vector,lazy,5,raw,lazy,lazy,True,True,True,False
C,ollama__qwen2_5-coder__32b,small_positive_vector,eager,1,raw,eager,eager,True,True,True,False
C,ollama__qwen2_5-coder__32b,small_positive_vector,eager,2,raw,eager,eager,True,True,True,False
C,ollama__qwen2_5-coder__32b,small_positive_vector,eager,3,raw,eager,eager,True,True,True,False
C,ollama__qwen2_5-coder__32b,small_positive_vector,eager,4,raw,eager,eager,True,True,True,False
C,ollama__qwen2_5-coder__32b,small_positive_vector,eager,5,raw,eager,eager,True,True,True,False
C,ollama__qwen2_5-coder__32b,small_positive_vector,lazy,1,raw,lazy,lazy,True,True,True,False
C,ollama__qwen2_5-coder__32b,small_positive_vector,lazy,2,raw,lazy,lazy,True,True,True,False
C,ollama__qwen2_5-coder__32b,small_positive_vector,lazy,3,raw,lazy,lazy,True,True,True,False
C,ollama__qwen2_5-coder__32b,small_positive_vector,lazy,4,raw,lazy,lazy,True,True,True,False
C,ollama__qwen2_5-coder__32b,small_positive_vector,lazy,5,raw,lazy,lazy,True,True,True,False
C,ollama__qwen3-coder__30b,mixed_signed_vector,eager,1,raw,eager,eager,True,True,True,False
C,ollama__qwen3-coder__30b,mixed_signed_vector,eager,2,raw,eager,eager,True,True,True,False
C,ollama__qwen3-coder__30b,mixed_signed_vector,eager,3,raw,eager,eager,True,True,True,False
C,ollama__qwen3-coder__30b,mixed_signed_vector,eager,4,raw,eager,eager,True,True,True,False
C,ollama__qwen3-coder__30b,mixed_signed_vector,eager,5,raw,eager,eager,True,True,True,False
C,ollama__qwen3-coder__30b,mixed_signed_vector,lazy,1,raw,lazy,lazy,True,True,True,False
C,ollama__qwen3-coder__30b,mixed_signed_vector,lazy,2,raw,lazy,lazy,True,True,True,False
C,ollama__qwen3-coder__30b,mixed_signed_vector,lazy,3,raw,lazy,lazy,True,True,True,False
C,ollama__qwen3-coder__30b,mixed_signed_vector,lazy,4,raw,lazy,lazy,True,True,True,False
C,ollama__qwen3-coder__30b,mixed_signed_vector,lazy,5,raw,lazy,lazy,True,True,True,False
C,ollama__qwen3-coder__30b,repeated_values_vector,eager,1,raw,eager,eager,True,True,True,False
C,ollama__qwen3-coder__30b,repeated_values_vector,eager,2,raw,eager,eager,True,True,True,False
C,ollama__qwen3-coder__30b,repeated_values_vector,eager,3,raw,eager,eager,True,True,True,False
C,ollama__qwen3-coder__30b,repeated_values_vector,eager,4,raw,eager,eager,True,True,True,False
C,ollama__qwen3-coder__30b,repeated_values_vector,eager,5,raw,eager,eager,True,True,True,False
C,ollama__qwen3-coder__30b,repeated_values_vector,lazy,1,raw,lazy,lazy,True,True,True,False
C,ollama__qwen3-coder__30b,repeated_values_vector,lazy,2,raw,lazy,lazy,True,True,True,False
C,ollama__qwen3-coder__30b,repeated_values_vector,lazy,3,raw,lazy,lazy,True,True,True,False
C,ollama__qwen3-coder__30b,repeated_values_vector,lazy,4,raw,lazy,lazy,True,True,True,False
C,ollama__qwen3-coder__30b,repeated_values_vector,lazy,5,raw,lazy,lazy,True,True,True,False
C,ollama__qwen3-coder__30b,small_positive_vector,eager,1,raw,eager,eager,True,True,True,False
C,ollama__qwen3-coder__30b,small_positive_vector,eager,2,raw,eager,eager,True,True,True,False
C,ollama__qwen3-coder__30b,small_positive_vector,eager,3,raw,eager,eager,True,True,True,False
C,ollama__qwen3-coder__30b,small_positive_vector,eager,4,raw,eager,eager,True,True,True,False
C,ollama__qwen3-coder__30b,small_positive_vector,eager,5,raw,eager,eager,True,True,True,False
C,ollama__qwen3-coder__30b,small_positive_vector,lazy,1,raw,lazy,lazy,True,True,True,False
C,ollama__qwen3-coder__30b,small_positive_vector,lazy,2,raw,lazy,lazy,True,True,True,False
C,ollama__qwen3-coder__30b,small_positive_vector,lazy,3,raw,lazy,lazy,True,True,True,False
C,ollama__qwen3-coder__30b,small_positive_vector,lazy,4,raw,lazy,lazy,True,True,True,False
C,ollama__qwen3-coder__30b,small_positive_vector,lazy,5,raw,lazy,lazy,True,True,True,False
C,ollama__devstral__latest,mixed_signed_vector,eager,1,no_comments,eager,eager,True,True,True,False
C,ollama__devstral__latest,mixed_signed_vector,eager,2,no_comments,eager,eager,True,True,True,False
C,ollama__devstral__latest,mixed_signed_vector,eager,3,no_comments,eager,eager,True,True,True,False
C,ollama__devstral__latest,mixed_signed_vector,eager,4,no_comments,eager,eager,True,True,True,False
C,ollama__devstral__latest,mixed_signed_vector,eager,5,no_comments,eager,eager,True,True,True,False
C,ollama__devstral__latest,mixed_signed_vector,lazy,1,no_comments,lazy,lazy,True,True,True,False
C,ollama__devstral__latest,mixed_signed_vector,lazy,2,no_comments,lazy,lazy,True,True,True,False
C,ollama__devstral__latest,mixed_signed_vector,lazy,3,no_comments,lazy,lazy,True,True,True,False
C,ollama__devstral__latest,mixed_signed_vector,lazy,4,no_comments,lazy,lazy,True,True,True,False
C,ollama__devstral__latest,mixed_signed_vector,lazy,5,no_comments,lazy,lazy,True,True,True,False
C,ollama__devstral__latest,repeated_values_vector,eager,1,no_comments,eager,eager,True,True,True,False
C,ollama__devstral__latest,repeated_values_vector,eager,2,no_comments,eager,eager,True,True,True,False
C,ollama__devstral__latest,repeated_values_vector,eager,3,no_comments,eager,eager,True,True,True,False
C,ollama__devstral__latest,repeated_values_vector,eager,4,no_comments,eager,eager,True,True,True,False
C,ollama__devstral__latest,repeated_values_vector,eager,5,no_comments,eager,eager,True,True,True,False
C,ollama__devstral__latest,repeated_values_vector,lazy,1,no_comments,lazy,lazy,True,True,True,False
C,ollama__devstral__latest,repeated_values_vector,lazy,2,no_comments,lazy,lazy,True,True,True,False
C,ollama__devstral__latest,repeated_values_vector,lazy,3,no_comments,lazy,lazy,True,True,True,False
C,ollama__devstral__latest,repeated_values_vector,lazy,4,no_comments,lazy,lazy,True,True,True,False
C,ollama__devstral__latest,repeated_values_vector,lazy,5,no_comments,lazy,lazy,True,True,True,False
C,ollama__devstral__latest,small_positive_vector,eager,1,no_comments,eager,eager,True,True,True,False
C,ollama__devstral__latest,small_positive_vector,eager,2,no_comments,eager,eager,True,True,True,False
C,ollama__devstral__latest,small_positive_vector,eager,3,no_comments,eager,eager,True,True,True,False
C,ollama__devstral__latest,small_positive_vector,eager,4,no_comments,eager,eager,True,True,True,False
C,ollama__devstral__latest,small_positive_vector,eager,5,no_comments,eager,eager,True,True,True,False
C,ollama__devstral__latest,small_positive_vector,lazy,1,no_comments,lazy,lazy,True,True,True,False
C,ollama__devstral__latest,small_positive_vector,lazy,2,no_comments,lazy,lazy,True,True,True,False
C,ollama__devstral__latest,small_positive_vector,lazy,3,no_comments,lazy,lazy,True,True,True,False
C,ollama__devstral__latest,small_positive_vector,lazy,4,no_comments,lazy,lazy,True,True,True,False
C,ollama__devstral__latest,small_positive_vector,lazy,5,no_comments,lazy,lazy,True,True,True,False
C,ollama__qwen2_5-coder__14b,mixed_signed_vector,eager,1,no_comments,eager,eager,True,True,True,False
C,ollama__qwen2_5-coder__14b,mixed_signed_vector,eager,2,no_comments,eager,eager,True,True,True,False
C,ollama__qwen2_5-coder__14b,mixed_signed_vector,eager,3,no_comments,eager,eager,True,True,True,False
C,ollama__qwen2_5-coder__14b,mixed_signed_vector,eager,4,no_comments,eager,eager,True,True,True,False
C,ollama__qwen2_5-coder__14b,mixed_signed_vector,eager,5,no_comments,eager,eager,True,True,True,False
C,ollama__qwen2_5-coder__14b,mixed_signed_vector,lazy,1,no_comments,lazy,lazy,True,True,True,False
C,ollama__qwen2_5-coder__14b,mixed_signed_vector,lazy,2,no_comments,lazy,lazy,True,True,True,False
C,ollama__qwen2_5-coder__14b,mixed_signed_vector,lazy,3,no_comments,lazy,lazy,True,True,True,False
C,ollama__qwen2_5-coder__14b,mixed_signed_vector,lazy,4,no_comments,lazy,lazy,True,True,True,False
C,ollama__qwen2_5-coder__14b,mixed_signed_vector,lazy,5,no_comments,lazy,lazy,True,True,True,False
C,ollama__qwen2_5-coder__14b,repeated_values_vector,eager,1,no_comments,eager,eager,True,True,True,False
C,ollama__qwen2_5-coder__14b,repeated_values_vector,eager,2,no_comments,eager,eager,True,True,True,False
C,ollama__qwen2_5-coder__14b,repeated_values_vector,eager,3,no_comments,eager,eager,True,True,True,False
C,ollama__qwen2_5-coder__14b,repeated_values_vector,eager,4,no_comments,eager,eager,True,True,True,False
C,ollama__qwen2_5-coder__14b,repeated_values_vector,eager,5,no_comments,eager,eager,True,True,True,False
C,ollama__qwen2_5-coder__14b,repeated_values_vector,lazy,1,no_comments,lazy,lazy,True,True,True,False
C,ollama__qwen2_5-coder__14b,repeated_values_vector,lazy,2,no_comments,lazy,lazy,True,True,True,False
C,ollama__qwen2_5-coder__14b,repeated_values_vector,lazy,3,no_comments,lazy,lazy,True,True,True,False
C,ollama__qwen2_5-coder__14b,repeated_values_vector,lazy,4,no_comments,lazy,lazy,True,True,True,False
C,ollama__qwen2_5-coder__14b,repeated_values_vector,lazy,5,no_comments,lazy,lazy,True,True,True,False
C,ollama__qwen2_5-coder__14b,small_positive_vector,eager,1,no_comments,eager,eager,True,True,True,False
C,ollama__qwen2_5-coder__14b,small_positive_vector,eager,2,no_comments,eager,eager,True,True,True,False
C,ollama__qwen2_5-coder__14b,small_positive_vector,eager,3,no_comments,eager,eager,True,True,True,False
C,ollama__qwen2_5-coder__14b,small_positive_vector,eager,4,no_comments,eager,eager,True,True,True,False
C,ollama__qwen2_5-coder__14b,small_positive_vector,eager,5,no_comments,eager,eager,True,True,True,False
C,ollama__qwen2_5-coder__14b,small_positive_vector,lazy,1,no_comments,lazy,lazy,True,True,True,False
C,ollama__qwen2_5-coder__14b,small_positive_vector,lazy,2,no_comments,lazy,lazy,True,True,True,False
C,ollama__qwen2_5-coder__14b,small_positive_vector,lazy,3,no_comments,lazy,lazy,True,True,True,False
C,ollama__qwen2_5-coder__14b,small_positive_vector,lazy,4,no_comments,lazy,lazy,True,True,True,False
C,ollama__qwen2_5-coder__14b,small_positive_vector,lazy,5,no_comments,lazy,lazy,True,True,True,False
C,ollama__qwen2_5-coder__32b,mixed_signed_vector,eager,1,no_comments,eager,eager,True,True,True,False
C,ollama__qwen2_5-coder__32b,mixed_signed_vector,eager,2,no_comments,eager,eager,True,True,True,False
C,ollama__qwen2_5-coder__32b,mixed_signed_vector,eager,3,no_comments,eager,eager,True,True,True,False
C,ollama__qwen2_5-coder__32b,mixed_signed_vector,eager,4,no_comments,eager,eager,True,True,True,False
C,ollama__qwen2_5-coder__32b,mixed_signed_vector,eager,5,no_comments,eager,eager,True,True,True,False
C,ollama__qwen2_5-coder__32b,mixed_signed_vector,lazy,1,no_comments,lazy,lazy,True,True,True,False
C,ollama__qwen2_5-coder__32b,mixed_signed_vector,lazy,2,no_comments,lazy,lazy,True,True,True,False
C,ollama__qwen2_5-coder__32b,mixed_signed_vector,lazy,3,no_comments,lazy,lazy,True,True,True,False
C,ollama__qwen2_5-coder__32b,mixed_signed_vector,lazy,4,no_comments,lazy,lazy,True,True,True,False
C,ollama__qwen2_5-coder__32b,mixed_signed_vector,lazy,5,no_comments,lazy,lazy,True,True,True,False
C,ollama__qwen2_5-coder__32b,repeated_values_vector,eager,1,no_comments,eager,eager,True,True,True,False
C,ollama__qwen2_5-coder__32b,repeated_values_vector,eager,2,no_comments,eager,eager,True,True,True,False
C,ollama__qwen2_5-coder__32b,repeated_values_vector,eager,3,no_comments,eager,eager,True,True,True,False
C,ollama__qwen2_5-coder__32b,repeated_values_vector,eager,4,no_comments,eager,eager,True,True,True,False
C,ollama__qwen2_5-coder__32b,repeated_values_vector,eager,5,no_comments,eager,eager,True,True,True,False
C,ollama__qwen2_5-coder__32b,repeated_values_vector,lazy,1,no_comments,lazy,lazy,True,True,True,False
C,ollama__qwen2_5-coder__32b,repeated_values_vector,lazy,2,no_comments,lazy,lazy,True,True,True,False
C,ollama__qwen2_5-coder__32b,repeated_values_vector,lazy,3,no_comments,lazy,lazy,True,True,True,False
C,ollama__qwen2_5-coder__32b,repeated_values_vector,lazy,4,no_comments,lazy,lazy,True,True,True,False
C,ollama__qwen2_5-coder__32b,repeated_values_vector,lazy,5,no_comments,lazy,lazy,True,True,True,False
C,ollama__qwen2_5-coder__32b,small_positive_vector,eager,1,no_comments,eager,eager,True,True,True,False
C,ollama__qwen2_5-coder__32b,small_positive_vector,eager,2,no_comments,eager,eager,True,True,True,False
C,ollama__qwen2_5-coder__32b,small_positive_vector,eager,3,no_comments,eager,eager,True,True,True,False
C,ollama__qwen2_5-coder__32b,small_positive_vector,eager,4,no_comments,eager,eager,True,True,True,False
C,ollama__qwen2_5-coder__32b,small_positive_vector,eager,5,no_comments,eager,eager,True,True,True,False
C,ollama__qwen2_5-coder__32b,small_positive_vector,lazy,1,no_comments,lazy,lazy,True,True,True,False
C,ollama__qwen2_5-coder__32b,small_positive_vector,lazy,2,no_comments,lazy,lazy,True,True,True,False
C,ollama__qwen2_5-coder__32b,small_positive_vector,lazy,3,no_comments,lazy,lazy,True,True,True,False
C,ollama__qwen2_5-coder__32b,small_positive_vector,lazy,4,no_comments,lazy,lazy,True,True,True,False
C,ollama__qwen2_5-coder__32b,small_positive_vector,lazy,5,no_comments,lazy,lazy,True,True,True,False
C,ollama__qwen3-coder__30b,mixed_signed_vector,eager,1,no_comments,eager,eager,True,True,True,False
C,ollama__qwen3-coder__30b,mixed_signed_vector,eager,2,no_comments,eager,eager,True,True,True,False
C,ollama__qwen3-coder__30b,mixed_signed_vector,eager,3,no_comments,eager,eager,True,True,True,False
C,ollama__qwen3-coder__30b,mixed_signed_vector,eager,4,no_comments,eager,eager,True,True,True,False
C,ollama__qwen3-coder__30b,mixed_signed_vector,eager,5,no_comments,eager,eager,True,True,True,False
C,ollama__qwen3-coder__30b,mixed_signed_vector,lazy,1,no_comments,lazy,lazy,True,True,True,False
C,ollama__qwen3-coder__30b,mixed_signed_vector,lazy,2,no_comments,lazy,lazy,True,True,True,False
C,ollama__qwen3-coder__30b,mixed_signed_vector,lazy,3,no_comments,lazy,lazy,True,True,True,False
C,ollama__qwen3-coder__30b,mixed_signed_vector,lazy,4,no_comments,lazy,lazy,True,True,True,False
C,ollama__qwen3-coder__30b,mixed_signed_vector,lazy,5,no_comments,lazy,lazy,True,True,True,False
C,ollama__qwen3-coder__30b,repeated_values_vector,eager,1,no_comments,eager,eager,True,True,True,False
C,ollama__qwen3-coder__30b,repeated_values_vector,eager,2,no_comments,eager,eager,True,True,True,False
C,ollama__qwen3-coder__30b,repeated_values_vector,eager,3,no_comments,eager,eager,True,True,True,False
C,ollama__qwen3-coder__30b,repeated_values_vector,eager,4,no_comments,eager,eager,True,True,True,False
C,ollama__qwen3-coder__30b,repeated_values_vector,eager,5,no_comments,eager,eager,True,True,True,False
C,ollama__qwen3-coder__30b,repeated_values_vector,lazy,1,no_comments,lazy,lazy,True,True,True,False
C,ollama__qwen3-coder__30b,repeated_values_vector,lazy,2,no_comments,lazy,lazy,True,True,True,False
C,ollama__qwen3-coder__30b,repeated_values_vector,lazy,3,no_comments,lazy,lazy,True,True,True,False
C,ollama__qwen3-coder__30b,repeated_values_vector,lazy,4,no_comments,lazy,lazy,True,True,True,False
C,ollama__qwen3-coder__30b,repeated_values_vector,lazy,5,no_comments,lazy,lazy,True,True,True,False
C,ollama__qwen3-coder__30b,small_positive_vector,eager,1,no_comments,eager,eager,True,True,True,False
C,ollama__qwen3-coder__30b,small_positive_vector,eager,2,no_comments,eager,eager,True,True,True,False
C,ollama__qwen3-coder__30b,small_positive_vector,eager,3,no_comments,eager,eager,True,True,True,False
C,ollama__qwen3-coder__30b,small_positive_vector,eager,4,no_comments,eager,eager,True,True,True,False
C,ollama__qwen3-coder__30b,small_positive_vector,eager,5,no_comments,eager,eager,True,True,True,False
C,ollama__qwen3-coder__30b,small_positive_vector,lazy,1,no_comments,lazy,lazy,True,True,True,False
C,ollama__qwen3-coder__30b,small_positive_vector,lazy,2,no_comments,lazy,lazy,True,True,True,False
C,ollama__qwen3-coder__30b,small_positive_vector,lazy,3,no_comments,lazy,lazy,True,True,True,False
C,ollama__qwen3-coder__30b,small_positive_vector,lazy,4,no_comments,lazy,lazy,True,True,True,False
C,ollama__qwen3-coder__30b,small_positive_vector,lazy,5,no_comments,lazy,lazy,True,True,True,False
C,ollama__devstral__latest,mixed_signed_vector,eager,1,renamed,eager,eager,True,False,,True
C,ollama__devstral__latest,mixed_signed_vector,eager,2,renamed,eager,eager,True,False,,True
C,ollama__devstral__latest,mixed_signed_vector,eager,3,renamed,eager,eager,True,False,,True
C,ollama__devstral__latest,mixed_signed_vector,eager,4,renamed,eager,eager,True,False,,True
C,ollama__devstral__latest,mixed_signed_vector,eager,5,renamed,eager,eager,True,False,,True
C,ollama__devstral__latest,mixed_signed_vector,lazy,1,renamed,lazy,lazy,True,False,,True
C,ollama__devstral__latest,mixed_signed_vector,lazy,2,renamed,lazy,lazy,True,False,,True
C,ollama__devstral__latest,mixed_signed_vector,lazy,3,renamed,lazy,lazy,True,False,,True
C,ollama__devstral__latest,mixed_signed_vector,lazy,4,renamed,lazy,lazy,True,False,,True
C,ollama__devstral__latest,mixed_signed_vector,lazy,5,renamed,lazy,lazy,True,False,,True
C,ollama__devstral__latest,repeated_values_vector,eager,1,renamed,eager,eager,True,False,,True
C,ollama__devstral__latest,repeated_values_vector,eager,2,renamed,eager,eager,True,False,,True
C,ollama__devstral__latest,repeated_values_vector,eager,3,renamed,eager,eager,True,False,,True
C,ollama__devstral__latest,repeated_values_vector,eager,4,renamed,eager,eager,True,False,,True
C,ollama__devstral__latest,repeated_values_vector,eager,5,renamed,eager,eager,True,False,,True
C,ollama__devstral__latest,repeated_values_vector,lazy,1,renamed,lazy,lazy,True,False,,True
C,ollama__devstral__latest,repeated_values_vector,lazy,2,renamed,lazy,lazy,True,False,,True
C,ollama__devstral__latest,repeated_values_vector,lazy,3,renamed,lazy,lazy,True,False,,True
C,ollama__devstral__latest,repeated_values_vector,lazy,4,renamed,lazy,lazy,True,False,,True
C,ollama__devstral__latest,repeated_values_vector,lazy,5,renamed,lazy,lazy,True,False,,True
C,ollama__devstral__latest,small_positive_vector,eager,1,renamed,eager,eager,True,False,,True
C,ollama__devstral__latest,small_positive_vector,eager,2,renamed,eager,eager,True,False,,True
C,ollama__devstral__latest,small_positive_vector,eager,3,renamed,eager,eager,True,False,,True
C,ollama__devstral__latest,small_positive_vector,eager,4,renamed,eager,eager,True,False,,True
C,ollama__devstral__latest,small_positive_vector,eager,5,renamed,eager,eager,True,False,,True
C,ollama__devstral__latest,small_positive_vector,lazy,1,renamed,lazy,lazy,True,False,,True
C,ollama__devstral__latest,small_positive_vector,lazy,2,renamed,lazy,lazy,True,False,,True
C,ollama__devstral__latest,small_positive_vector,lazy,3,renamed,lazy,lazy,True,False,,True
C,ollama__devstral__latest,small_positive_vector,lazy,4,renamed,lazy,lazy,True,False,,True
C,ollama__devstral__latest,small_positive_vector,lazy,5,renamed,lazy,lazy,True,False,,True
C,ollama__qwen2_5-coder__14b,mixed_signed_vector,eager,1,renamed,eager,eager,True,False,,True
C,ollama__qwen2_5-coder__14b,mixed_signed_vector,eager,2,renamed,eager,eager,True,False,,True
C,ollama__qwen2_5-coder__14b,mixed_signed_vector,eager,3,renamed,eager,eager,True,False,,True
C,ollama__qwen2_5-coder__14b,mixed_signed_vector,eager,4,renamed,eager,eager,True,False,,True
C,ollama__qwen2_5-coder__14b,mixed_signed_vector,eager,5,renamed,eager,eager,True,False,,True
C,ollama__qwen2_5-coder__14b,mixed_signed_vector,lazy,1,renamed,lazy,lazy,True,False,,True
C,ollama__qwen2_5-coder__14b,mixed_signed_vector,lazy,2,renamed,lazy,lazy,True,False,,True
C,ollama__qwen2_5-coder__14b,mixed_signed_vector,lazy,3,renamed,lazy,lazy,True,False,,True
C,ollama__qwen2_5-coder__14b,mixed_signed_vector,lazy,4,renamed,lazy,lazy,True,False,,True
C,ollama__qwen2_5-coder__14b,mixed_signed_vector,lazy,5,renamed,lazy,lazy,True,False,,True
C,ollama__qwen2_5-coder__14b,repeated_values_vector,eager,1,renamed,eager,eager,True,False,,True
C,ollama__qwen2_5-coder__14b,repeated_values_vector,eager,2,renamed,eager,eager,True,False,,True
C,ollama__qwen2_5-coder__14b,repeated_values_vector,eager,3,renamed,eager,eager,True,False,,True
C,ollama__qwen2_5-coder__14b,repeated_values_vector,eager,4,renamed,eager,eager,True,False,,True
C,ollama__qwen2_5-coder__14b,repeated_values_vector,eager,5,renamed,eager,eager,True,False,,True
C,ollama__qwen2_5-coder__14b,repeated_values_vector,lazy,1,renamed,lazy,lazy,True,False,,True
C,ollama__qwen2_5-coder__14b,repeated_values_vector,lazy,2,renamed,lazy,lazy,True,False,,True
C,ollama__qwen2_5-coder__14b,repeated_values_vector,lazy,3,renamed,lazy,lazy,True,False,,True
C,ollama__qwen2_5-coder__14b,repeated_values_vector,lazy,4,renamed,lazy,lazy,True,False,,True
C,ollama__qwen2_5-coder__14b,repeated_values_vector,lazy,5,renamed,lazy,lazy,True,False,,True
C,ollama__qwen2_5-coder__14b,small_positive_vector,eager,1,renamed,eager,eager,True,False,,True
C,ollama__qwen2_5-coder__14b,small_positive_vector,eager,2,renamed,eager,eager,True,False,,True
C,ollama__qwen2_5-coder__14b,small_positive_vector,eager,3,renamed,eager,eager,True,False,,True
C,ollama__qwen2_5-coder__14b,small_positive_vector,eager,4,renamed,eager,eager,True,False,,True
C,ollama__qwen2_5-coder__14b,small_positive_vector,eager,5,renamed,eager,eager,True,False,,True
C,ollama__qwen2_5-coder__14b,small_positive_vector,lazy,1,renamed,lazy,lazy,True,False,,True
C,ollama__qwen2_5-coder__14b,small_positive_vector,lazy,2,renamed,lazy,lazy,True,False,,True
C,ollama__qwen2_5-coder__14b,small_positive_vector,lazy,3,renamed,lazy,lazy,True,False,,True
C,ollama__qwen2_5-coder__14b,small_positive_vector,lazy,4,renamed,lazy,lazy,True,False,,True
C,ollama__qwen2_5-coder__14b,small_positive_vector,lazy,5,renamed,lazy,lazy,True,False,,True
C,ollama__qwen2_5-coder__32b,mixed_signed_vector,eager,1,renamed,eager,eager,True,False,,True
C,ollama__qwen2_5-coder__32b,mixed_signed_vector,eager,2,renamed,eager,eager,True,False,,True
C,ollama__qwen2_5-coder__32b,mixed_signed_vector,eager,3,renamed,eager,eager,True,False,,True
C,ollama__qwen2_5-coder__32b,mixed_signed_vector,eager,4,renamed,eager,eager,True,False,,True
C,ollama__qwen2_5-coder__32b,mixed_signed_vector,eager,5,renamed,eager,eager,True,False,,True
C,ollama__qwen2_5-coder__32b,mixed_signed_vector,lazy,1,renamed,lazy,lazy,True,False,,True
C,ollama__qwen2_5-coder__32b,mixed_signed_vector,lazy,2,renamed,lazy,lazy,True,False,,True
C,ollama__qwen2_5-coder__32b,mixed_signed_vector,lazy,3,renamed,lazy,lazy,True,False,,True
C,ollama__qwen2_5-coder__32b,mixed_signed_vector,lazy,4,renamed,lazy,lazy,True,False,,True
C,ollama__qwen2_5-coder__32b,mixed_signed_vector,lazy,5,renamed,lazy,lazy,True,False,,True
C,ollama__qwen2_5-coder__32b,repeated_values_vector,eager,1,renamed,eager,eager,True,False,,True
C,ollama__qwen2_5-coder__32b,repeated_values_vector,eager,2,renamed,eager,eager,True,False,,True
C,ollama__qwen2_5-coder__32b,repeated_values_vector,eager,3,renamed,eager,eager,True,False,,True
C,ollama__qwen2_5-coder__32b,repeated_values_vector,eager,4,renamed,eager,eager,True,False,,True
C,ollama__qwen2_5-coder__32b,repeated_values_vector,eager,5,renamed,eager,eager,True,False,,True
C,ollama__qwen2_5-coder__32b,repeated_values_vector,lazy,1,renamed,lazy,lazy,True,False,,True
C,ollama__qwen2_5-coder__32b,repeated_values_vector,lazy,2,renamed,lazy,lazy,True,False,,True
C,ollama__qwen2_5-coder__32b,repeated_values_vector,lazy,3,renamed,lazy,lazy,True,False,,True
C,ollama__qwen2_5-coder__32b,repeated_values_vector,lazy,4,renamed,lazy,lazy,True,False,,True
C,ollama__qwen2_5-coder__32b,repeated_values_vector,lazy,5,renamed,lazy,lazy,True,False,,True
C,ollama__qwen2_5-coder__32b,small_positive_vector,eager,1,renamed,eager,eager,True,False,,True
C,ollama__qwen2_5-coder__32b,small_positive_vector,eager,2,renamed,eager,eager,True,False,,True
C,ollama__qwen2_5-coder__32b,small_positive_vector,eager,3,renamed,eager,eager,True,False,,True
C,ollama__qwen2_5-coder__32b,small_positive_vector,eager,4,renamed,eager,eager,True,False,,True
C,ollama__qwen2_5-coder__32b,small_positive_vector,eager,5,renamed,eager,eager,True,False,,True
C,ollama__qwen2_5-coder__32b,small_positive_vector,lazy,1,renamed,lazy,lazy,True,False,,True
C,ollama__qwen2_5-coder__32b,small_positive_vector,lazy,2,renamed,lazy,lazy,True,False,,True
C,ollama__qwen2_5-coder__32b,small_positive_vector,lazy,3,renamed,lazy,lazy,True,False,,True
C,ollama__qwen2_5-coder__32b,small_positive_vector,lazy,4,renamed,lazy,lazy,True,False,,True
C,ollama__qwen2_5-coder__32b,small_positive_vector,lazy,5,renamed,lazy,lazy,True,False,,True
C,ollama__qwen3-coder__30b,mixed_signed_vector,eager,1,renamed,eager,eager,True,False,,True
C,ollama__qwen3-coder__30b,mixed_signed_vector,eager,2,renamed,eager,eager,True,False,,True
C,ollama__qwen3-coder__30b,mixed_signed_vector,eager,3,renamed,eager,eager,True,False,,True
C,ollama__qwen3-coder__30b,mixed_signed_vector,eager,4,renamed,eager,eager,True,False,,True
C,ollama__qwen3-coder__30b,mixed_signed_vector,eager,5,renamed,eager,eager,True,False,,True
C,ollama__qwen3-coder__30b,mixed_signed_vector,lazy,1,renamed,lazy,ambiguous,False,False,,True
C,ollama__qwen3-coder__30b,mixed_signed_vector,lazy,2,renamed,lazy,ambiguous,False,False,,True
C,ollama__qwen3-coder__30b,mixed_signed_vector,lazy,3,renamed,lazy,ambiguous,False,False,,True
C,ollama__qwen3-coder__30b,mixed_signed_vector,lazy,4,renamed,lazy,ambiguous,False,False,,True
C,ollama__qwen3-coder__30b,mixed_signed_vector,lazy,5,renamed,lazy,ambiguous,False,False,,True
C,ollama__qwen3-coder__30b,repeated_values_vector,eager,1,renamed,eager,eager,True,False,,True
C,ollama__qwen3-coder__30b,repeated_values_vector,eager,2,renamed,eager,eager,True,False,,True
C,ollama__qwen3-coder__30b,repeated_values_vector,eager,3,renamed,eager,eager,True,False,,True
C,ollama__qwen3-coder__30b,repeated_values_vector,eager,4,renamed,eager,eager,True,False,,True
C,ollama__qwen3-coder__30b,repeated_values_vector,eager,5,renamed,eager,eager,True,False,,True
C,ollama__qwen3-coder__30b,repeated_values_vector,lazy,1,renamed,lazy,ambiguous,False,False,,True
C,ollama__qwen3-coder__30b,repeated_values_vector,lazy,2,renamed,lazy,ambiguous,False,False,,True
C,ollama__qwen3-coder__30b,repeated_values_vector,lazy,3,renamed,lazy,ambiguous,False,False,,True
C,ollama__qwen3-coder__30b,repeated_values_vector,lazy,4,renamed,lazy,ambiguous,False,False,,True
C,ollama__qwen3-coder__30b,repeated_values_vector,lazy,5,renamed,lazy,ambiguous,False,False,,True
C,ollama__qwen3-coder__30b,small_positive_vector,eager,1,renamed,eager,eager,True,False,,True
C,ollama__qwen3-coder__30b,small_positive_vector,eager,2,renamed,eager,eager,True,False,,True
C,ollama__qwen3-coder__30b,small_positive_vector,eager,3,renamed,eager,eager,True,False,,True
C,ollama__qwen3-coder__30b,small_positive_vector,eager,4,renamed,eager,eager,True,False,,True
C,ollama__qwen3-coder__30b,small_positive_vector,eager,5,renamed,eager,eager,True,False,,True
C,ollama__qwen3-coder__30b,small_positive_vector,lazy,1,renamed,lazy,ambiguous,False,False,,True
C,ollama__qwen3-coder__30b,small_positive_vector,lazy,2,renamed,lazy,ambiguous,False,False,,True
C,ollama__qwen3-coder__30b,small_positive_vector,lazy,3,renamed,lazy,ambiguous,False,False,,True
C,ollama__qwen3-coder__30b,small_positive_vector,lazy,4,renamed,lazy,ambiguous,False,False,,True
C,ollama__qwen3-coder__30b,small_positive_vector,lazy,5,renamed,lazy,ambiguous,False,False,,True
C,ollama__devstral__latest,mixed_signed_vector,eager,1,no_imports,eager,eager,True,False,,True
C,ollama__devstral__latest,mixed_signed_vector,eager,2,no_imports,eager,eager,True,False,,True
C,ollama__devstral__latest,mixed_signed_vector,eager,3,no_imports,eager,eager,True,False,,True
C,ollama__devstral__latest,mixed_signed_vector,eager,4,no_imports,eager,eager,True,False,,True
C,ollama__devstral__latest,mixed_signed_vector,eager,5,no_imports,eager,eager,True,False,,True
C,ollama__devstral__latest,mixed_signed_vector,lazy,1,no_imports,lazy,lazy,True,False,,True
C,ollama__devstral__latest,mixed_signed_vector,lazy,2,no_imports,lazy,lazy,True,False,,True
C,ollama__devstral__latest,mixed_signed_vector,lazy,3,no_imports,lazy,lazy,True,False,,True
C,ollama__devstral__latest,mixed_signed_vector,lazy,4,no_imports,lazy,lazy,True,False,,True
C,ollama__devstral__latest,mixed_signed_vector,lazy,5,no_imports,lazy,lazy,True,False,,True
C,ollama__devstral__latest,repeated_values_vector,eager,1,no_imports,eager,eager,True,False,,True
C,ollama__devstral__latest,repeated_values_vector,eager,2,no_imports,eager,eager,True,False,,True
C,ollama__devstral__latest,repeated_values_vector,eager,3,no_imports,eager,eager,True,False,,True
C,ollama__devstral__latest,repeated_values_vector,eager,4,no_imports,eager,eager,True,False,,True
C,ollama__devstral__latest,repeated_values_vector,eager,5,no_imports,eager,eager,True,False,,True
C,ollama__devstral__latest,repeated_values_vector,lazy,1,no_imports,lazy,lazy,True,False,,True
C,ollama__devstral__latest,repeated_values_vector,lazy,2,no_imports,lazy,lazy,True,False,,True
C,ollama__devstral__latest,repeated_values_vector,lazy,3,no_imports,lazy,lazy,True,False,,True
C,ollama__devstral__latest,repeated_values_vector,lazy,4,no_imports,lazy,lazy,True,False,,True
C,ollama__devstral__latest,repeated_values_vector,lazy,5,no_imports,lazy,lazy,True,False,,True
C,ollama__devstral__latest,small_positive_vector,eager,1,no_imports,eager,eager,True,False,,True
C,ollama__devstral__latest,small_positive_vector,eager,2,no_imports,eager,eager,True,False,,True
C,ollama__devstral__latest,small_positive_vector,eager,3,no_imports,eager,eager,True,False,,True
C,ollama__devstral__latest,small_positive_vector,eager,4,no_imports,eager,eager,True,False,,True
C,ollama__devstral__latest,small_positive_vector,eager,5,no_imports,eager,eager,True,False,,True
C,ollama__devstral__latest,small_positive_vector,lazy,1,no_imports,lazy,lazy,True,False,,True
C,ollama__devstral__latest,small_positive_vector,lazy,2,no_imports,lazy,lazy,True,False,,True
C,ollama__devstral__latest,small_positive_vector,lazy,3,no_imports,lazy,lazy,True,False,,True
C,ollama__devstral__latest,small_positive_vector,lazy,4,no_imports,lazy,lazy,True,False,,True
C,ollama__devstral__latest,small_positive_vector,lazy,5,no_imports,lazy,lazy,True,False,,True
C,ollama__qwen2_5-coder__14b,mixed_signed_vector,eager,1,no_imports,eager,eager,True,False,,True
C,ollama__qwen2_5-coder__14b,mixed_signed_vector,eager,2,no_imports,eager,eager,True,False,,True
C,ollama__qwen2_5-coder__14b,mixed_signed_vector,eager,3,no_imports,eager,eager,True,False,,True
C,ollama__qwen2_5-coder__14b,mixed_signed_vector,eager,4,no_imports,eager,eager,True,False,,True
C,ollama__qwen2_5-coder__14b,mixed_signed_vector,eager,5,no_imports,eager,eager,True,False,,True
C,ollama__qwen2_5-coder__14b,mixed_signed_vector,lazy,1,no_imports,lazy,lazy,True,False,,True
C,ollama__qwen2_5-coder__14b,mixed_signed_vector,lazy,2,no_imports,lazy,lazy,True,False,,True
C,ollama__qwen2_5-coder__14b,mixed_signed_vector,lazy,3,no_imports,lazy,lazy,True,False,,True
C,ollama__qwen2_5-coder__14b,mixed_signed_vector,lazy,4,no_imports,lazy,lazy,True,False,,True
C,ollama__qwen2_5-coder__14b,mixed_signed_vector,lazy,5,no_imports,lazy,lazy,True,False,,True
C,ollama__qwen2_5-coder__14b,repeated_values_vector,eager,1,no_imports,eager,eager,True,False,,True
C,ollama__qwen2_5-coder__14b,repeated_values_vector,eager,2,no_imports,eager,eager,True,False,,True
C,ollama__qwen2_5-coder__14b,repeated_values_vector,eager,3,no_imports,eager,eager,True,False,,True
C,ollama__qwen2_5-coder__14b,repeated_values_vector,eager,4,no_imports,eager,eager,True,False,,True
C,ollama__qwen2_5-coder__14b,repeated_values_vector,eager,5,no_imports,eager,eager,True,False,,True
C,ollama__qwen2_5-coder__14b,repeated_values_vector,lazy,1,no_imports,lazy,lazy,True,False,,True
C,ollama__qwen2_5-coder__14b,repeated_values_vector,lazy,2,no_imports,lazy,lazy,True,False,,True
C,ollama__qwen2_5-coder__14b,repeated_values_vector,lazy,3,no_imports,lazy,lazy,True,False,,True
C,ollama__qwen2_5-coder__14b,repeated_values_vector,lazy,4,no_imports,lazy,lazy,True,False,,True
C,ollama__qwen2_5-coder__14b,repeated_values_vector,lazy,5,no_imports,lazy,lazy,True,False,,True
C,ollama__qwen2_5-coder__14b,small_positive_vector,eager,1,no_imports,eager,eager,True,False,,True
C,ollama__qwen2_5-coder__14b,small_positive_vector,eager,2,no_imports,eager,eager,True,False,,True
C,ollama__qwen2_5-coder__14b,small_positive_vector,eager,3,no_imports,eager,eager,True,False,,True
C,ollama__qwen2_5-coder__14b,small_positive_vector,eager,4,no_imports,eager,eager,True,False,,True
C,ollama__qwen2_5-coder__14b,small_positive_vector,eager,5,no_imports,eager,eager,True,False,,True
C,ollama__qwen2_5-coder__14b,small_positive_vector,lazy,1,no_imports,lazy,lazy,True,False,,True
C,ollama__qwen2_5-coder__14b,small_positive_vector,lazy,2,no_imports,lazy,lazy,True,False,,True
C,ollama__qwen2_5-coder__14b,small_positive_vector,lazy,3,no_imports,lazy,lazy,True,False,,True
C,ollama__qwen2_5-coder__14b,small_positive_vector,lazy,4,no_imports,lazy,lazy,True,False,,True
C,ollama__qwen2_5-coder__14b,small_positive_vector,lazy,5,no_imports,lazy,lazy,True,False,,True
C,ollama__qwen2_5-coder__32b,mixed_signed_vector,eager,1,no_imports,eager,eager,True,False,,True
C,ollama__qwen2_5-coder__32b,mixed_signed_vector,eager,2,no_imports,eager,eager,True,False,,True
C,ollama__qwen2_5-coder__32b,mixed_signed_vector,eager,3,no_imports,eager,eager,True,False,,True
C,ollama__qwen2_5-coder__32b,mixed_signed_vector,eager,4,no_imports,eager,eager,True,False,,True
C,ollama__qwen2_5-coder__32b,mixed_signed_vector,eager,5,no_imports,eager,eager,True,False,,True
C,ollama__qwen2_5-coder__32b,mixed_signed_vector,lazy,1,no_imports,lazy,lazy,True,False,,True
C,ollama__qwen2_5-coder__32b,mixed_signed_vector,lazy,2,no_imports,lazy,lazy,True,False,,True
C,ollama__qwen2_5-coder__32b,mixed_signed_vector,lazy,3,no_imports,lazy,lazy,True,False,,True
C,ollama__qwen2_5-coder__32b,mixed_signed_vector,lazy,4,no_imports,lazy,lazy,True,False,,True
C,ollama__qwen2_5-coder__32b,mixed_signed_vector,lazy,5,no_imports,lazy,lazy,True,False,,True
C,ollama__qwen2_5-coder__32b,repeated_values_vector,eager,1,no_imports,eager,eager,True,False,,True
C,ollama__qwen2_5-coder__32b,repeated_values_vector,eager,2,no_imports,eager,eager,True,False,,True
C,ollama__qwen2_5-coder__32b,repeated_values_vector,eager,3,no_imports,eager,eager,True,False,,True
C,ollama__qwen2_5-coder__32b,repeated_values_vector,eager,4,no_imports,eager,eager,True,False,,True
C,ollama__qwen2_5-coder__32b,repeated_values_vector,eager,5,no_imports,eager,eager,True,False,,True
C,ollama__qwen2_5-coder__32b,repeated_values_vector,lazy,1,no_imports,lazy,lazy,True,False,,True
C,ollama__qwen2_5-coder__32b,repeated_values_vector,lazy,2,no_imports,lazy,lazy,True,False,,True
C,ollama__qwen2_5-coder__32b,repeated_values_vector,lazy,3,no_imports,lazy,lazy,True,False,,True
C,ollama__qwen2_5-coder__32b,repeated_values_vector,lazy,4,no_imports,lazy,lazy,True,False,,True
C,ollama__qwen2_5-coder__32b,repeated_values_vector,lazy,5,no_imports,lazy,lazy,True,False,,True
C,ollama__qwen2_5-coder__32b,small_positive_vector,eager,1,no_imports,eager,eager,True,False,,True
C,ollama__qwen2_5-coder__32b,small_positive_vector,eager,2,no_imports,eager,eager,True,False,,True
C,ollama__qwen2_5-coder__32b,small_positive_vector,eager,3,no_imports,eager,eager,True,False,,True
C,ollama__qwen2_5-coder__32b,small_positive_vector,eager,4,no_imports,eager,eager,True,False,,True
C,ollama__qwen2_5-coder__32b,small_positive_vector,eager,5,no_imports,eager,eager,True,False,,True
C,ollama__qwen2_5-coder__32b,small_positive_vector,lazy,1,no_imports,lazy,lazy,True,False,,True
C,ollama__qwen2_5-coder__32b,small_positive_vector,lazy,2,no_imports,lazy,lazy,True,False,,True
C,ollama__qwen2_5-coder__32b,small_positive_vector,lazy,3,no_imports,lazy,lazy,True,False,,True
C,ollama__qwen2_5-coder__32b,small_positive_vector,lazy,4,no_imports,lazy,lazy,True,False,,True
C,ollama__qwen2_5-coder__32b,small_positive_vector,lazy,5,no_imports,lazy,lazy,True,False,,True
C,ollama__qwen3-coder__30b,mixed_signed_vector,eager,1,no_imports,eager,eager,True,False,,True
C,ollama__qwen3-coder__30b,mixed_signed_vector,eager,2,no_imports,eager,eager,True,False,,True
C,ollama__qwen3-coder__30b,mixed_signed_vector,eager,3,no_imports,eager,eager,True,False,,True
C,ollama__qwen3-coder__30b,mixed_signed_vector,eager,4,no_imports,eager,eager,True,False,,True
C,ollama__qwen3-coder__30b,mixed_signed_vector,eager,5,no_imports,eager,eager,True,False,,True
C,ollama__qwen3-coder__30b,mixed_signed_vector,lazy,1,no_imports,lazy,ambiguous,False,False,,True
C,ollama__qwen3-coder__30b,mixed_signed_vector,lazy,2,no_imports,lazy,ambiguous,False,False,,True
C,ollama__qwen3-coder__30b,mixed_signed_vector,lazy,3,no_imports,lazy,ambiguous,False,False,,True
C,ollama__qwen3-coder__30b,mixed_signed_vector,lazy,4,no_imports,lazy,ambiguous,False,False,,True
C,ollama__qwen3-coder__30b,mixed_signed_vector,lazy,5,no_imports,lazy,ambiguous,False,False,,True
C,ollama__qwen3-coder__30b,repeated_values_vector,eager,1,no_imports,eager,eager,True,False,,True
C,ollama__qwen3-coder__30b,repeated_values_vector,eager,2,no_imports,eager,eager,True,False,,True
C,ollama__qwen3-coder__30b,repeated_values_vector,eager,3,no_imports,eager,eager,True,False,,True
C,ollama__qwen3-coder__30b,repeated_values_vector,eager,4,no_imports,eager,eager,True,False,,True
C,ollama__qwen3-coder__30b,repeated_values_vector,eager,5,no_imports,eager,eager,True,False,,True
C,ollama__qwen3-coder__30b,repeated_values_vector,lazy,1,no_imports,lazy,ambiguous,False,False,,True
C,ollama__qwen3-coder__30b,repeated_values_vector,lazy,2,no_imports,lazy,ambiguous,False,False,,True
C,ollama__qwen3-coder__30b,repeated_values_vector,lazy,3,no_imports,lazy,ambiguous,False,False,,True
C,ollama__qwen3-coder__30b,repeated_values_vector,lazy,4,no_imports,lazy,ambiguous,False,False,,True
C,ollama__qwen3-coder__30b,repeated_values_vector,lazy,5,no_imports,lazy,ambiguous,False,False,,True
C,ollama__qwen3-coder__30b,small_positive_vector,eager,1,no_imports,eager,eager,True,False,,True
C,ollama__qwen3-coder__30b,small_positive_vector,eager,2,no_imports,eager,eager,True,False,,True
C,ollama__qwen3-coder__30b,small_positive_vector,eager,3,no_imports,eager,eager,True,False,,True
C,ollama__qwen3-coder__30b,small_positive_vector,eager,4,no_imports,eager,eager,True,False,,True
C,ollama__qwen3-coder__30b,small_positive_vector,eager,5,no_imports,eager,eager,True,False,,True
C,ollama__qwen3-coder__30b,small_positive_vector,lazy,1,no_imports,lazy,ambiguous,False,False,,True
C,ollama__qwen3-coder__30b,small_positive_vector,lazy,2,no_imports,lazy,ambiguous,False,False,,True
C,ollama__qwen3-coder__30b,small_positive_vector,lazy,3,no_imports,lazy,ambiguous,False,False,,True
C,ollama__qwen3-coder__30b,small_positive_vector,lazy,4,no_imports,lazy,ambiguous,False,False,,True
C,ollama__qwen3-coder__30b,small_positive_vector,lazy,5,no_imports,lazy,ambiguous,False,False,,True
C,ollama__devstral__latest,mixed_signed_vector,eager,1,format_normalized,eager,eager,True,False,,True
C,ollama__devstral__latest,mixed_signed_vector,eager,2,format_normalized,eager,eager,True,False,,True
C,ollama__devstral__latest,mixed_signed_vector,eager,3,format_normalized,eager,eager,True,False,,True
C,ollama__devstral__latest,mixed_signed_vector,eager,4,format_normalized,eager,eager,True,False,,True
C,ollama__devstral__latest,mixed_signed_vector,eager,5,format_normalized,eager,eager,True,False,,True
C,ollama__devstral__latest,mixed_signed_vector,lazy,1,format_normalized,lazy,lazy,True,False,,True
C,ollama__devstral__latest,mixed_signed_vector,lazy,2,format_normalized,lazy,lazy,True,False,,True
C,ollama__devstral__latest,mixed_signed_vector,lazy,3,format_normalized,lazy,lazy,True,False,,True
C,ollama__devstral__latest,mixed_signed_vector,lazy,4,format_normalized,lazy,lazy,True,False,,True
C,ollama__devstral__latest,mixed_signed_vector,lazy,5,format_normalized,lazy,lazy,True,False,,True
C,ollama__devstral__latest,repeated_values_vector,eager,1,format_normalized,eager,eager,True,False,,True
C,ollama__devstral__latest,repeated_values_vector,eager,2,format_normalized,eager,eager,True,False,,True
C,ollama__devstral__latest,repeated_values_vector,eager,3,format_normalized,eager,eager,True,False,,True
C,ollama__devstral__latest,repeated_values_vector,eager,4,format_normalized,eager,eager,True,False,,True
C,ollama__devstral__latest,repeated_values_vector,eager,5,format_normalized,eager,eager,True,False,,True
C,ollama__devstral__latest,repeated_values_vector,lazy,1,format_normalized,lazy,lazy,True,False,,True
C,ollama__devstral__latest,repeated_values_vector,lazy,2,format_normalized,lazy,lazy,True,False,,True
C,ollama__devstral__latest,repeated_values_vector,lazy,3,format_normalized,lazy,lazy,True,False,,True
C,ollama__devstral__latest,repeated_values_vector,lazy,4,format_normalized,lazy,lazy,True,False,,True
C,ollama__devstral__latest,repeated_values_vector,lazy,5,format_normalized,lazy,lazy,True,False,,True
C,ollama__devstral__latest,small_positive_vector,eager,1,format_normalized,eager,eager,True,False,,True
C,ollama__devstral__latest,small_positive_vector,eager,2,format_normalized,eager,eager,True,False,,True
C,ollama__devstral__latest,small_positive_vector,eager,3,format_normalized,eager,eager,True,False,,True
C,ollama__devstral__latest,small_positive_vector,eager,4,format_normalized,eager,eager,True,False,,True
C,ollama__devstral__latest,small_positive_vector,eager,5,format_normalized,eager,eager,True,False,,True
C,ollama__devstral__latest,small_positive_vector,lazy,1,format_normalized,lazy,lazy,True,False,,True
C,ollama__devstral__latest,small_positive_vector,lazy,2,format_normalized,lazy,lazy,True,False,,True
C,ollama__devstral__latest,small_positive_vector,lazy,3,format_normalized,lazy,lazy,True,False,,True
C,ollama__devstral__latest,small_positive_vector,lazy,4,format_normalized,lazy,lazy,True,False,,True
C,ollama__devstral__latest,small_positive_vector,lazy,5,format_normalized,lazy,lazy,True,False,,True
C,ollama__qwen2_5-coder__14b,mixed_signed_vector,eager,1,format_normalized,eager,eager,True,False,,True
C,ollama__qwen2_5-coder__14b,mixed_signed_vector,eager,2,format_normalized,eager,eager,True,False,,True
C,ollama__qwen2_5-coder__14b,mixed_signed_vector,eager,3,format_normalized,eager,eager,True,False,,True
C,ollama__qwen2_5-coder__14b,mixed_signed_vector,eager,4,format_normalized,eager,eager,True,False,,True
C,ollama__qwen2_5-coder__14b,mixed_signed_vector,eager,5,format_normalized,eager,eager,True,False,,True
C,ollama__qwen2_5-coder__14b,mixed_signed_vector,lazy,1,format_normalized,lazy,lazy,True,False,,True
C,ollama__qwen2_5-coder__14b,mixed_signed_vector,lazy,2,format_normalized,lazy,lazy,True,False,,True
C,ollama__qwen2_5-coder__14b,mixed_signed_vector,lazy,3,format_normalized,lazy,lazy,True,False,,True
C,ollama__qwen2_5-coder__14b,mixed_signed_vector,lazy,4,format_normalized,lazy,lazy,True,False,,True
C,ollama__qwen2_5-coder__14b,mixed_signed_vector,lazy,5,format_normalized,lazy,lazy,True,False,,True
C,ollama__qwen2_5-coder__14b,repeated_values_vector,eager,1,format_normalized,eager,eager,True,False,,True
C,ollama__qwen2_5-coder__14b,repeated_values_vector,eager,2,format_normalized,eager,eager,True,False,,True
C,ollama__qwen2_5-coder__14b,repeated_values_vector,eager,3,format_normalized,eager,eager,True,False,,True
C,ollama__qwen2_5-coder__14b,repeated_values_vector,eager,4,format_normalized,eager,eager,True,False,,True
C,ollama__qwen2_5-coder__14b,repeated_values_vector,eager,5,format_normalized,eager,eager,True,False,,True
C,ollama__qwen2_5-coder__14b,repeated_values_vector,lazy,1,format_normalized,lazy,lazy,True,False,,True
C,ollama__qwen2_5-coder__14b,repeated_values_vector,lazy,2,format_normalized,lazy,lazy,True,False,,True
C,ollama__qwen2_5-coder__14b,repeated_values_vector,lazy,3,format_normalized,lazy,lazy,True,False,,True
C,ollama__qwen2_5-coder__14b,repeated_values_vector,lazy,4,format_normalized,lazy,lazy,True,False,,True
C,ollama__qwen2_5-coder__14b,repeated_values_vector,lazy,5,format_normalized,lazy,lazy,True,False,,True
C,ollama__qwen2_5-coder__14b,small_positive_vector,eager,1,format_normalized,eager,eager,True,False,,True
C,ollama__qwen2_5-coder__14b,small_positive_vector,eager,2,format_normalized,eager,eager,True,False,,True
C,ollama__qwen2_5-coder__14b,small_positive_vector,eager,3,format_normalized,eager,eager,True,False,,True
C,ollama__qwen2_5-coder__14b,small_positive_vector,eager,4,format_normalized,eager,eager,True,False,,True
C,ollama__qwen2_5-coder__14b,small_positive_vector,eager,5,format_normalized,eager,eager,True,False,,True
C,ollama__qwen2_5-coder__14b,small_positive_vector,lazy,1,format_normalized,lazy,lazy,True,False,,True
C,ollama__qwen2_5-coder__14b,small_positive_vector,lazy,2,format_normalized,lazy,lazy,True,False,,True
C,ollama__qwen2_5-coder__14b,small_positive_vector,lazy,3,format_normalized,lazy,lazy,True,False,,True
C,ollama__qwen2_5-coder__14b,small_positive_vector,lazy,4,format_normalized,lazy,lazy,True,False,,True
C,ollama__qwen2_5-coder__14b,small_positive_vector,lazy,5,format_normalized,lazy,lazy,True,False,,True
C,ollama__qwen2_5-coder__32b,mixed_signed_vector,eager,1,format_normalized,eager,eager,True,False,,True
C,ollama__qwen2_5-coder__32b,mixed_signed_vector,eager,2,format_normalized,eager,eager,True,False,,True
C,ollama__qwen2_5-coder__32b,mixed_signed_vector,eager,3,format_normalized,eager,eager,True,False,,True
C,ollama__qwen2_5-coder__32b,mixed_signed_vector,eager,4,format_normalized,eager,eager,True,False,,True
C,ollama__qwen2_5-coder__32b,mixed_signed_vector,eager,5,format_normalized,eager,eager,True,False,,True
C,ollama__qwen2_5-coder__32b,mixed_signed_vector,lazy,1,format_normalized,lazy,lazy,True,False,,True
C,ollama__qwen2_5-coder__32b,mixed_signed_vector,lazy,2,format_normalized,lazy,lazy,True,False,,True
C,ollama__qwen2_5-coder__32b,mixed_signed_vector,lazy,3,format_normalized,lazy,lazy,True,False,,True
C,ollama__qwen2_5-coder__32b,mixed_signed_vector,lazy,4,format_normalized,lazy,lazy,True,False,,True
C,ollama__qwen2_5-coder__32b,mixed_signed_vector,lazy,5,format_normalized,lazy,lazy,True,False,,True
C,ollama__qwen2_5-coder__32b,repeated_values_vector,eager,1,format_normalized,eager,eager,True,False,,True
C,ollama__qwen2_5-coder__32b,repeated_values_vector,eager,2,format_normalized,eager,eager,True,False,,True
C,ollama__qwen2_5-coder__32b,repeated_values_vector,eager,3,format_normalized,eager,eager,True,False,,True
C,ollama__qwen2_5-coder__32b,repeated_values_vector,eager,4,format_normalized,eager,eager,True,False,,True
C,ollama__qwen2_5-coder__32b,repeated_values_vector,eager,5,format_normalized,eager,eager,True,False,,True
C,ollama__qwen2_5-coder__32b,repeated_values_vector,lazy,1,format_normalized,lazy,lazy,True,False,,True
C,ollama__qwen2_5-coder__32b,repeated_values_vector,lazy,2,format_normalized,lazy,lazy,True,False,,True
C,ollama__qwen2_5-coder__32b,repeated_values_vector,lazy,3,format_normalized,lazy,lazy,True,False,,True
C,ollama__qwen2_5-coder__32b,repeated_values_vector,lazy,4,format_normalized,lazy,lazy,True,False,,True
C,ollama__qwen2_5-coder__32b,repeated_values_vector,lazy,5,format_normalized,lazy,lazy,True,False,,True
C,ollama__qwen2_5-coder__32b,small_positive_vector,eager,1,format_normalized,eager,eager,True,False,,True
C,ollama__qwen2_5-coder__32b,small_positive_vector,eager,2,format_normalized,eager,eager,True,False,,True
C,ollama__qwen2_5-coder__32b,small_positive_vector,eager,3,format_normalized,eager,eager,True,False,,True
C,ollama__qwen2_5-coder__32b,small_positive_vector,eager,4,format_normalized,eager,eager,True,False,,True
C,ollama__qwen2_5-coder__32b,small_positive_vector,eager,5,format_normalized,eager,eager,True,False,,True
C,ollama__qwen2_5-coder__32b,small_positive_vector,lazy,1,format_normalized,lazy,lazy,True,False,,True
C,ollama__qwen2_5-coder__32b,small_positive_vector,lazy,2,format_normalized,lazy,lazy,True,False,,True
C,ollama__qwen2_5-coder__32b,small_positive_vector,lazy,3,format_normalized,lazy,lazy,True,False,,True
C,ollama__qwen2_5-coder__32b,small_positive_vector,lazy,4,format_normalized,lazy,lazy,True,False,,True
C,ollama__qwen2_5-coder__32b,small_positive_vector,lazy,5,format_normalized,lazy,lazy,True,False,,True
C,ollama__qwen3-coder__30b,mixed_signed_vector,eager,1,format_normalized,eager,eager,True,False,,True
C,ollama__qwen3-coder__30b,mixed_signed_vector,eager,2,format_normalized,eager,eager,True,False,,True
C,ollama__qwen3-coder__30b,mixed_signed_vector,eager,3,format_normalized,eager,eager,True,False,,True
C,ollama__qwen3-coder__30b,mixed_signed_vector,eager,4,format_normalized,eager,eager,True,False,,True
C,ollama__qwen3-coder__30b,mixed_signed_vector,eager,5,format_normalized,eager,eager,True,False,,True
C,ollama__qwen3-coder__30b,mixed_signed_vector,lazy,1,format_normalized,lazy,ambiguous,False,False,,True
C,ollama__qwen3-coder__30b,mixed_signed_vector,lazy,2,format_normalized,lazy,ambiguous,False,False,,True
C,ollama__qwen3-coder__30b,mixed_signed_vector,lazy,3,format_normalized,lazy,ambiguous,False,False,,True
C,ollama__qwen3-coder__30b,mixed_signed_vector,lazy,4,format_normalized,lazy,ambiguous,False,False,,True
C,ollama__qwen3-coder__30b,mixed_signed_vector,lazy,5,format_normalized,lazy,ambiguous,False,False,,True
C,ollama__qwen3-coder__30b,repeated_values_vector,eager,1,format_normalized,eager,eager,True,False,,True
C,ollama__qwen3-coder__30b,repeated_values_vector,eager,2,format_normalized,eager,eager,True,False,,True
C,ollama__qwen3-coder__30b,repeated_values_vector,eager,3,format_normalized,eager,eager,True,False,,True
C,ollama__qwen3-coder__30b,repeated_values_vector,eager,4,format_normalized,eager,eager,True,False,,True
C,ollama__qwen3-coder__30b,repeated_values_vector,eager,5,format_normalized,eager,eager,True,False,,True
C,ollama__qwen3-coder__30b,repeated_values_vector,lazy,1,format_normalized,lazy,ambiguous,False,False,,True
C,ollama__qwen3-coder__30b,repeated_values_vector,lazy,2,format_normalized,lazy,ambiguous,False,False,,True
C,ollama__qwen3-coder__30b,repeated_values_vector,lazy,3,format_normalized,lazy,ambiguous,False,False,,True
C,ollama__qwen3-coder__30b,repeated_values_vector,lazy,4,format_normalized,lazy,ambiguous,False,False,,True
C,ollama__qwen3-coder__30b,repeated_values_vector,lazy,5,format_normalized,lazy,ambiguous,False,False,,True
C,ollama__qwen3-coder__30b,small_positive_vector,eager,1,format_normalized,eager,eager,True,False,,True
C,ollama__qwen3-coder__30b,small_positive_vector,eager,2,format_normalized,eager,eager,True,False,,True
C,ollama__qwen3-coder__30b,small_positive_vector,eager,3,format_normalized,eager,eager,True,False,,True
C,ollama__qwen3-coder__30b,small_positive_vector,eager,4,format_normalized,eager,eager,True,False,,True
C,ollama__qwen3-coder__30b,small_positive_vector,eager,5,format_normalized,eager,eager,True,False,,True
C,ollama__qwen3-coder__30b,small_positive_vector,lazy,1,format_normalized,lazy,ambiguous,False,False,,True
C,ollama__qwen3-coder__30b,small_positive_vector,lazy,2,format_normalized,lazy,ambiguous,False,False,,True
C,ollama__qwen3-coder__30b,small_positive_vector,lazy,3,format_normalized,lazy,ambiguous,False,False,,True
C,ollama__qwen3-coder__30b,small_positive_vector,lazy,4,format_normalized,lazy,ambiguous,False,False,,True
C,ollama__qwen3-coder__30b,small_positive_vector,lazy,5,format_normalized,lazy,ambiguous,False,False,,True
D,ollama__devstral__latest,branching_1,bfs,1,raw,bfs,bfs,True,True,True,False
D,ollama__devstral__latest,branching_1,bfs,2,raw,bfs,bfs,True,True,True,False
D,ollama__devstral__latest,branching_1,bfs,3,raw,bfs,bfs,True,True,True,False
D,ollama__devstral__latest,branching_1,bfs,4,raw,bfs,bfs,True,True,True,False
D,ollama__devstral__latest,branching_1,bfs,5,raw,bfs,bfs,True,True,True,False
D,ollama__devstral__latest,branching_1,dfs,1,raw,dfs,dfs,True,True,True,False
D,ollama__devstral__latest,branching_1,dfs,2,raw,dfs,dfs,True,True,True,False
D,ollama__devstral__latest,branching_1,dfs,3,raw,dfs,dfs,True,True,True,False
D,ollama__devstral__latest,branching_1,dfs,4,raw,dfs,dfs,True,True,True,False
D,ollama__devstral__latest,branching_1,dfs,5,raw,dfs,dfs,True,True,True,False
D,ollama__devstral__latest,branching_2,bfs,1,raw,bfs,bfs,True,True,True,False
D,ollama__devstral__latest,branching_2,bfs,2,raw,bfs,bfs,True,True,True,False
D,ollama__devstral__latest,branching_2,bfs,3,raw,bfs,bfs,True,True,True,False
D,ollama__devstral__latest,branching_2,bfs,4,raw,bfs,bfs,True,True,True,False
D,ollama__devstral__latest,branching_2,bfs,5,raw,bfs,bfs,True,True,True,False
D,ollama__devstral__latest,branching_2,dfs,1,raw,dfs,dfs,True,True,True,False
D,ollama__devstral__latest,branching_2,dfs,2,raw,dfs,dfs,True,True,True,False
D,ollama__devstral__latest,branching_2,dfs,3,raw,dfs,dfs,True,True,True,False
D,ollama__devstral__latest,branching_2,dfs,4,raw,dfs,dfs,True,True,True,False
D,ollama__devstral__latest,branching_2,dfs,5,raw,dfs,dfs,True,True,True,False
D,ollama__devstral__latest,branching_3,bfs,1,raw,bfs,bfs,True,True,True,False
D,ollama__devstral__latest,branching_3,bfs,2,raw,bfs,bfs,True,True,True,False
D,ollama__devstral__latest,branching_3,bfs,3,raw,bfs,bfs,True,True,True,False
D,ollama__devstral__latest,branching_3,bfs,4,raw,bfs,bfs,True,True,True,False
D,ollama__devstral__latest,branching_3,bfs,5,raw,bfs,bfs,True,True,True,False
D,ollama__devstral__latest,branching_3,dfs,1,raw,dfs,dfs,True,True,True,False
D,ollama__devstral__latest,branching_3,dfs,2,raw,dfs,dfs,True,True,True,False
D,ollama__devstral__latest,branching_3,dfs,3,raw,dfs,dfs,True,True,True,False
D,ollama__devstral__latest,branching_3,dfs,4,raw,dfs,dfs,True,True,True,False
D,ollama__devstral__latest,branching_3,dfs,5,raw,dfs,dfs,True,True,True,False
D,ollama__qwen2_5-coder__14b,branching_1,bfs,1,raw,bfs,bfs,True,True,True,False
D,ollama__qwen2_5-coder__14b,branching_1,bfs,2,raw,bfs,bfs,True,True,True,False
D,ollama__qwen2_5-coder__14b,branching_1,bfs,3,raw,bfs,bfs,True,True,True,False
D,ollama__qwen2_5-coder__14b,branching_1,bfs,4,raw,bfs,bfs,True,True,True,False
D,ollama__qwen2_5-coder__14b,branching_1,bfs,5,raw,bfs,bfs,True,True,True,False
D,ollama__qwen2_5-coder__14b,branching_1,dfs,1,raw,dfs,dfs,True,True,True,False
D,ollama__qwen2_5-coder__14b,branching_1,dfs,2,raw,dfs,dfs,True,True,True,False
D,ollama__qwen2_5-coder__14b,branching_1,dfs,3,raw,dfs,dfs,True,True,True,False
D,ollama__qwen2_5-coder__14b,branching_1,dfs,4,raw,dfs,dfs,True,True,True,False
D,ollama__qwen2_5-coder__14b,branching_1,dfs,5,raw,dfs,dfs,True,True,True,False
D,ollama__qwen2_5-coder__14b,branching_2,bfs,1,raw,bfs,bfs,True,True,True,False
D,ollama__qwen2_5-coder__14b,branching_2,bfs,2,raw,bfs,bfs,True,True,True,False
D,ollama__qwen2_5-coder__14b,branching_2,bfs,3,raw,bfs,bfs,True,True,True,False
D,ollama__qwen2_5-coder__14b,branching_2,bfs,4,raw,bfs,bfs,True,True,True,False
D,ollama__qwen2_5-coder__14b,branching_2,bfs,5,raw,bfs,bfs,True,True,True,False
D,ollama__qwen2_5-coder__14b,branching_2,dfs,1,raw,dfs,dfs,True,True,True,False
D,ollama__qwen2_5-coder__14b,branching_2,dfs,2,raw,dfs,dfs,True,True,True,False
D,ollama__qwen2_5-coder__14b,branching_2,dfs,3,raw,dfs,dfs,True,True,True,False
D,ollama__qwen2_5-coder__14b,branching_2,dfs,4,raw,dfs,dfs,True,True,True,False
D,ollama__qwen2_5-coder__14b,branching_2,dfs,5,raw,dfs,dfs,True,True,True,False
D,ollama__qwen2_5-coder__14b,branching_3,bfs,1,raw,bfs,bfs,True,True,True,False
D,ollama__qwen2_5-coder__14b,branching_3,bfs,2,raw,bfs,bfs,True,True,True,False
D,ollama__qwen2_5-coder__14b,branching_3,bfs,3,raw,bfs,bfs,True,True,True,False
D,ollama__qwen2_5-coder__14b,branching_3,bfs,4,raw,bfs,bfs,True,True,True,False
D,ollama__qwen2_5-coder__14b,branching_3,bfs,5,raw,bfs,bfs,True,True,True,False
D,ollama__qwen2_5-coder__14b,branching_3,dfs,1,raw,dfs,dfs,True,True,True,False
D,ollama__qwen2_5-coder__14b,branching_3,dfs,2,raw,dfs,dfs,True,True,True,False
D,ollama__qwen2_5-coder__14b,branching_3,dfs,3,raw,dfs,dfs,True,True,True,False
D,ollama__qwen2_5-coder__14b,branching_3,dfs,4,raw,dfs,dfs,True,True,True,False
D,ollama__qwen2_5-coder__14b,branching_3,dfs,5,raw,dfs,dfs,True,True,True,False
D,ollama__qwen2_5-coder__32b,branching_1,bfs,1,raw,bfs,bfs,True,True,True,False
D,ollama__qwen2_5-coder__32b,branching_1,bfs,2,raw,bfs,bfs,True,True,True,False
D,ollama__qwen2_5-coder__32b,branching_1,bfs,3,raw,bfs,bfs,True,True,True,False
D,ollama__qwen2_5-coder__32b,branching_1,bfs,4,raw,bfs,bfs,True,True,True,False
D,ollama__qwen2_5-coder__32b,branching_1,bfs,5,raw,bfs,bfs,True,True,True,False
D,ollama__qwen2_5-coder__32b,branching_1,dfs,1,raw,dfs,dfs,True,True,True,False
D,ollama__qwen2_5-coder__32b,branching_1,dfs,2,raw,dfs,dfs,True,True,True,False
D,ollama__qwen2_5-coder__32b,branching_1,dfs,3,raw,dfs,dfs,True,True,True,False
D,ollama__qwen2_5-coder__32b,branching_1,dfs,4,raw,dfs,dfs,True,True,True,False
D,ollama__qwen2_5-coder__32b,branching_1,dfs,5,raw,dfs,dfs,True,True,True,False
D,ollama__qwen2_5-coder__32b,branching_2,bfs,1,raw,bfs,bfs,True,True,True,False
D,ollama__qwen2_5-coder__32b,branching_2,bfs,2,raw,bfs,bfs,True,True,True,False
D,ollama__qwen2_5-coder__32b,branching_2,bfs,3,raw,bfs,bfs,True,True,True,False
D,ollama__qwen2_5-coder__32b,branching_2,bfs,4,raw,bfs,bfs,True,True,True,False
D,ollama__qwen2_5-coder__32b,branching_2,bfs,5,raw,bfs,bfs,True,True,True,False
D,ollama__qwen2_5-coder__32b,branching_2,dfs,1,raw,dfs,dfs,True,True,True,False
D,ollama__qwen2_5-coder__32b,branching_2,dfs,2,raw,dfs,dfs,True,True,True,False
D,ollama__qwen2_5-coder__32b,branching_2,dfs,3,raw,dfs,dfs,True,True,True,False
D,ollama__qwen2_5-coder__32b,branching_2,dfs,4,raw,dfs,dfs,True,True,True,False
D,ollama__qwen2_5-coder__32b,branching_2,dfs,5,raw,dfs,dfs,True,True,True,False
D,ollama__qwen2_5-coder__32b,branching_3,bfs,1,raw,bfs,bfs,True,True,True,False
D,ollama__qwen2_5-coder__32b,branching_3,bfs,2,raw,bfs,bfs,True,True,True,False
D,ollama__qwen2_5-coder__32b,branching_3,bfs,3,raw,bfs,bfs,True,True,True,False
D,ollama__qwen2_5-coder__32b,branching_3,bfs,4,raw,bfs,bfs,True,True,True,False
D,ollama__qwen2_5-coder__32b,branching_3,bfs,5,raw,bfs,bfs,True,True,True,False
D,ollama__qwen2_5-coder__32b,branching_3,dfs,1,raw,dfs,dfs,True,True,True,False
D,ollama__qwen2_5-coder__32b,branching_3,dfs,2,raw,dfs,dfs,True,True,True,False
D,ollama__qwen2_5-coder__32b,branching_3,dfs,3,raw,dfs,dfs,True,True,True,False
D,ollama__qwen2_5-coder__32b,branching_3,dfs,4,raw,dfs,dfs,True,True,True,False
D,ollama__qwen2_5-coder__32b,branching_3,dfs,5,raw,dfs,dfs,True,True,True,False
D,ollama__qwen3-coder__30b,branching_1,bfs,1,raw,bfs,bfs,True,True,True,False
D,ollama__qwen3-coder__30b,branching_1,bfs,2,raw,bfs,bfs,True,True,True,False
D,ollama__qwen3-coder__30b,branching_1,bfs,3,raw,bfs,bfs,True,True,True,False
D,ollama__qwen3-coder__30b,branching_1,bfs,4,raw,bfs,bfs,True,True,True,False
D,ollama__qwen3-coder__30b,branching_1,bfs,5,raw,bfs,bfs,True,True,True,False
D,ollama__qwen3-coder__30b,branching_1,dfs,1,raw,dfs,dfs,True,True,True,False
D,ollama__qwen3-coder__30b,branching_1,dfs,2,raw,dfs,dfs,True,True,True,False
D,ollama__qwen3-coder__30b,branching_1,dfs,3,raw,dfs,dfs,True,True,True,False
D,ollama__qwen3-coder__30b,branching_1,dfs,4,raw,dfs,dfs,True,True,True,False
D,ollama__qwen3-coder__30b,branching_1,dfs,5,raw,dfs,dfs,True,True,True,False
D,ollama__qwen3-coder__30b,branching_2,bfs,1,raw,bfs,bfs,True,True,True,False
D,ollama__qwen3-coder__30b,branching_2,bfs,2,raw,bfs,bfs,True,True,True,False
D,ollama__qwen3-coder__30b,branching_2,bfs,3,raw,bfs,bfs,True,True,True,False
D,ollama__qwen3-coder__30b,branching_2,bfs,4,raw,bfs,bfs,True,True,True,False
D,ollama__qwen3-coder__30b,branching_2,bfs,5,raw,bfs,bfs,True,True,True,False
D,ollama__qwen3-coder__30b,branching_2,dfs,1,raw,dfs,dfs,True,True,True,False
D,ollama__qwen3-coder__30b,branching_2,dfs,2,raw,dfs,dfs,True,True,True,False
D,ollama__qwen3-coder__30b,branching_2,dfs,3,raw,dfs,dfs,True,True,True,False
D,ollama__qwen3-coder__30b,branching_2,dfs,4,raw,dfs,dfs,True,True,True,False
D,ollama__qwen3-coder__30b,branching_2,dfs,5,raw,dfs,dfs,True,True,True,False
D,ollama__qwen3-coder__30b,branching_3,bfs,1,raw,bfs,bfs,True,True,True,False
D,ollama__qwen3-coder__30b,branching_3,bfs,2,raw,bfs,bfs,True,True,True,False
D,ollama__qwen3-coder__30b,branching_3,bfs,3,raw,bfs,bfs,True,True,True,False
D,ollama__qwen3-coder__30b,branching_3,bfs,4,raw,bfs,bfs,True,True,True,False
D,ollama__qwen3-coder__30b,branching_3,bfs,5,raw,bfs,bfs,True,True,True,False
D,ollama__qwen3-coder__30b,branching_3,dfs,1,raw,dfs,dfs,True,True,True,False
D,ollama__qwen3-coder__30b,branching_3,dfs,2,raw,dfs,dfs,True,True,True,False
D,ollama__qwen3-coder__30b,branching_3,dfs,3,raw,dfs,dfs,True,True,True,False
D,ollama__qwen3-coder__30b,branching_3,dfs,4,raw,dfs,dfs,True,True,True,False
D,ollama__qwen3-coder__30b,branching_3,dfs,5,raw,dfs,dfs,True,True,True,False
D,ollama__devstral__latest,branching_1,bfs,1,no_comments,bfs,bfs,True,True,True,False
D,ollama__devstral__latest,branching_1,bfs,2,no_comments,bfs,bfs,True,True,True,False
D,ollama__devstral__latest,branching_1,bfs,3,no_comments,bfs,bfs,True,True,True,False
D,ollama__devstral__latest,branching_1,bfs,4,no_comments,bfs,bfs,True,True,True,False
D,ollama__devstral__latest,branching_1,bfs,5,no_comments,bfs,bfs,True,True,True,False
D,ollama__devstral__latest,branching_1,dfs,1,no_comments,dfs,dfs,True,True,True,False
D,ollama__devstral__latest,branching_1,dfs,2,no_comments,dfs,dfs,True,True,True,False
D,ollama__devstral__latest,branching_1,dfs,3,no_comments,dfs,dfs,True,True,True,False
D,ollama__devstral__latest,branching_1,dfs,4,no_comments,dfs,dfs,True,True,True,False
D,ollama__devstral__latest,branching_1,dfs,5,no_comments,dfs,dfs,True,True,True,False
D,ollama__devstral__latest,branching_2,bfs,1,no_comments,bfs,bfs,True,True,True,False
D,ollama__devstral__latest,branching_2,bfs,2,no_comments,bfs,bfs,True,True,True,False
D,ollama__devstral__latest,branching_2,bfs,3,no_comments,bfs,bfs,True,True,True,False
D,ollama__devstral__latest,branching_2,bfs,4,no_comments,bfs,bfs,True,True,True,False
D,ollama__devstral__latest,branching_2,bfs,5,no_comments,bfs,bfs,True,True,True,False
D,ollama__devstral__latest,branching_2,dfs,1,no_comments,dfs,dfs,True,True,True,False
D,ollama__devstral__latest,branching_2,dfs,2,no_comments,dfs,dfs,True,True,True,False
D,ollama__devstral__latest,branching_2,dfs,3,no_comments,dfs,dfs,True,True,True,False
D,ollama__devstral__latest,branching_2,dfs,4,no_comments,dfs,dfs,True,True,True,False
D,ollama__devstral__latest,branching_2,dfs,5,no_comments,dfs,dfs,True,True,True,False
D,ollama__devstral__latest,branching_3,bfs,1,no_comments,bfs,bfs,True,True,True,False
D,ollama__devstral__latest,branching_3,bfs,2,no_comments,bfs,bfs,True,True,True,False
D,ollama__devstral__latest,branching_3,bfs,3,no_comments,bfs,bfs,True,True,True,False
D,ollama__devstral__latest,branching_3,bfs,4,no_comments,bfs,bfs,True,True,True,False
D,ollama__devstral__latest,branching_3,bfs,5,no_comments,bfs,bfs,True,True,True,False
D,ollama__devstral__latest,branching_3,dfs,1,no_comments,dfs,dfs,True,True,True,False
D,ollama__devstral__latest,branching_3,dfs,2,no_comments,dfs,dfs,True,True,True,False
D,ollama__devstral__latest,branching_3,dfs,3,no_comments,dfs,dfs,True,True,True,False
D,ollama__devstral__latest,branching_3,dfs,4,no_comments,dfs,dfs,True,True,True,False
D,ollama__devstral__latest,branching_3,dfs,5,no_comments,dfs,dfs,True,True,True,False
D,ollama__qwen2_5-coder__14b,branching_1,bfs,1,no_comments,bfs,bfs,True,True,True,False
D,ollama__qwen2_5-coder__14b,branching_1,bfs,2,no_comments,bfs,bfs,True,True,True,False
D,ollama__qwen2_5-coder__14b,branching_1,bfs,3,no_comments,bfs,bfs,True,True,True,False
D,ollama__qwen2_5-coder__14b,branching_1,bfs,4,no_comments,bfs,bfs,True,True,True,False
D,ollama__qwen2_5-coder__14b,branching_1,bfs,5,no_comments,bfs,bfs,True,True,True,False
D,ollama__qwen2_5-coder__14b,branching_1,dfs,1,no_comments,dfs,dfs,True,True,True,False
D,ollama__qwen2_5-coder__14b,branching_1,dfs,2,no_comments,dfs,dfs,True,True,True,False
D,ollama__qwen2_5-coder__14b,branching_1,dfs,3,no_comments,dfs,dfs,True,True,True,False
D,ollama__qwen2_5-coder__14b,branching_1,dfs,4,no_comments,dfs,dfs,True,True,True,False
D,ollama__qwen2_5-coder__14b,branching_1,dfs,5,no_comments,dfs,dfs,True,True,True,False
D,ollama__qwen2_5-coder__14b,branching_2,bfs,1,no_comments,bfs,bfs,True,True,True,False
D,ollama__qwen2_5-coder__14b,branching_2,bfs,2,no_comments,bfs,bfs,True,True,True,False
D,ollama__qwen2_5-coder__14b,branching_2,bfs,3,no_comments,bfs,bfs,True,True,True,False
D,ollama__qwen2_5-coder__14b,branching_2,bfs,4,no_comments,bfs,bfs,True,True,True,False
D,ollama__qwen2_5-coder__14b,branching_2,bfs,5,no_comments,bfs,bfs,True,True,True,False
D,ollama__qwen2_5-coder__14b,branching_2,dfs,1,no_comments,dfs,dfs,True,True,True,False
D,ollama__qwen2_5-coder__14b,branching_2,dfs,2,no_comments,dfs,dfs,True,True,True,False
D,ollama__qwen2_5-coder__14b,branching_2,dfs,3,no_comments,dfs,dfs,True,True,True,False
D,ollama__qwen2_5-coder__14b,branching_2,dfs,4,no_comments,dfs,dfs,True,True,True,False
D,ollama__qwen2_5-coder__14b,branching_2,dfs,5,no_comments,dfs,dfs,True,True,True,False
D,ollama__qwen2_5-coder__14b,branching_3,bfs,1,no_comments,bfs,bfs,True,True,True,False
D,ollama__qwen2_5-coder__14b,branching_3,bfs,2,no_comments,bfs,bfs,True,True,True,False
D,ollama__qwen2_5-coder__14b,branching_3,bfs,3,no_comments,bfs,bfs,True,True,True,False
D,ollama__qwen2_5-coder__14b,branching_3,bfs,4,no_comments,bfs,bfs,True,True,True,False
D,ollama__qwen2_5-coder__14b,branching_3,bfs,5,no_comments,bfs,bfs,True,True,True,False
D,ollama__qwen2_5-coder__14b,branching_3,dfs,1,no_comments,dfs,dfs,True,True,True,False
D,ollama__qwen2_5-coder__14b,branching_3,dfs,2,no_comments,dfs,dfs,True,True,True,False
D,ollama__qwen2_5-coder__14b,branching_3,dfs,3,no_comments,dfs,dfs,True,True,True,False
D,ollama__qwen2_5-coder__14b,branching_3,dfs,4,no_comments,dfs,dfs,True,True,True,False
D,ollama__qwen2_5-coder__14b,branching_3,dfs,5,no_comments,dfs,dfs,True,True,True,False
D,ollama__qwen2_5-coder__32b,branching_1,bfs,1,no_comments,bfs,bfs,True,True,True,False
D,ollama__qwen2_5-coder__32b,branching_1,bfs,2,no_comments,bfs,bfs,True,True,True,False
D,ollama__qwen2_5-coder__32b,branching_1,bfs,3,no_comments,bfs,bfs,True,True,True,False
D,ollama__qwen2_5-coder__32b,branching_1,bfs,4,no_comments,bfs,bfs,True,True,True,False
D,ollama__qwen2_5-coder__32b,branching_1,bfs,5,no_comments,bfs,bfs,True,True,True,False
D,ollama__qwen2_5-coder__32b,branching_1,dfs,1,no_comments,dfs,dfs,True,True,True,False
D,ollama__qwen2_5-coder__32b,branching_1,dfs,2,no_comments,dfs,dfs,True,True,True,False
D,ollama__qwen2_5-coder__32b,branching_1,dfs,3,no_comments,dfs,dfs,True,True,True,False
D,ollama__qwen2_5-coder__32b,branching_1,dfs,4,no_comments,dfs,dfs,True,True,True,False
D,ollama__qwen2_5-coder__32b,branching_1,dfs,5,no_comments,dfs,dfs,True,True,True,False
D,ollama__qwen2_5-coder__32b,branching_2,bfs,1,no_comments,bfs,bfs,True,True,True,False
D,ollama__qwen2_5-coder__32b,branching_2,bfs,2,no_comments,bfs,bfs,True,True,True,False
D,ollama__qwen2_5-coder__32b,branching_2,bfs,3,no_comments,bfs,bfs,True,True,True,False
D,ollama__qwen2_5-coder__32b,branching_2,bfs,4,no_comments,bfs,bfs,True,True,True,False
D,ollama__qwen2_5-coder__32b,branching_2,bfs,5,no_comments,bfs,bfs,True,True,True,False
D,ollama__qwen2_5-coder__32b,branching_2,dfs,1,no_comments,dfs,dfs,True,True,True,False
D,ollama__qwen2_5-coder__32b,branching_2,dfs,2,no_comments,dfs,dfs,True,True,True,False
D,ollama__qwen2_5-coder__32b,branching_2,dfs,3,no_comments,dfs,dfs,True,True,True,False
D,ollama__qwen2_5-coder__32b,branching_2,dfs,4,no_comments,dfs,dfs,True,True,True,False
D,ollama__qwen2_5-coder__32b,branching_2,dfs,5,no_comments,dfs,dfs,True,True,True,False
D,ollama__qwen2_5-coder__32b,branching_3,bfs,1,no_comments,bfs,bfs,True,True,True,False
D,ollama__qwen2_5-coder__32b,branching_3,bfs,2,no_comments,bfs,bfs,True,True,True,False
D,ollama__qwen2_5-coder__32b,branching_3,bfs,3,no_comments,bfs,bfs,True,True,True,False
D,ollama__qwen2_5-coder__32b,branching_3,bfs,4,no_comments,bfs,bfs,True,True,True,False
D,ollama__qwen2_5-coder__32b,branching_3,bfs,5,no_comments,bfs,bfs,True,True,True,False
D,ollama__qwen2_5-coder__32b,branching_3,dfs,1,no_comments,dfs,dfs,True,True,True,False
D,ollama__qwen2_5-coder__32b,branching_3,dfs,2,no_comments,dfs,dfs,True,True,True,False
D,ollama__qwen2_5-coder__32b,branching_3,dfs,3,no_comments,dfs,dfs,True,True,True,False
D,ollama__qwen2_5-coder__32b,branching_3,dfs,4,no_comments,dfs,dfs,True,True,True,False
D,ollama__qwen2_5-coder__32b,branching_3,dfs,5,no_comments,dfs,dfs,True,True,True,False
D,ollama__qwen3-coder__30b,branching_1,bfs,1,no_comments,bfs,bfs,True,True,True,False
D,ollama__qwen3-coder__30b,branching_1,bfs,2,no_comments,bfs,bfs,True,True,True,False
D,ollama__qwen3-coder__30b,branching_1,bfs,3,no_comments,bfs,bfs,True,True,True,False
D,ollama__qwen3-coder__30b,branching_1,bfs,4,no_comments,bfs,bfs,True,True,True,False
D,ollama__qwen3-coder__30b,branching_1,bfs,5,no_comments,bfs,bfs,True,True,True,False
D,ollama__qwen3-coder__30b,branching_1,dfs,1,no_comments,dfs,dfs,True,True,True,False
D,ollama__qwen3-coder__30b,branching_1,dfs,2,no_comments,dfs,dfs,True,True,True,False
D,ollama__qwen3-coder__30b,branching_1,dfs,3,no_comments,dfs,dfs,True,True,True,False
D,ollama__qwen3-coder__30b,branching_1,dfs,4,no_comments,dfs,dfs,True,True,True,False
D,ollama__qwen3-coder__30b,branching_1,dfs,5,no_comments,dfs,dfs,True,True,True,False
D,ollama__qwen3-coder__30b,branching_2,bfs,1,no_comments,bfs,bfs,True,True,True,False
D,ollama__qwen3-coder__30b,branching_2,bfs,2,no_comments,bfs,bfs,True,True,True,False
D,ollama__qwen3-coder__30b,branching_2,bfs,3,no_comments,bfs,bfs,True,True,True,False
D,ollama__qwen3-coder__30b,branching_2,bfs,4,no_comments,bfs,bfs,True,True,True,False
D,ollama__qwen3-coder__30b,branching_2,bfs,5,no_comments,bfs,bfs,True,True,True,False
D,ollama__qwen3-coder__30b,branching_2,dfs,1,no_comments,dfs,dfs,True,True,True,False
D,ollama__qwen3-coder__30b,branching_2,dfs,2,no_comments,dfs,dfs,True,True,True,False
D,ollama__qwen3-coder__30b,branching_2,dfs,3,no_comments,dfs,dfs,True,True,True,False
D,ollama__qwen3-coder__30b,branching_2,dfs,4,no_comments,dfs,dfs,True,True,True,False
D,ollama__qwen3-coder__30b,branching_2,dfs,5,no_comments,dfs,dfs,True,True,True,False
D,ollama__qwen3-coder__30b,branching_3,bfs,1,no_comments,bfs,bfs,True,True,True,False
D,ollama__qwen3-coder__30b,branching_3,bfs,2,no_comments,bfs,bfs,True,True,True,False
D,ollama__qwen3-coder__30b,branching_3,bfs,3,no_comments,bfs,bfs,True,True,True,False
D,ollama__qwen3-coder__30b,branching_3,bfs,4,no_comments,bfs,bfs,True,True,True,False
D,ollama__qwen3-coder__30b,branching_3,bfs,5,no_comments,bfs,bfs,True,True,True,False
D,ollama__qwen3-coder__30b,branching_3,dfs,1,no_comments,dfs,dfs,True,True,True,False
D,ollama__qwen3-coder__30b,branching_3,dfs,2,no_comments,dfs,dfs,True,True,True,False
D,ollama__qwen3-coder__30b,branching_3,dfs,3,no_comments,dfs,dfs,True,True,True,False
D,ollama__qwen3-coder__30b,branching_3,dfs,4,no_comments,dfs,dfs,True,True,True,False
D,ollama__qwen3-coder__30b,branching_3,dfs,5,no_comments,dfs,dfs,True,True,True,False
D,ollama__devstral__latest,branching_1,bfs,1,renamed,bfs,bfs,True,True,True,False
D,ollama__devstral__latest,branching_1,bfs,2,renamed,bfs,bfs,True,True,True,False
D,ollama__devstral__latest,branching_1,bfs,3,renamed,bfs,bfs,True,True,True,False
D,ollama__devstral__latest,branching_1,bfs,4,renamed,bfs,bfs,True,True,True,False
D,ollama__devstral__latest,branching_1,bfs,5,renamed,bfs,bfs,True,True,True,False
D,ollama__devstral__latest,branching_1,dfs,1,renamed,dfs,dfs,True,True,True,False
D,ollama__devstral__latest,branching_1,dfs,2,renamed,dfs,dfs,True,True,True,False
D,ollama__devstral__latest,branching_1,dfs,3,renamed,dfs,dfs,True,True,True,False
D,ollama__devstral__latest,branching_1,dfs,4,renamed,dfs,dfs,True,True,True,False
D,ollama__devstral__latest,branching_1,dfs,5,renamed,dfs,dfs,True,True,True,False
D,ollama__devstral__latest,branching_2,bfs,1,renamed,bfs,bfs,True,True,True,False
D,ollama__devstral__latest,branching_2,bfs,2,renamed,bfs,bfs,True,True,True,False
D,ollama__devstral__latest,branching_2,bfs,3,renamed,bfs,bfs,True,True,True,False
D,ollama__devstral__latest,branching_2,bfs,4,renamed,bfs,bfs,True,True,True,False
D,ollama__devstral__latest,branching_2,bfs,5,renamed,bfs,bfs,True,True,True,False
D,ollama__devstral__latest,branching_2,dfs,1,renamed,dfs,dfs,True,True,True,False
D,ollama__devstral__latest,branching_2,dfs,2,renamed,dfs,dfs,True,True,True,False
D,ollama__devstral__latest,branching_2,dfs,3,renamed,dfs,dfs,True,True,True,False
D,ollama__devstral__latest,branching_2,dfs,4,renamed,dfs,dfs,True,True,True,False
D,ollama__devstral__latest,branching_2,dfs,5,renamed,dfs,dfs,True,True,True,False
D,ollama__devstral__latest,branching_3,bfs,1,renamed,bfs,bfs,True,True,True,False
D,ollama__devstral__latest,branching_3,bfs,2,renamed,bfs,bfs,True,True,True,False
D,ollama__devstral__latest,branching_3,bfs,3,renamed,bfs,bfs,True,True,True,False
D,ollama__devstral__latest,branching_3,bfs,4,renamed,bfs,bfs,True,True,True,False
D,ollama__devstral__latest,branching_3,bfs,5,renamed,bfs,bfs,True,True,True,False
D,ollama__devstral__latest,branching_3,dfs,1,renamed,dfs,dfs,True,True,True,False
D,ollama__devstral__latest,branching_3,dfs,2,renamed,dfs,dfs,True,True,True,False
D,ollama__devstral__latest,branching_3,dfs,3,renamed,dfs,dfs,True,True,True,False
D,ollama__devstral__latest,branching_3,dfs,4,renamed,dfs,dfs,True,True,True,False
D,ollama__devstral__latest,branching_3,dfs,5,renamed,dfs,dfs,True,True,True,False
D,ollama__qwen2_5-coder__14b,branching_1,bfs,1,renamed,bfs,bfs,True,True,True,False
D,ollama__qwen2_5-coder__14b,branching_1,bfs,2,renamed,bfs,bfs,True,True,True,False
D,ollama__qwen2_5-coder__14b,branching_1,bfs,3,renamed,bfs,bfs,True,True,True,False
D,ollama__qwen2_5-coder__14b,branching_1,bfs,4,renamed,bfs,bfs,True,True,True,False
D,ollama__qwen2_5-coder__14b,branching_1,bfs,5,renamed,bfs,bfs,True,True,True,False
D,ollama__qwen2_5-coder__14b,branching_1,dfs,1,renamed,dfs,dfs,True,True,True,False
D,ollama__qwen2_5-coder__14b,branching_1,dfs,2,renamed,dfs,dfs,True,True,True,False
D,ollama__qwen2_5-coder__14b,branching_1,dfs,3,renamed,dfs,dfs,True,True,True,False
D,ollama__qwen2_5-coder__14b,branching_1,dfs,4,renamed,dfs,dfs,True,True,True,False
D,ollama__qwen2_5-coder__14b,branching_1,dfs,5,renamed,dfs,dfs,True,True,True,False
D,ollama__qwen2_5-coder__14b,branching_2,bfs,1,renamed,bfs,bfs,True,True,True,False
D,ollama__qwen2_5-coder__14b,branching_2,bfs,2,renamed,bfs,bfs,True,True,True,False
D,ollama__qwen2_5-coder__14b,branching_2,bfs,3,renamed,bfs,bfs,True,True,True,False
D,ollama__qwen2_5-coder__14b,branching_2,bfs,4,renamed,bfs,bfs,True,True,True,False
D,ollama__qwen2_5-coder__14b,branching_2,bfs,5,renamed,bfs,bfs,True,True,True,False
D,ollama__qwen2_5-coder__14b,branching_2,dfs,1,renamed,dfs,dfs,True,True,True,False
D,ollama__qwen2_5-coder__14b,branching_2,dfs,2,renamed,dfs,dfs,True,True,True,False
D,ollama__qwen2_5-coder__14b,branching_2,dfs,3,renamed,dfs,dfs,True,True,True,False
D,ollama__qwen2_5-coder__14b,branching_2,dfs,4,renamed,dfs,dfs,True,True,True,False
D,ollama__qwen2_5-coder__14b,branching_2,dfs,5,renamed,dfs,dfs,True,True,True,False
D,ollama__qwen2_5-coder__14b,branching_3,bfs,1,renamed,bfs,bfs,True,True,True,False
D,ollama__qwen2_5-coder__14b,branching_3,bfs,2,renamed,bfs,bfs,True,True,True,False
D,ollama__qwen2_5-coder__14b,branching_3,bfs,3,renamed,bfs,bfs,True,True,True,False
D,ollama__qwen2_5-coder__14b,branching_3,bfs,4,renamed,bfs,bfs,True,True,True,False
D,ollama__qwen2_5-coder__14b,branching_3,bfs,5,renamed,bfs,bfs,True,True,True,False
D,ollama__qwen2_5-coder__14b,branching_3,dfs,1,renamed,dfs,dfs,True,True,True,False
D,ollama__qwen2_5-coder__14b,branching_3,dfs,2,renamed,dfs,dfs,True,True,True,False
D,ollama__qwen2_5-coder__14b,branching_3,dfs,3,renamed,dfs,dfs,True,True,True,False
D,ollama__qwen2_5-coder__14b,branching_3,dfs,4,renamed,dfs,dfs,True,True,True,False
D,ollama__qwen2_5-coder__14b,branching_3,dfs,5,renamed,dfs,dfs,True,True,True,False
D,ollama__qwen2_5-coder__32b,branching_1,bfs,1,renamed,bfs,bfs,True,True,True,False
D,ollama__qwen2_5-coder__32b,branching_1,bfs,2,renamed,bfs,bfs,True,True,True,False
D,ollama__qwen2_5-coder__32b,branching_1,bfs,3,renamed,bfs,bfs,True,True,True,False
D,ollama__qwen2_5-coder__32b,branching_1,bfs,4,renamed,bfs,bfs,True,True,True,False
D,ollama__qwen2_5-coder__32b,branching_1,bfs,5,renamed,bfs,bfs,True,True,True,False
D,ollama__qwen2_5-coder__32b,branching_1,dfs,1,renamed,dfs,dfs,True,True,True,False
D,ollama__qwen2_5-coder__32b,branching_1,dfs,2,renamed,dfs,dfs,True,True,True,False
D,ollama__qwen2_5-coder__32b,branching_1,dfs,3,renamed,dfs,dfs,True,True,True,False
D,ollama__qwen2_5-coder__32b,branching_1,dfs,4,renamed,dfs,dfs,True,True,True,False
D,ollama__qwen2_5-coder__32b,branching_1,dfs,5,renamed,dfs,dfs,True,True,True,False
D,ollama__qwen2_5-coder__32b,branching_2,bfs,1,renamed,bfs,bfs,True,True,True,False
D,ollama__qwen2_5-coder__32b,branching_2,bfs,2,renamed,bfs,bfs,True,True,True,False
D,ollama__qwen2_5-coder__32b,branching_2,bfs,3,renamed,bfs,bfs,True,True,True,False
D,ollama__qwen2_5-coder__32b,branching_2,bfs,4,renamed,bfs,bfs,True,True,True,False
D,ollama__qwen2_5-coder__32b,branching_2,bfs,5,renamed,bfs,bfs,True,True,True,False
D,ollama__qwen2_5-coder__32b,branching_2,dfs,1,renamed,dfs,dfs,True,True,True,False
D,ollama__qwen2_5-coder__32b,branching_2,dfs,2,renamed,dfs,dfs,True,True,True,False
D,ollama__qwen2_5-coder__32b,branching_2,dfs,3,renamed,dfs,dfs,True,True,True,False
D,ollama__qwen2_5-coder__32b,branching_2,dfs,4,renamed,dfs,dfs,True,True,True,False
D,ollama__qwen2_5-coder__32b,branching_2,dfs,5,renamed,dfs,dfs,True,True,True,False
D,ollama__qwen2_5-coder__32b,branching_3,bfs,1,renamed,bfs,bfs,True,True,True,False
D,ollama__qwen2_5-coder__32b,branching_3,bfs,2,renamed,bfs,bfs,True,True,True,False
D,ollama__qwen2_5-coder__32b,branching_3,bfs,3,renamed,bfs,bfs,True,True,True,False
D,ollama__qwen2_5-coder__32b,branching_3,bfs,4,renamed,bfs,bfs,True,True,True,False
D,ollama__qwen2_5-coder__32b,branching_3,bfs,5,renamed,bfs,bfs,True,True,True,False
D,ollama__qwen2_5-coder__32b,branching_3,dfs,1,renamed,dfs,dfs,True,True,True,False
D,ollama__qwen2_5-coder__32b,branching_3,dfs,2,renamed,dfs,dfs,True,True,True,False
D,ollama__qwen2_5-coder__32b,branching_3,dfs,3,renamed,dfs,dfs,True,True,True,False
D,ollama__qwen2_5-coder__32b,branching_3,dfs,4,renamed,dfs,dfs,True,True,True,False
D,ollama__qwen2_5-coder__32b,branching_3,dfs,5,renamed,dfs,dfs,True,True,True,False
D,ollama__qwen3-coder__30b,branching_1,bfs,1,renamed,bfs,bfs,True,True,True,False
D,ollama__qwen3-coder__30b,branching_1,bfs,2,renamed,bfs,bfs,True,True,True,False
D,ollama__qwen3-coder__30b,branching_1,bfs,3,renamed,bfs,bfs,True,True,True,False
D,ollama__qwen3-coder__30b,branching_1,bfs,4,renamed,bfs,bfs,True,True,True,False
D,ollama__qwen3-coder__30b,branching_1,bfs,5,renamed,bfs,bfs,True,True,True,False
D,ollama__qwen3-coder__30b,branching_1,dfs,1,renamed,dfs,dfs,True,True,True,False
D,ollama__qwen3-coder__30b,branching_1,dfs,2,renamed,dfs,dfs,True,True,True,False
D,ollama__qwen3-coder__30b,branching_1,dfs,3,renamed,dfs,dfs,True,True,True,False
D,ollama__qwen3-coder__30b,branching_1,dfs,4,renamed,dfs,dfs,True,True,True,False
D,ollama__qwen3-coder__30b,branching_1,dfs,5,renamed,dfs,dfs,True,True,True,False
D,ollama__qwen3-coder__30b,branching_2,bfs,1,renamed,bfs,bfs,True,True,True,False
D,ollama__qwen3-coder__30b,branching_2,bfs,2,renamed,bfs,bfs,True,True,True,False
D,ollama__qwen3-coder__30b,branching_2,bfs,3,renamed,bfs,bfs,True,True,True,False
D,ollama__qwen3-coder__30b,branching_2,bfs,4,renamed,bfs,bfs,True,True,True,False
D,ollama__qwen3-coder__30b,branching_2,bfs,5,renamed,bfs,bfs,True,True,True,False
D,ollama__qwen3-coder__30b,branching_2,dfs,1,renamed,dfs,dfs,True,True,True,False
D,ollama__qwen3-coder__30b,branching_2,dfs,2,renamed,dfs,dfs,True,True,True,False
D,ollama__qwen3-coder__30b,branching_2,dfs,3,renamed,dfs,dfs,True,True,True,False
D,ollama__qwen3-coder__30b,branching_2,dfs,4,renamed,dfs,dfs,True,True,True,False
D,ollama__qwen3-coder__30b,branching_2,dfs,5,renamed,dfs,dfs,True,True,True,False
D,ollama__qwen3-coder__30b,branching_3,bfs,1,renamed,bfs,bfs,True,True,True,False
D,ollama__qwen3-coder__30b,branching_3,bfs,2,renamed,bfs,bfs,True,True,True,False
D,ollama__qwen3-coder__30b,branching_3,bfs,3,renamed,bfs,bfs,True,True,True,False
D,ollama__qwen3-coder__30b,branching_3,bfs,4,renamed,bfs,bfs,True,True,True,False
D,ollama__qwen3-coder__30b,branching_3,bfs,5,renamed,bfs,bfs,True,True,True,False
D,ollama__qwen3-coder__30b,branching_3,dfs,1,renamed,dfs,dfs,True,True,True,False
D,ollama__qwen3-coder__30b,branching_3,dfs,2,renamed,dfs,dfs,True,True,True,False
D,ollama__qwen3-coder__30b,branching_3,dfs,3,renamed,dfs,dfs,True,True,True,False
D,ollama__qwen3-coder__30b,branching_3,dfs,4,renamed,dfs,dfs,True,True,True,False
D,ollama__qwen3-coder__30b,branching_3,dfs,5,renamed,dfs,dfs,True,True,True,False
D,ollama__devstral__latest,branching_1,bfs,1,no_imports,bfs,bfs,True,True,True,False
D,ollama__devstral__latest,branching_1,bfs,2,no_imports,bfs,bfs,True,True,True,False
D,ollama__devstral__latest,branching_1,bfs,3,no_imports,bfs,bfs,True,True,True,False
D,ollama__devstral__latest,branching_1,bfs,4,no_imports,bfs,bfs,True,True,True,False
D,ollama__devstral__latest,branching_1,bfs,5,no_imports,bfs,bfs,True,True,True,False
D,ollama__devstral__latest,branching_1,dfs,1,no_imports,dfs,dfs,True,True,True,False
D,ollama__devstral__latest,branching_1,dfs,2,no_imports,dfs,dfs,True,True,True,False
D,ollama__devstral__latest,branching_1,dfs,3,no_imports,dfs,dfs,True,True,True,False
D,ollama__devstral__latest,branching_1,dfs,4,no_imports,dfs,dfs,True,True,True,False
D,ollama__devstral__latest,branching_1,dfs,5,no_imports,dfs,dfs,True,True,True,False
D,ollama__devstral__latest,branching_2,bfs,1,no_imports,bfs,bfs,True,True,True,False
D,ollama__devstral__latest,branching_2,bfs,2,no_imports,bfs,bfs,True,True,True,False
D,ollama__devstral__latest,branching_2,bfs,3,no_imports,bfs,bfs,True,True,True,False
D,ollama__devstral__latest,branching_2,bfs,4,no_imports,bfs,bfs,True,True,True,False
D,ollama__devstral__latest,branching_2,bfs,5,no_imports,bfs,bfs,True,True,True,False
D,ollama__devstral__latest,branching_2,dfs,1,no_imports,dfs,dfs,True,True,True,False
D,ollama__devstral__latest,branching_2,dfs,2,no_imports,dfs,dfs,True,True,True,False
D,ollama__devstral__latest,branching_2,dfs,3,no_imports,dfs,dfs,True,True,True,False
D,ollama__devstral__latest,branching_2,dfs,4,no_imports,dfs,dfs,True,True,True,False
D,ollama__devstral__latest,branching_2,dfs,5,no_imports,dfs,dfs,True,True,True,False
D,ollama__devstral__latest,branching_3,bfs,1,no_imports,bfs,bfs,True,True,True,False
D,ollama__devstral__latest,branching_3,bfs,2,no_imports,bfs,bfs,True,True,True,False
D,ollama__devstral__latest,branching_3,bfs,3,no_imports,bfs,bfs,True,True,True,False
D,ollama__devstral__latest,branching_3,bfs,4,no_imports,bfs,bfs,True,True,True,False
D,ollama__devstral__latest,branching_3,bfs,5,no_imports,bfs,bfs,True,True,True,False
D,ollama__devstral__latest,branching_3,dfs,1,no_imports,dfs,dfs,True,True,True,False
D,ollama__devstral__latest,branching_3,dfs,2,no_imports,dfs,dfs,True,True,True,False
D,ollama__devstral__latest,branching_3,dfs,3,no_imports,dfs,dfs,True,True,True,False
D,ollama__devstral__latest,branching_3,dfs,4,no_imports,dfs,dfs,True,True,True,False
D,ollama__devstral__latest,branching_3,dfs,5,no_imports,dfs,dfs,True,True,True,False
D,ollama__qwen2_5-coder__14b,branching_1,bfs,1,no_imports,bfs,bfs,True,True,True,False
D,ollama__qwen2_5-coder__14b,branching_1,bfs,2,no_imports,bfs,bfs,True,True,True,False
D,ollama__qwen2_5-coder__14b,branching_1,bfs,3,no_imports,bfs,bfs,True,True,True,False
D,ollama__qwen2_5-coder__14b,branching_1,bfs,4,no_imports,bfs,bfs,True,True,True,False
D,ollama__qwen2_5-coder__14b,branching_1,bfs,5,no_imports,bfs,bfs,True,True,True,False
D,ollama__qwen2_5-coder__14b,branching_1,dfs,1,no_imports,dfs,dfs,True,True,True,False
D,ollama__qwen2_5-coder__14b,branching_1,dfs,2,no_imports,dfs,dfs,True,True,True,False
D,ollama__qwen2_5-coder__14b,branching_1,dfs,3,no_imports,dfs,dfs,True,True,True,False
D,ollama__qwen2_5-coder__14b,branching_1,dfs,4,no_imports,dfs,dfs,True,True,True,False
D,ollama__qwen2_5-coder__14b,branching_1,dfs,5,no_imports,dfs,dfs,True,True,True,False
D,ollama__qwen2_5-coder__14b,branching_2,bfs,1,no_imports,bfs,bfs,True,True,True,False
D,ollama__qwen2_5-coder__14b,branching_2,bfs,2,no_imports,bfs,bfs,True,True,True,False
D,ollama__qwen2_5-coder__14b,branching_2,bfs,3,no_imports,bfs,bfs,True,True,True,False
D,ollama__qwen2_5-coder__14b,branching_2,bfs,4,no_imports,bfs,bfs,True,True,True,False
D,ollama__qwen2_5-coder__14b,branching_2,bfs,5,no_imports,bfs,bfs,True,True,True,False
D,ollama__qwen2_5-coder__14b,branching_2,dfs,1,no_imports,dfs,dfs,True,True,True,False
D,ollama__qwen2_5-coder__14b,branching_2,dfs,2,no_imports,dfs,dfs,True,True,True,False
D,ollama__qwen2_5-coder__14b,branching_2,dfs,3,no_imports,dfs,dfs,True,True,True,False
D,ollama__qwen2_5-coder__14b,branching_2,dfs,4,no_imports,dfs,dfs,True,True,True,False
D,ollama__qwen2_5-coder__14b,branching_2,dfs,5,no_imports,dfs,dfs,True,True,True,False
D,ollama__qwen2_5-coder__14b,branching_3,bfs,1,no_imports,bfs,bfs,True,True,True,False
D,ollama__qwen2_5-coder__14b,branching_3,bfs,2,no_imports,bfs,bfs,True,True,True,False
D,ollama__qwen2_5-coder__14b,branching_3,bfs,3,no_imports,bfs,bfs,True,True,True,False
D,ollama__qwen2_5-coder__14b,branching_3,bfs,4,no_imports,bfs,bfs,True,True,True,False
D,ollama__qwen2_5-coder__14b,branching_3,bfs,5,no_imports,bfs,bfs,True,True,True,False
D,ollama__qwen2_5-coder__14b,branching_3,dfs,1,no_imports,dfs,dfs,True,True,True,False
D,ollama__qwen2_5-coder__14b,branching_3,dfs,2,no_imports,dfs,dfs,True,True,True,False
D,ollama__qwen2_5-coder__14b,branching_3,dfs,3,no_imports,dfs,dfs,True,True,True,False
D,ollama__qwen2_5-coder__14b,branching_3,dfs,4,no_imports,dfs,dfs,True,True,True,False
D,ollama__qwen2_5-coder__14b,branching_3,dfs,5,no_imports,dfs,dfs,True,True,True,False
D,ollama__qwen2_5-coder__32b,branching_1,bfs,1,no_imports,bfs,bfs,True,True,True,False
D,ollama__qwen2_5-coder__32b,branching_1,bfs,2,no_imports,bfs,bfs,True,True,True,False
D,ollama__qwen2_5-coder__32b,branching_1,bfs,3,no_imports,bfs,bfs,True,True,True,False
D,ollama__qwen2_5-coder__32b,branching_1,bfs,4,no_imports,bfs,bfs,True,True,True,False
D,ollama__qwen2_5-coder__32b,branching_1,bfs,5,no_imports,bfs,bfs,True,True,True,False
D,ollama__qwen2_5-coder__32b,branching_1,dfs,1,no_imports,dfs,dfs,True,True,True,False
D,ollama__qwen2_5-coder__32b,branching_1,dfs,2,no_imports,dfs,dfs,True,True,True,False
D,ollama__qwen2_5-coder__32b,branching_1,dfs,3,no_imports,dfs,dfs,True,True,True,False
D,ollama__qwen2_5-coder__32b,branching_1,dfs,4,no_imports,dfs,dfs,True,True,True,False
D,ollama__qwen2_5-coder__32b,branching_1,dfs,5,no_imports,dfs,dfs,True,True,True,False
D,ollama__qwen2_5-coder__32b,branching_2,bfs,1,no_imports,bfs,bfs,True,True,True,False
D,ollama__qwen2_5-coder__32b,branching_2,bfs,2,no_imports,bfs,bfs,True,True,True,False
D,ollama__qwen2_5-coder__32b,branching_2,bfs,3,no_imports,bfs,bfs,True,True,True,False
D,ollama__qwen2_5-coder__32b,branching_2,bfs,4,no_imports,bfs,bfs,True,True,True,False
D,ollama__qwen2_5-coder__32b,branching_2,bfs,5,no_imports,bfs,bfs,True,True,True,False
D,ollama__qwen2_5-coder__32b,branching_2,dfs,1,no_imports,dfs,dfs,True,True,True,False
D,ollama__qwen2_5-coder__32b,branching_2,dfs,2,no_imports,dfs,dfs,True,True,True,False
D,ollama__qwen2_5-coder__32b,branching_2,dfs,3,no_imports,dfs,dfs,True,True,True,False
D,ollama__qwen2_5-coder__32b,branching_2,dfs,4,no_imports,dfs,dfs,True,True,True,False
D,ollama__qwen2_5-coder__32b,branching_2,dfs,5,no_imports,dfs,dfs,True,True,True,False
D,ollama__qwen2_5-coder__32b,branching_3,bfs,1,no_imports,bfs,bfs,True,True,True,False
D,ollama__qwen2_5-coder__32b,branching_3,bfs,2,no_imports,bfs,bfs,True,True,True,False
D,ollama__qwen2_5-coder__32b,branching_3,bfs,3,no_imports,bfs,bfs,True,True,True,False
D,ollama__qwen2_5-coder__32b,branching_3,bfs,4,no_imports,bfs,bfs,True,True,True,False
D,ollama__qwen2_5-coder__32b,branching_3,bfs,5,no_imports,bfs,bfs,True,True,True,False
D,ollama__qwen2_5-coder__32b,branching_3,dfs,1,no_imports,dfs,dfs,True,True,True,False
D,ollama__qwen2_5-coder__32b,branching_3,dfs,2,no_imports,dfs,dfs,True,True,True,False
D,ollama__qwen2_5-coder__32b,branching_3,dfs,3,no_imports,dfs,dfs,True,True,True,False
D,ollama__qwen2_5-coder__32b,branching_3,dfs,4,no_imports,dfs,dfs,True,True,True,False
D,ollama__qwen2_5-coder__32b,branching_3,dfs,5,no_imports,dfs,dfs,True,True,True,False
D,ollama__qwen3-coder__30b,branching_1,bfs,1,no_imports,bfs,bfs,True,True,True,False
D,ollama__qwen3-coder__30b,branching_1,bfs,2,no_imports,bfs,bfs,True,True,True,False
D,ollama__qwen3-coder__30b,branching_1,bfs,3,no_imports,bfs,bfs,True,True,True,False
D,ollama__qwen3-coder__30b,branching_1,bfs,4,no_imports,bfs,bfs,True,True,True,False
D,ollama__qwen3-coder__30b,branching_1,bfs,5,no_imports,bfs,bfs,True,True,True,False
D,ollama__qwen3-coder__30b,branching_1,dfs,1,no_imports,dfs,dfs,True,True,True,False
D,ollama__qwen3-coder__30b,branching_1,dfs,2,no_imports,dfs,dfs,True,True,True,False
D,ollama__qwen3-coder__30b,branching_1,dfs,3,no_imports,dfs,dfs,True,True,True,False
D,ollama__qwen3-coder__30b,branching_1,dfs,4,no_imports,dfs,dfs,True,True,True,False
D,ollama__qwen3-coder__30b,branching_1,dfs,5,no_imports,dfs,dfs,True,True,True,False
D,ollama__qwen3-coder__30b,branching_2,bfs,1,no_imports,bfs,bfs,True,True,True,False
D,ollama__qwen3-coder__30b,branching_2,bfs,2,no_imports,bfs,bfs,True,True,True,False
D,ollama__qwen3-coder__30b,branching_2,bfs,3,no_imports,bfs,bfs,True,True,True,False
D,ollama__qwen3-coder__30b,branching_2,bfs,4,no_imports,bfs,bfs,True,True,True,False
D,ollama__qwen3-coder__30b,branching_2,bfs,5,no_imports,bfs,bfs,True,True,True,False
D,ollama__qwen3-coder__30b,branching_2,dfs,1,no_imports,dfs,dfs,True,True,True,False
D,ollama__qwen3-coder__30b,branching_2,dfs,2,no_imports,dfs,dfs,True,True,True,False
D,ollama__qwen3-coder__30b,branching_2,dfs,3,no_imports,dfs,dfs,True,True,True,False
D,ollama__qwen3-coder__30b,branching_2,dfs,4,no_imports,dfs,dfs,True,True,True,False
D,ollama__qwen3-coder__30b,branching_2,dfs,5,no_imports,dfs,dfs,True,True,True,False
D,ollama__qwen3-coder__30b,branching_3,bfs,1,no_imports,bfs,bfs,True,True,True,False
D,ollama__qwen3-coder__30b,branching_3,bfs,2,no_imports,bfs,bfs,True,True,True,False
D,ollama__qwen3-coder__30b,branching_3,bfs,3,no_imports,bfs,bfs,True,True,True,False
D,ollama__qwen3-coder__30b,branching_3,bfs,4,no_imports,bfs,bfs,True,True,True,False
D,ollama__qwen3-coder__30b,branching_3,bfs,5,no_imports,bfs,bfs,True,True,True,False
D,ollama__qwen3-coder__30b,branching_3,dfs,1,no_imports,dfs,dfs,True,True,True,False
D,ollama__qwen3-coder__30b,branching_3,dfs,2,no_imports,dfs,dfs,True,True,True,False
D,ollama__qwen3-coder__30b,branching_3,dfs,3,no_imports,dfs,dfs,True,True,True,False
D,ollama__qwen3-coder__30b,branching_3,dfs,4,no_imports,dfs,dfs,True,True,True,False
D,ollama__qwen3-coder__30b,branching_3,dfs,5,no_imports,dfs,dfs,True,True,True,False
D,ollama__devstral__latest,branching_1,bfs,1,format_normalized,bfs,bfs,True,True,True,False
D,ollama__devstral__latest,branching_1,bfs,2,format_normalized,bfs,bfs,True,True,True,False
D,ollama__devstral__latest,branching_1,bfs,3,format_normalized,bfs,bfs,True,True,True,False
D,ollama__devstral__latest,branching_1,bfs,4,format_normalized,bfs,bfs,True,True,True,False
D,ollama__devstral__latest,branching_1,bfs,5,format_normalized,bfs,bfs,True,True,True,False
D,ollama__devstral__latest,branching_1,dfs,1,format_normalized,dfs,dfs,True,True,True,False
D,ollama__devstral__latest,branching_1,dfs,2,format_normalized,dfs,dfs,True,True,True,False
D,ollama__devstral__latest,branching_1,dfs,3,format_normalized,dfs,dfs,True,True,True,False
D,ollama__devstral__latest,branching_1,dfs,4,format_normalized,dfs,dfs,True,True,True,False
D,ollama__devstral__latest,branching_1,dfs,5,format_normalized,dfs,dfs,True,True,True,False
D,ollama__devstral__latest,branching_2,bfs,1,format_normalized,bfs,bfs,True,True,True,False
D,ollama__devstral__latest,branching_2,bfs,2,format_normalized,bfs,bfs,True,True,True,False
D,ollama__devstral__latest,branching_2,bfs,3,format_normalized,bfs,bfs,True,True,True,False
D,ollama__devstral__latest,branching_2,bfs,4,format_normalized,bfs,bfs,True,True,True,False
D,ollama__devstral__latest,branching_2,bfs,5,format_normalized,bfs,bfs,True,True,True,False
D,ollama__devstral__latest,branching_2,dfs,1,format_normalized,dfs,dfs,True,True,True,False
D,ollama__devstral__latest,branching_2,dfs,2,format_normalized,dfs,dfs,True,True,True,False
D,ollama__devstral__latest,branching_2,dfs,3,format_normalized,dfs,dfs,True,True,True,False
D,ollama__devstral__latest,branching_2,dfs,4,format_normalized,dfs,dfs,True,True,True,False
D,ollama__devstral__latest,branching_2,dfs,5,format_normalized,dfs,dfs,True,True,True,False
D,ollama__devstral__latest,branching_3,bfs,1,format_normalized,bfs,bfs,True,True,True,False
D,ollama__devstral__latest,branching_3,bfs,2,format_normalized,bfs,bfs,True,True,True,False
D,ollama__devstral__latest,branching_3,bfs,3,format_normalized,bfs,bfs,True,True,True,False
D,ollama__devstral__latest,branching_3,bfs,4,format_normalized,bfs,bfs,True,True,True,False
D,ollama__devstral__latest,branching_3,bfs,5,format_normalized,bfs,bfs,True,True,True,False
D,ollama__devstral__latest,branching_3,dfs,1,format_normalized,dfs,dfs,True,True,True,False
D,ollama__devstral__latest,branching_3,dfs,2,format_normalized,dfs,dfs,True,True,True,False
D,ollama__devstral__latest,branching_3,dfs,3,format_normalized,dfs,dfs,True,True,True,False
D,ollama__devstral__latest,branching_3,dfs,4,format_normalized,dfs,dfs,True,True,True,False
D,ollama__devstral__latest,branching_3,dfs,5,format_normalized,dfs,dfs,True,True,True,False
D,ollama__qwen2_5-coder__14b,branching_1,bfs,1,format_normalized,bfs,bfs,True,True,True,False
D,ollama__qwen2_5-coder__14b,branching_1,bfs,2,format_normalized,bfs,bfs,True,True,True,False
D,ollama__qwen2_5-coder__14b,branching_1,bfs,3,format_normalized,bfs,bfs,True,True,True,False
D,ollama__qwen2_5-coder__14b,branching_1,bfs,4,format_normalized,bfs,bfs,True,True,True,False
D,ollama__qwen2_5-coder__14b,branching_1,bfs,5,format_normalized,bfs,bfs,True,True,True,False
D,ollama__qwen2_5-coder__14b,branching_1,dfs,1,format_normalized,dfs,dfs,True,True,True,False
D,ollama__qwen2_5-coder__14b,branching_1,dfs,2,format_normalized,dfs,dfs,True,True,True,False
D,ollama__qwen2_5-coder__14b,branching_1,dfs,3,format_normalized,dfs,dfs,True,True,True,False
D,ollama__qwen2_5-coder__14b,branching_1,dfs,4,format_normalized,dfs,dfs,True,True,True,False
D,ollama__qwen2_5-coder__14b,branching_1,dfs,5,format_normalized,dfs,dfs,True,True,True,False
D,ollama__qwen2_5-coder__14b,branching_2,bfs,1,format_normalized,bfs,bfs,True,True,True,False
D,ollama__qwen2_5-coder__14b,branching_2,bfs,2,format_normalized,bfs,bfs,True,True,True,False
D,ollama__qwen2_5-coder__14b,branching_2,bfs,3,format_normalized,bfs,bfs,True,True,True,False
D,ollama__qwen2_5-coder__14b,branching_2,bfs,4,format_normalized,bfs,bfs,True,True,True,False
D,ollama__qwen2_5-coder__14b,branching_2,bfs,5,format_normalized,bfs,bfs,True,True,True,False
D,ollama__qwen2_5-coder__14b,branching_2,dfs,1,format_normalized,dfs,dfs,True,True,True,False
D,ollama__qwen2_5-coder__14b,branching_2,dfs,2,format_normalized,dfs,dfs,True,True,True,False
D,ollama__qwen2_5-coder__14b,branching_2,dfs,3,format_normalized,dfs,dfs,True,True,True,False
D,ollama__qwen2_5-coder__14b,branching_2,dfs,4,format_normalized,dfs,dfs,True,True,True,False
D,ollama__qwen2_5-coder__14b,branching_2,dfs,5,format_normalized,dfs,dfs,True,True,True,False
D,ollama__qwen2_5-coder__14b,branching_3,bfs,1,format_normalized,bfs,bfs,True,True,True,False
D,ollama__qwen2_5-coder__14b,branching_3,bfs,2,format_normalized,bfs,bfs,True,True,True,False
D,ollama__qwen2_5-coder__14b,branching_3,bfs,3,format_normalized,bfs,bfs,True,True,True,False
D,ollama__qwen2_5-coder__14b,branching_3,bfs,4,format_normalized,bfs,bfs,True,True,True,False
D,ollama__qwen2_5-coder__14b,branching_3,bfs,5,format_normalized,bfs,bfs,True,True,True,False
D,ollama__qwen2_5-coder__14b,branching_3,dfs,1,format_normalized,dfs,dfs,True,True,True,False
D,ollama__qwen2_5-coder__14b,branching_3,dfs,2,format_normalized,dfs,dfs,True,True,True,False
D,ollama__qwen2_5-coder__14b,branching_3,dfs,3,format_normalized,dfs,dfs,True,True,True,False
D,ollama__qwen2_5-coder__14b,branching_3,dfs,4,format_normalized,dfs,dfs,True,True,True,False
D,ollama__qwen2_5-coder__14b,branching_3,dfs,5,format_normalized,dfs,dfs,True,True,True,False
D,ollama__qwen2_5-coder__32b,branching_1,bfs,1,format_normalized,bfs,bfs,True,True,True,False
D,ollama__qwen2_5-coder__32b,branching_1,bfs,2,format_normalized,bfs,bfs,True,True,True,False
D,ollama__qwen2_5-coder__32b,branching_1,bfs,3,format_normalized,bfs,bfs,True,True,True,False
D,ollama__qwen2_5-coder__32b,branching_1,bfs,4,format_normalized,bfs,bfs,True,True,True,False
D,ollama__qwen2_5-coder__32b,branching_1,bfs,5,format_normalized,bfs,bfs,True,True,True,False
D,ollama__qwen2_5-coder__32b,branching_1,dfs,1,format_normalized,dfs,dfs,True,True,True,False
D,ollama__qwen2_5-coder__32b,branching_1,dfs,2,format_normalized,dfs,dfs,True,True,True,False
D,ollama__qwen2_5-coder__32b,branching_1,dfs,3,format_normalized,dfs,dfs,True,True,True,False
D,ollama__qwen2_5-coder__32b,branching_1,dfs,4,format_normalized,dfs,dfs,True,True,True,False
D,ollama__qwen2_5-coder__32b,branching_1,dfs,5,format_normalized,dfs,dfs,True,True,True,False
D,ollama__qwen2_5-coder__32b,branching_2,bfs,1,format_normalized,bfs,bfs,True,True,True,False
D,ollama__qwen2_5-coder__32b,branching_2,bfs,2,format_normalized,bfs,bfs,True,True,True,False
D,ollama__qwen2_5-coder__32b,branching_2,bfs,3,format_normalized,bfs,bfs,True,True,True,False
D,ollama__qwen2_5-coder__32b,branching_2,bfs,4,format_normalized,bfs,bfs,True,True,True,False
D,ollama__qwen2_5-coder__32b,branching_2,bfs,5,format_normalized,bfs,bfs,True,True,True,False
D,ollama__qwen2_5-coder__32b,branching_2,dfs,1,format_normalized,dfs,dfs,True,True,True,False
D,ollama__qwen2_5-coder__32b,branching_2,dfs,2,format_normalized,dfs,dfs,True,True,True,False
D,ollama__qwen2_5-coder__32b,branching_2,dfs,3,format_normalized,dfs,dfs,True,True,True,False
D,ollama__qwen2_5-coder__32b,branching_2,dfs,4,format_normalized,dfs,dfs,True,True,True,False
D,ollama__qwen2_5-coder__32b,branching_2,dfs,5,format_normalized,dfs,dfs,True,True,True,False
D,ollama__qwen2_5-coder__32b,branching_3,bfs,1,format_normalized,bfs,bfs,True,True,True,False
D,ollama__qwen2_5-coder__32b,branching_3,bfs,2,format_normalized,bfs,bfs,True,True,True,False
D,ollama__qwen2_5-coder__32b,branching_3,bfs,3,format_normalized,bfs,bfs,True,True,True,False
D,ollama__qwen2_5-coder__32b,branching_3,bfs,4,format_normalized,bfs,bfs,True,True,True,False
D,ollama__qwen2_5-coder__32b,branching_3,bfs,5,format_normalized,bfs,bfs,True,True,True,False
D,ollama__qwen2_5-coder__32b,branching_3,dfs,1,format_normalized,dfs,dfs,True,True,True,False
D,ollama__qwen2_5-coder__32b,branching_3,dfs,2,format_normalized,dfs,dfs,True,True,True,False
D,ollama__qwen2_5-coder__32b,branching_3,dfs,3,format_normalized,dfs,dfs,True,True,True,False
D,ollama__qwen2_5-coder__32b,branching_3,dfs,4,format_normalized,dfs,dfs,True,True,True,False
D,ollama__qwen2_5-coder__32b,branching_3,dfs,5,format_normalized,dfs,dfs,True,True,True,False
D,ollama__qwen3-coder__30b,branching_1,bfs,1,format_normalized,bfs,bfs,True,True,True,False
D,ollama__qwen3-coder__30b,branching_1,bfs,2,format_normalized,bfs,bfs,True,True,True,False
D,ollama__qwen3-coder__30b,branching_1,bfs,3,format_normalized,bfs,bfs,True,True,True,False
D,ollama__qwen3-coder__30b,branching_1,bfs,4,format_normalized,bfs,bfs,True,True,True,False
D,ollama__qwen3-coder__30b,branching_1,bfs,5,format_normalized,bfs,bfs,True,True,True,False
D,ollama__qwen3-coder__30b,branching_1,dfs,1,format_normalized,dfs,dfs,True,True,True,False
D,ollama__qwen3-coder__30b,branching_1,dfs,2,format_normalized,dfs,dfs,True,True,True,False
D,ollama__qwen3-coder__30b,branching_1,dfs,3,format_normalized,dfs,dfs,True,True,True,False
D,ollama__qwen3-coder__30b,branching_1,dfs,4,format_normalized,dfs,dfs,True,True,True,False
D,ollama__qwen3-coder__30b,branching_1,dfs,5,format_normalized,dfs,dfs,True,True,True,False
D,ollama__qwen3-coder__30b,branching_2,bfs,1,format_normalized,bfs,bfs,True,True,True,False
D,ollama__qwen3-coder__30b,branching_2,bfs,2,format_normalized,bfs,bfs,True,True,True,False
D,ollama__qwen3-coder__30b,branching_2,bfs,3,format_normalized,bfs,bfs,True,True,True,False
D,ollama__qwen3-coder__30b,branching_2,bfs,4,format_normalized,bfs,bfs,True,True,True,False
D,ollama__qwen3-coder__30b,branching_2,bfs,5,format_normalized,bfs,bfs,True,True,True,False
D,ollama__qwen3-coder__30b,branching_2,dfs,1,format_normalized,dfs,dfs,True,True,True,False
D,ollama__qwen3-coder__30b,branching_2,dfs,2,format_normalized,dfs,dfs,True,True,True,False
D,ollama__qwen3-coder__30b,branching_2,dfs,3,format_normalized,dfs,dfs,True,True,True,False
D,ollama__qwen3-coder__30b,branching_2,dfs,4,format_normalized,dfs,dfs,True,True,True,False
D,ollama__qwen3-coder__30b,branching_2,dfs,5,format_normalized,dfs,dfs,True,True,True,False
D,ollama__qwen3-coder__30b,branching_3,bfs,1,format_normalized,bfs,bfs,True,True,True,False
D,ollama__qwen3-coder__30b,branching_3,bfs,2,format_normalized,bfs,bfs,True,True,True,False
D,ollama__qwen3-coder__30b,branching_3,bfs,3,format_normalized,bfs,bfs,True,True,True,False
D,ollama__qwen3-coder__30b,branching_3,bfs,4,format_normalized,bfs,bfs,True,True,True,False
D,ollama__qwen3-coder__30b,branching_3,bfs,5,format_normalized,bfs,bfs,True,True,True,False
D,ollama__qwen3-coder__30b,branching_3,dfs,1,format_normalized,dfs,dfs,True,True,True,False
D,ollama__qwen3-coder__30b,branching_3,dfs,2,format_normalized,dfs,dfs,True,True,True,False
D,ollama__qwen3-coder__30b,branching_3,dfs,3,format_normalized,dfs,dfs,True,True,True,False
D,ollama__qwen3-coder__30b,branching_3,dfs,4,format_normalized,dfs,dfs,True,True,True,False
D,ollama__qwen3-coder__30b,branching_3,dfs,5,format_normalized,dfs,dfs,True,True,True,False
E,ollama__devstral__latest,letters_8,deterministic,1,raw,deterministic,deterministic,True,True,True,False
E,ollama__devstral__latest,letters_8,deterministic,2,raw,deterministic,deterministic,True,True,True,False
E,ollama__devstral__latest,letters_8,deterministic,3,raw,deterministic,deterministic,True,True,True,False
E,ollama__devstral__latest,letters_8,deterministic,4,raw,deterministic,deterministic,True,True,True,False
E,ollama__devstral__latest,letters_8,deterministic,5,raw,deterministic,deterministic,True,True,True,False
E,ollama__devstral__latest,letters_8,randomized,1,raw,randomized,randomized,True,True,True,False
E,ollama__devstral__latest,letters_8,randomized,2,raw,randomized,randomized,True,True,True,False
E,ollama__devstral__latest,letters_8,randomized,3,raw,randomized,randomized,True,True,True,False
E,ollama__devstral__latest,letters_8,randomized,4,raw,randomized,randomized,True,True,True,False
E,ollama__devstral__latest,letters_8,randomized,5,raw,randomized,randomized,True,True,True,False
E,ollama__devstral__latest,mixed_tokens,deterministic,1,raw,deterministic,deterministic,True,True,True,False
E,ollama__devstral__latest,mixed_tokens,deterministic,2,raw,deterministic,deterministic,True,True,True,False
E,ollama__devstral__latest,mixed_tokens,deterministic,3,raw,deterministic,deterministic,True,True,True,False
E,ollama__devstral__latest,mixed_tokens,deterministic,4,raw,deterministic,deterministic,True,True,True,False
E,ollama__devstral__latest,mixed_tokens,deterministic,5,raw,deterministic,deterministic,True,True,True,False
E,ollama__devstral__latest,mixed_tokens,randomized,1,raw,randomized,randomized,True,True,True,False
E,ollama__devstral__latest,mixed_tokens,randomized,2,raw,randomized,randomized,True,True,True,False
E,ollama__devstral__latest,mixed_tokens,randomized,3,raw,randomized,randomized,True,True,True,False
E,ollama__devstral__latest,mixed_tokens,randomized,4,raw,randomized,randomized,True,True,True,False
E,ollama__devstral__latest,mixed_tokens,randomized,5,raw,randomized,randomized,True,True,True,False
E,ollama__devstral__latest,numbers_10,deterministic,1,raw,deterministic,deterministic,True,True,True,False
E,ollama__devstral__latest,numbers_10,deterministic,2,raw,deterministic,deterministic,True,True,True,False
E,ollama__devstral__latest,numbers_10,deterministic,3,raw,deterministic,deterministic,True,True,True,False
E,ollama__devstral__latest,numbers_10,deterministic,4,raw,deterministic,deterministic,True,True,True,False
E,ollama__devstral__latest,numbers_10,deterministic,5,raw,deterministic,deterministic,True,True,True,False
E,ollama__devstral__latest,numbers_10,randomized,1,raw,randomized,randomized,True,True,True,False
E,ollama__devstral__latest,numbers_10,randomized,2,raw,randomized,randomized,True,True,True,False
E,ollama__devstral__latest,numbers_10,randomized,3,raw,randomized,randomized,True,True,True,False
E,ollama__devstral__latest,numbers_10,randomized,4,raw,randomized,randomized,True,True,True,False
E,ollama__devstral__latest,numbers_10,randomized,5,raw,randomized,randomized,True,True,True,False
E,ollama__qwen2_5-coder__14b,letters_8,deterministic,1,raw,deterministic,deterministic,True,True,True,False
E,ollama__qwen2_5-coder__14b,letters_8,deterministic,2,raw,deterministic,deterministic,True,True,True,False
E,ollama__qwen2_5-coder__14b,letters_8,deterministic,3,raw,deterministic,deterministic,True,True,True,False
E,ollama__qwen2_5-coder__14b,letters_8,deterministic,4,raw,deterministic,deterministic,True,True,True,False
E,ollama__qwen2_5-coder__14b,letters_8,deterministic,5,raw,deterministic,deterministic,True,True,True,False
E,ollama__qwen2_5-coder__14b,letters_8,randomized,1,raw,randomized,randomized,True,True,True,False
E,ollama__qwen2_5-coder__14b,letters_8,randomized,2,raw,randomized,randomized,True,True,True,False
E,ollama__qwen2_5-coder__14b,letters_8,randomized,3,raw,randomized,randomized,True,True,True,False
E,ollama__qwen2_5-coder__14b,letters_8,randomized,4,raw,randomized,randomized,True,True,True,False
E,ollama__qwen2_5-coder__14b,letters_8,randomized,5,raw,randomized,randomized,True,True,True,False
E,ollama__qwen2_5-coder__14b,mixed_tokens,deterministic,1,raw,deterministic,deterministic,True,True,True,False
E,ollama__qwen2_5-coder__14b,mixed_tokens,deterministic,2,raw,deterministic,deterministic,True,True,True,False
E,ollama__qwen2_5-coder__14b,mixed_tokens,deterministic,3,raw,deterministic,deterministic,True,True,True,False
E,ollama__qwen2_5-coder__14b,mixed_tokens,deterministic,4,raw,deterministic,deterministic,True,True,True,False
E,ollama__qwen2_5-coder__14b,mixed_tokens,deterministic,5,raw,deterministic,deterministic,True,True,True,False
E,ollama__qwen2_5-coder__14b,mixed_tokens,randomized,1,raw,randomized,randomized,True,True,True,False
E,ollama__qwen2_5-coder__14b,mixed_tokens,randomized,2,raw,randomized,randomized,True,True,True,False
E,ollama__qwen2_5-coder__14b,mixed_tokens,randomized,3,raw,randomized,randomized,True,True,True,False
E,ollama__qwen2_5-coder__14b,mixed_tokens,randomized,4,raw,randomized,randomized,True,True,True,False
E,ollama__qwen2_5-coder__14b,mixed_tokens,randomized,5,raw,randomized,randomized,True,True,True,False
E,ollama__qwen2_5-coder__14b,numbers_10,deterministic,1,raw,deterministic,deterministic,True,True,True,False
E,ollama__qwen2_5-coder__14b,numbers_10,deterministic,2,raw,deterministic,deterministic,True,True,True,False
E,ollama__qwen2_5-coder__14b,numbers_10,deterministic,3,raw,deterministic,deterministic,True,True,True,False
E,ollama__qwen2_5-coder__14b,numbers_10,deterministic,4,raw,deterministic,deterministic,True,True,True,False
E,ollama__qwen2_5-coder__14b,numbers_10,deterministic,5,raw,deterministic,deterministic,True,True,True,False
E,ollama__qwen2_5-coder__14b,numbers_10,randomized,1,raw,randomized,randomized,True,True,True,False
E,ollama__qwen2_5-coder__14b,numbers_10,randomized,2,raw,randomized,randomized,True,True,True,False
E,ollama__qwen2_5-coder__14b,numbers_10,randomized,3,raw,randomized,randomized,True,True,True,False
E,ollama__qwen2_5-coder__14b,numbers_10,randomized,4,raw,randomized,randomized,True,True,True,False
E,ollama__qwen2_5-coder__14b,numbers_10,randomized,5,raw,randomized,randomized,True,True,True,False
E,ollama__qwen2_5-coder__32b,letters_8,deterministic,1,raw,deterministic,deterministic,True,True,True,False
E,ollama__qwen2_5-coder__32b,letters_8,deterministic,2,raw,deterministic,deterministic,True,True,True,False
E,ollama__qwen2_5-coder__32b,letters_8,deterministic,3,raw,deterministic,deterministic,True,True,True,False
E,ollama__qwen2_5-coder__32b,letters_8,deterministic,4,raw,deterministic,deterministic,True,True,True,False
E,ollama__qwen2_5-coder__32b,letters_8,deterministic,5,raw,deterministic,deterministic,True,True,True,False
E,ollama__qwen2_5-coder__32b,letters_8,randomized,1,raw,randomized,randomized,True,True,True,False
E,ollama__qwen2_5-coder__32b,letters_8,randomized,2,raw,randomized,randomized,True,True,True,False
E,ollama__qwen2_5-coder__32b,letters_8,randomized,3,raw,randomized,randomized,True,True,True,False
E,ollama__qwen2_5-coder__32b,letters_8,randomized,4,raw,randomized,randomized,True,True,True,False
E,ollama__qwen2_5-coder__32b,letters_8,randomized,5,raw,randomized,randomized,True,True,True,False
E,ollama__qwen2_5-coder__32b,mixed_tokens,deterministic,1,raw,deterministic,deterministic,True,True,True,False
E,ollama__qwen2_5-coder__32b,mixed_tokens,deterministic,2,raw,deterministic,deterministic,True,True,True,False
E,ollama__qwen2_5-coder__32b,mixed_tokens,deterministic,3,raw,deterministic,deterministic,True,True,True,False
E,ollama__qwen2_5-coder__32b,mixed_tokens,deterministic,4,raw,deterministic,deterministic,True,True,True,False
E,ollama__qwen2_5-coder__32b,mixed_tokens,deterministic,5,raw,deterministic,deterministic,True,True,True,False
E,ollama__qwen2_5-coder__32b,mixed_tokens,randomized,1,raw,randomized,randomized,True,True,True,False
E,ollama__qwen2_5-coder__32b,mixed_tokens,randomized,2,raw,randomized,randomized,True,True,True,False
E,ollama__qwen2_5-coder__32b,mixed_tokens,randomized,3,raw,randomized,randomized,True,True,True,False
E,ollama__qwen2_5-coder__32b,mixed_tokens,randomized,4,raw,randomized,randomized,True,True,True,False
E,ollama__qwen2_5-coder__32b,mixed_tokens,randomized,5,raw,randomized,randomized,True,True,True,False
E,ollama__qwen2_5-coder__32b,numbers_10,deterministic,1,raw,deterministic,deterministic,True,True,True,False
E,ollama__qwen2_5-coder__32b,numbers_10,deterministic,2,raw,deterministic,deterministic,True,True,True,False
E,ollama__qwen2_5-coder__32b,numbers_10,deterministic,3,raw,deterministic,deterministic,True,True,True,False
E,ollama__qwen2_5-coder__32b,numbers_10,deterministic,4,raw,deterministic,deterministic,True,True,True,False
E,ollama__qwen2_5-coder__32b,numbers_10,deterministic,5,raw,deterministic,deterministic,True,True,True,False
E,ollama__qwen2_5-coder__32b,numbers_10,randomized,1,raw,randomized,randomized,True,True,True,False
E,ollama__qwen2_5-coder__32b,numbers_10,randomized,2,raw,randomized,randomized,True,True,True,False
E,ollama__qwen2_5-coder__32b,numbers_10,randomized,3,raw,randomized,randomized,True,True,True,False
E,ollama__qwen2_5-coder__32b,numbers_10,randomized,4,raw,randomized,randomized,True,True,True,False
E,ollama__qwen2_5-coder__32b,numbers_10,randomized,5,raw,randomized,randomized,True,True,True,False
E,ollama__qwen3-coder__30b,letters_8,deterministic,1,raw,deterministic,deterministic,True,True,True,False
E,ollama__qwen3-coder__30b,letters_8,deterministic,2,raw,deterministic,deterministic,True,True,True,False
E,ollama__qwen3-coder__30b,letters_8,deterministic,3,raw,deterministic,deterministic,True,True,True,False
E,ollama__qwen3-coder__30b,letters_8,deterministic,4,raw,deterministic,deterministic,True,True,True,False
E,ollama__qwen3-coder__30b,letters_8,deterministic,5,raw,deterministic,deterministic,True,True,True,False
E,ollama__qwen3-coder__30b,letters_8,randomized,1,raw,randomized,randomized,True,True,True,False
E,ollama__qwen3-coder__30b,letters_8,randomized,2,raw,randomized,randomized,True,True,True,False
E,ollama__qwen3-coder__30b,letters_8,randomized,3,raw,randomized,randomized,True,True,True,False
E,ollama__qwen3-coder__30b,letters_8,randomized,4,raw,randomized,randomized,True,True,True,False
E,ollama__qwen3-coder__30b,letters_8,randomized,5,raw,randomized,randomized,True,True,True,False
E,ollama__qwen3-coder__30b,mixed_tokens,deterministic,1,raw,deterministic,deterministic,True,True,True,False
E,ollama__qwen3-coder__30b,mixed_tokens,deterministic,2,raw,deterministic,deterministic,True,True,True,False
E,ollama__qwen3-coder__30b,mixed_tokens,deterministic,3,raw,deterministic,deterministic,True,True,True,False
E,ollama__qwen3-coder__30b,mixed_tokens,deterministic,4,raw,deterministic,deterministic,True,True,True,False
E,ollama__qwen3-coder__30b,mixed_tokens,deterministic,5,raw,deterministic,deterministic,True,True,True,False
E,ollama__qwen3-coder__30b,mixed_tokens,randomized,1,raw,randomized,randomized,True,True,True,False
E,ollama__qwen3-coder__30b,mixed_tokens,randomized,2,raw,randomized,randomized,True,True,True,False
E,ollama__qwen3-coder__30b,mixed_tokens,randomized,3,raw,randomized,randomized,True,True,True,False
E,ollama__qwen3-coder__30b,mixed_tokens,randomized,4,raw,randomized,randomized,True,True,True,False
E,ollama__qwen3-coder__30b,mixed_tokens,randomized,5,raw,randomized,randomized,True,True,True,False
E,ollama__qwen3-coder__30b,numbers_10,deterministic,1,raw,deterministic,deterministic,True,True,True,False
E,ollama__qwen3-coder__30b,numbers_10,deterministic,2,raw,deterministic,deterministic,True,True,True,False
E,ollama__qwen3-coder__30b,numbers_10,deterministic,3,raw,deterministic,deterministic,True,True,True,False
E,ollama__qwen3-coder__30b,numbers_10,deterministic,4,raw,deterministic,deterministic,True,True,True,False
E,ollama__qwen3-coder__30b,numbers_10,deterministic,5,raw,deterministic,deterministic,True,True,True,False
E,ollama__qwen3-coder__30b,numbers_10,randomized,1,raw,randomized,randomized,True,True,True,False
E,ollama__qwen3-coder__30b,numbers_10,randomized,2,raw,randomized,randomized,True,True,True,False
E,ollama__qwen3-coder__30b,numbers_10,randomized,3,raw,randomized,randomized,True,True,True,False
E,ollama__qwen3-coder__30b,numbers_10,randomized,4,raw,randomized,randomized,True,True,True,False
E,ollama__qwen3-coder__30b,numbers_10,randomized,5,raw,randomized,randomized,True,True,True,False
E,ollama__devstral__latest,letters_8,deterministic,1,no_comments,deterministic,deterministic,True,True,True,False
E,ollama__devstral__latest,letters_8,deterministic,2,no_comments,deterministic,deterministic,True,True,True,False
E,ollama__devstral__latest,letters_8,deterministic,3,no_comments,deterministic,deterministic,True,True,True,False
E,ollama__devstral__latest,letters_8,deterministic,4,no_comments,deterministic,deterministic,True,True,True,False
E,ollama__devstral__latest,letters_8,deterministic,5,no_comments,deterministic,deterministic,True,True,True,False
E,ollama__devstral__latest,letters_8,randomized,1,no_comments,randomized,randomized,True,True,True,False
E,ollama__devstral__latest,letters_8,randomized,2,no_comments,randomized,randomized,True,True,True,False
E,ollama__devstral__latest,letters_8,randomized,3,no_comments,randomized,randomized,True,True,True,False
E,ollama__devstral__latest,letters_8,randomized,4,no_comments,randomized,randomized,True,True,True,False
E,ollama__devstral__latest,letters_8,randomized,5,no_comments,randomized,randomized,True,True,True,False
E,ollama__devstral__latest,mixed_tokens,deterministic,1,no_comments,deterministic,deterministic,True,True,True,False
E,ollama__devstral__latest,mixed_tokens,deterministic,2,no_comments,deterministic,deterministic,True,True,True,False
E,ollama__devstral__latest,mixed_tokens,deterministic,3,no_comments,deterministic,deterministic,True,True,True,False
E,ollama__devstral__latest,mixed_tokens,deterministic,4,no_comments,deterministic,deterministic,True,True,True,False
E,ollama__devstral__latest,mixed_tokens,deterministic,5,no_comments,deterministic,deterministic,True,True,True,False
E,ollama__devstral__latest,mixed_tokens,randomized,1,no_comments,randomized,randomized,True,True,True,False
E,ollama__devstral__latest,mixed_tokens,randomized,2,no_comments,randomized,randomized,True,True,True,False
E,ollama__devstral__latest,mixed_tokens,randomized,3,no_comments,randomized,randomized,True,True,True,False
E,ollama__devstral__latest,mixed_tokens,randomized,4,no_comments,randomized,randomized,True,True,True,False
E,ollama__devstral__latest,mixed_tokens,randomized,5,no_comments,randomized,randomized,True,True,True,False
E,ollama__devstral__latest,numbers_10,deterministic,1,no_comments,deterministic,deterministic,True,True,True,False
E,ollama__devstral__latest,numbers_10,deterministic,2,no_comments,deterministic,deterministic,True,True,True,False
E,ollama__devstral__latest,numbers_10,deterministic,3,no_comments,deterministic,deterministic,True,True,True,False
E,ollama__devstral__latest,numbers_10,deterministic,4,no_comments,deterministic,deterministic,True,True,True,False
E,ollama__devstral__latest,numbers_10,deterministic,5,no_comments,deterministic,deterministic,True,True,True,False
E,ollama__devstral__latest,numbers_10,randomized,1,no_comments,randomized,randomized,True,True,True,False
E,ollama__devstral__latest,numbers_10,randomized,2,no_comments,randomized,randomized,True,True,True,False
E,ollama__devstral__latest,numbers_10,randomized,3,no_comments,randomized,randomized,True,True,True,False
E,ollama__devstral__latest,numbers_10,randomized,4,no_comments,randomized,randomized,True,True,True,False
E,ollama__devstral__latest,numbers_10,randomized,5,no_comments,randomized,randomized,True,True,True,False
E,ollama__qwen2_5-coder__14b,letters_8,deterministic,1,no_comments,deterministic,deterministic,True,True,True,False
E,ollama__qwen2_5-coder__14b,letters_8,deterministic,2,no_comments,deterministic,deterministic,True,True,True,False
E,ollama__qwen2_5-coder__14b,letters_8,deterministic,3,no_comments,deterministic,deterministic,True,True,True,False
E,ollama__qwen2_5-coder__14b,letters_8,deterministic,4,no_comments,deterministic,deterministic,True,True,True,False
E,ollama__qwen2_5-coder__14b,letters_8,deterministic,5,no_comments,deterministic,deterministic,True,True,True,False
E,ollama__qwen2_5-coder__14b,letters_8,randomized,1,no_comments,randomized,randomized,True,True,True,False
E,ollama__qwen2_5-coder__14b,letters_8,randomized,2,no_comments,randomized,randomized,True,True,True,False
E,ollama__qwen2_5-coder__14b,letters_8,randomized,3,no_comments,randomized,randomized,True,True,True,False
E,ollama__qwen2_5-coder__14b,letters_8,randomized,4,no_comments,randomized,randomized,True,True,True,False
E,ollama__qwen2_5-coder__14b,letters_8,randomized,5,no_comments,randomized,randomized,True,True,True,False
E,ollama__qwen2_5-coder__14b,mixed_tokens,deterministic,1,no_comments,deterministic,deterministic,True,True,True,False
E,ollama__qwen2_5-coder__14b,mixed_tokens,deterministic,2,no_comments,deterministic,deterministic,True,True,True,False
E,ollama__qwen2_5-coder__14b,mixed_tokens,deterministic,3,no_comments,deterministic,deterministic,True,True,True,False
E,ollama__qwen2_5-coder__14b,mixed_tokens,deterministic,4,no_comments,deterministic,deterministic,True,True,True,False
E,ollama__qwen2_5-coder__14b,mixed_tokens,deterministic,5,no_comments,deterministic,deterministic,True,True,True,False
E,ollama__qwen2_5-coder__14b,mixed_tokens,randomized,1,no_comments,randomized,randomized,True,True,True,False
E,ollama__qwen2_5-coder__14b,mixed_tokens,randomized,2,no_comments,randomized,randomized,True,True,True,False
E,ollama__qwen2_5-coder__14b,mixed_tokens,randomized,3,no_comments,randomized,randomized,True,True,True,False
E,ollama__qwen2_5-coder__14b,mixed_tokens,randomized,4,no_comments,randomized,randomized,True,True,True,False
E,ollama__qwen2_5-coder__14b,mixed_tokens,randomized,5,no_comments,randomized,randomized,True,True,True,False
E,ollama__qwen2_5-coder__14b,numbers_10,deterministic,1,no_comments,deterministic,deterministic,True,True,True,False
E,ollama__qwen2_5-coder__14b,numbers_10,deterministic,2,no_comments,deterministic,deterministic,True,True,True,False
E,ollama__qwen2_5-coder__14b,numbers_10,deterministic,3,no_comments,deterministic,deterministic,True,True,True,False
E,ollama__qwen2_5-coder__14b,numbers_10,deterministic,4,no_comments,deterministic,deterministic,True,True,True,False
E,ollama__qwen2_5-coder__14b,numbers_10,deterministic,5,no_comments,deterministic,deterministic,True,True,True,False
E,ollama__qwen2_5-coder__14b,numbers_10,randomized,1,no_comments,randomized,randomized,True,True,True,False
E,ollama__qwen2_5-coder__14b,numbers_10,randomized,2,no_comments,randomized,randomized,True,True,True,False
E,ollama__qwen2_5-coder__14b,numbers_10,randomized,3,no_comments,randomized,randomized,True,True,True,False
E,ollama__qwen2_5-coder__14b,numbers_10,randomized,4,no_comments,randomized,randomized,True,True,True,False
E,ollama__qwen2_5-coder__14b,numbers_10,randomized,5,no_comments,randomized,randomized,True,True,True,False
E,ollama__qwen2_5-coder__32b,letters_8,deterministic,1,no_comments,deterministic,deterministic,True,True,True,False
E,ollama__qwen2_5-coder__32b,letters_8,deterministic,2,no_comments,deterministic,deterministic,True,True,True,False
E,ollama__qwen2_5-coder__32b,letters_8,deterministic,3,no_comments,deterministic,deterministic,True,True,True,False
E,ollama__qwen2_5-coder__32b,letters_8,deterministic,4,no_comments,deterministic,deterministic,True,True,True,False
E,ollama__qwen2_5-coder__32b,letters_8,deterministic,5,no_comments,deterministic,deterministic,True,True,True,False
E,ollama__qwen2_5-coder__32b,letters_8,randomized,1,no_comments,randomized,randomized,True,True,True,False
E,ollama__qwen2_5-coder__32b,letters_8,randomized,2,no_comments,randomized,randomized,True,True,True,False
E,ollama__qwen2_5-coder__32b,letters_8,randomized,3,no_comments,randomized,randomized,True,True,True,False
E,ollama__qwen2_5-coder__32b,letters_8,randomized,4,no_comments,randomized,randomized,True,True,True,False
E,ollama__qwen2_5-coder__32b,letters_8,randomized,5,no_comments,randomized,randomized,True,True,True,False
E,ollama__qwen2_5-coder__32b,mixed_tokens,deterministic,1,no_comments,deterministic,deterministic,True,True,True,False
E,ollama__qwen2_5-coder__32b,mixed_tokens,deterministic,2,no_comments,deterministic,deterministic,True,True,True,False
E,ollama__qwen2_5-coder__32b,mixed_tokens,deterministic,3,no_comments,deterministic,deterministic,True,True,True,False
E,ollama__qwen2_5-coder__32b,mixed_tokens,deterministic,4,no_comments,deterministic,deterministic,True,True,True,False
E,ollama__qwen2_5-coder__32b,mixed_tokens,deterministic,5,no_comments,deterministic,deterministic,True,True,True,False
E,ollama__qwen2_5-coder__32b,mixed_tokens,randomized,1,no_comments,randomized,randomized,True,True,True,False
E,ollama__qwen2_5-coder__32b,mixed_tokens,randomized,2,no_comments,randomized,randomized,True,True,True,False
E,ollama__qwen2_5-coder__32b,mixed_tokens,randomized,3,no_comments,randomized,randomized,True,True,True,False
E,ollama__qwen2_5-coder__32b,mixed_tokens,randomized,4,no_comments,randomized,randomized,True,True,True,False
E,ollama__qwen2_5-coder__32b,mixed_tokens,randomized,5,no_comments,randomized,randomized,True,True,True,False
E,ollama__qwen2_5-coder__32b,numbers_10,deterministic,1,no_comments,deterministic,deterministic,True,True,True,False
E,ollama__qwen2_5-coder__32b,numbers_10,deterministic,2,no_comments,deterministic,deterministic,True,True,True,False
E,ollama__qwen2_5-coder__32b,numbers_10,deterministic,3,no_comments,deterministic,deterministic,True,True,True,False
E,ollama__qwen2_5-coder__32b,numbers_10,deterministic,4,no_comments,deterministic,deterministic,True,True,True,False
E,ollama__qwen2_5-coder__32b,numbers_10,deterministic,5,no_comments,deterministic,deterministic,True,True,True,False
E,ollama__qwen2_5-coder__32b,numbers_10,randomized,1,no_comments,randomized,randomized,True,True,True,False
E,ollama__qwen2_5-coder__32b,numbers_10,randomized,2,no_comments,randomized,randomized,True,True,True,False
E,ollama__qwen2_5-coder__32b,numbers_10,randomized,3,no_comments,randomized,randomized,True,True,True,False
E,ollama__qwen2_5-coder__32b,numbers_10,randomized,4,no_comments,randomized,randomized,True,True,True,False
E,ollama__qwen2_5-coder__32b,numbers_10,randomized,5,no_comments,randomized,randomized,True,True,True,False
E,ollama__qwen3-coder__30b,letters_8,deterministic,1,no_comments,deterministic,deterministic,True,True,True,False
E,ollama__qwen3-coder__30b,letters_8,deterministic,2,no_comments,deterministic,deterministic,True,True,True,False
E,ollama__qwen3-coder__30b,letters_8,deterministic,3,no_comments,deterministic,deterministic,True,True,True,False
E,ollama__qwen3-coder__30b,letters_8,deterministic,4,no_comments,deterministic,deterministic,True,True,True,False
E,ollama__qwen3-coder__30b,letters_8,deterministic,5,no_comments,deterministic,deterministic,True,True,True,False
E,ollama__qwen3-coder__30b,letters_8,randomized,1,no_comments,randomized,randomized,True,True,True,False
E,ollama__qwen3-coder__30b,letters_8,randomized,2,no_comments,randomized,randomized,True,True,True,False
E,ollama__qwen3-coder__30b,letters_8,randomized,3,no_comments,randomized,randomized,True,True,True,False
E,ollama__qwen3-coder__30b,letters_8,randomized,4,no_comments,randomized,randomized,True,True,True,False
E,ollama__qwen3-coder__30b,letters_8,randomized,5,no_comments,randomized,randomized,True,True,True,False
E,ollama__qwen3-coder__30b,mixed_tokens,deterministic,1,no_comments,deterministic,deterministic,True,True,True,False
E,ollama__qwen3-coder__30b,mixed_tokens,deterministic,2,no_comments,deterministic,deterministic,True,True,True,False
E,ollama__qwen3-coder__30b,mixed_tokens,deterministic,3,no_comments,deterministic,deterministic,True,True,True,False
E,ollama__qwen3-coder__30b,mixed_tokens,deterministic,4,no_comments,deterministic,deterministic,True,True,True,False
E,ollama__qwen3-coder__30b,mixed_tokens,deterministic,5,no_comments,deterministic,deterministic,True,True,True,False
E,ollama__qwen3-coder__30b,mixed_tokens,randomized,1,no_comments,randomized,randomized,True,True,True,False
E,ollama__qwen3-coder__30b,mixed_tokens,randomized,2,no_comments,randomized,randomized,True,True,True,False
E,ollama__qwen3-coder__30b,mixed_tokens,randomized,3,no_comments,randomized,randomized,True,True,True,False
E,ollama__qwen3-coder__30b,mixed_tokens,randomized,4,no_comments,randomized,randomized,True,True,True,False
E,ollama__qwen3-coder__30b,mixed_tokens,randomized,5,no_comments,randomized,randomized,True,True,True,False
E,ollama__qwen3-coder__30b,numbers_10,deterministic,1,no_comments,deterministic,deterministic,True,True,True,False
E,ollama__qwen3-coder__30b,numbers_10,deterministic,2,no_comments,deterministic,deterministic,True,True,True,False
E,ollama__qwen3-coder__30b,numbers_10,deterministic,3,no_comments,deterministic,deterministic,True,True,True,False
E,ollama__qwen3-coder__30b,numbers_10,deterministic,4,no_comments,deterministic,deterministic,True,True,True,False
E,ollama__qwen3-coder__30b,numbers_10,deterministic,5,no_comments,deterministic,deterministic,True,True,True,False
E,ollama__qwen3-coder__30b,numbers_10,randomized,1,no_comments,randomized,randomized,True,True,True,False
E,ollama__qwen3-coder__30b,numbers_10,randomized,2,no_comments,randomized,randomized,True,True,True,False
E,ollama__qwen3-coder__30b,numbers_10,randomized,3,no_comments,randomized,randomized,True,True,True,False
E,ollama__qwen3-coder__30b,numbers_10,randomized,4,no_comments,randomized,randomized,True,True,True,False
E,ollama__qwen3-coder__30b,numbers_10,randomized,5,no_comments,randomized,randomized,True,True,True,False
E,ollama__devstral__latest,letters_8,deterministic,1,renamed,deterministic,deterministic,True,True,True,False
E,ollama__devstral__latest,letters_8,deterministic,2,renamed,deterministic,deterministic,True,True,True,False
E,ollama__devstral__latest,letters_8,deterministic,3,renamed,deterministic,deterministic,True,True,True,False
E,ollama__devstral__latest,letters_8,deterministic,4,renamed,deterministic,deterministic,True,True,True,False
E,ollama__devstral__latest,letters_8,deterministic,5,renamed,deterministic,deterministic,True,True,True,False
E,ollama__devstral__latest,letters_8,randomized,1,renamed,randomized,randomized,True,True,True,False
E,ollama__devstral__latest,letters_8,randomized,2,renamed,randomized,randomized,True,True,True,False
E,ollama__devstral__latest,letters_8,randomized,3,renamed,randomized,randomized,True,True,True,False
E,ollama__devstral__latest,letters_8,randomized,4,renamed,randomized,randomized,True,True,True,False
E,ollama__devstral__latest,letters_8,randomized,5,renamed,randomized,randomized,True,True,True,False
E,ollama__devstral__latest,mixed_tokens,deterministic,1,renamed,deterministic,deterministic,True,True,True,False
E,ollama__devstral__latest,mixed_tokens,deterministic,2,renamed,deterministic,deterministic,True,True,True,False
E,ollama__devstral__latest,mixed_tokens,deterministic,3,renamed,deterministic,deterministic,True,True,True,False
E,ollama__devstral__latest,mixed_tokens,deterministic,4,renamed,deterministic,deterministic,True,True,True,False
E,ollama__devstral__latest,mixed_tokens,deterministic,5,renamed,deterministic,deterministic,True,True,True,False
E,ollama__devstral__latest,mixed_tokens,randomized,1,renamed,randomized,randomized,True,True,True,False
E,ollama__devstral__latest,mixed_tokens,randomized,2,renamed,randomized,randomized,True,True,True,False
E,ollama__devstral__latest,mixed_tokens,randomized,3,renamed,randomized,randomized,True,True,True,False
E,ollama__devstral__latest,mixed_tokens,randomized,4,renamed,randomized,randomized,True,True,True,False
E,ollama__devstral__latest,mixed_tokens,randomized,5,renamed,randomized,randomized,True,True,True,False
E,ollama__devstral__latest,numbers_10,deterministic,1,renamed,deterministic,deterministic,True,True,True,False
E,ollama__devstral__latest,numbers_10,deterministic,2,renamed,deterministic,deterministic,True,True,True,False
E,ollama__devstral__latest,numbers_10,deterministic,3,renamed,deterministic,deterministic,True,True,True,False
E,ollama__devstral__latest,numbers_10,deterministic,4,renamed,deterministic,deterministic,True,True,True,False
E,ollama__devstral__latest,numbers_10,deterministic,5,renamed,deterministic,deterministic,True,True,True,False
E,ollama__devstral__latest,numbers_10,randomized,1,renamed,randomized,randomized,True,True,True,False
E,ollama__devstral__latest,numbers_10,randomized,2,renamed,randomized,randomized,True,True,True,False
E,ollama__devstral__latest,numbers_10,randomized,3,renamed,randomized,randomized,True,True,True,False
E,ollama__devstral__latest,numbers_10,randomized,4,renamed,randomized,randomized,True,True,True,False
E,ollama__devstral__latest,numbers_10,randomized,5,renamed,randomized,randomized,True,True,True,False
E,ollama__qwen2_5-coder__14b,letters_8,deterministic,1,renamed,deterministic,deterministic,True,True,True,False
E,ollama__qwen2_5-coder__14b,letters_8,deterministic,2,renamed,deterministic,deterministic,True,True,True,False
E,ollama__qwen2_5-coder__14b,letters_8,deterministic,3,renamed,deterministic,deterministic,True,True,True,False
E,ollama__qwen2_5-coder__14b,letters_8,deterministic,4,renamed,deterministic,deterministic,True,True,True,False
E,ollama__qwen2_5-coder__14b,letters_8,deterministic,5,renamed,deterministic,deterministic,True,True,True,False
E,ollama__qwen2_5-coder__14b,letters_8,randomized,1,renamed,randomized,randomized,True,True,True,False
E,ollama__qwen2_5-coder__14b,letters_8,randomized,2,renamed,randomized,randomized,True,True,True,False
E,ollama__qwen2_5-coder__14b,letters_8,randomized,3,renamed,randomized,randomized,True,True,True,False
E,ollama__qwen2_5-coder__14b,letters_8,randomized,4,renamed,randomized,randomized,True,True,True,False
E,ollama__qwen2_5-coder__14b,letters_8,randomized,5,renamed,randomized,randomized,True,True,True,False
E,ollama__qwen2_5-coder__14b,mixed_tokens,deterministic,1,renamed,deterministic,deterministic,True,True,True,False
E,ollama__qwen2_5-coder__14b,mixed_tokens,deterministic,2,renamed,deterministic,deterministic,True,True,True,False
E,ollama__qwen2_5-coder__14b,mixed_tokens,deterministic,3,renamed,deterministic,deterministic,True,True,True,False
E,ollama__qwen2_5-coder__14b,mixed_tokens,deterministic,4,renamed,deterministic,deterministic,True,True,True,False
E,ollama__qwen2_5-coder__14b,mixed_tokens,deterministic,5,renamed,deterministic,deterministic,True,True,True,False
E,ollama__qwen2_5-coder__14b,mixed_tokens,randomized,1,renamed,randomized,randomized,True,True,True,False
E,ollama__qwen2_5-coder__14b,mixed_tokens,randomized,2,renamed,randomized,randomized,True,True,True,False
E,ollama__qwen2_5-coder__14b,mixed_tokens,randomized,3,renamed,randomized,randomized,True,True,True,False
E,ollama__qwen2_5-coder__14b,mixed_tokens,randomized,4,renamed,randomized,randomized,True,True,True,False
E,ollama__qwen2_5-coder__14b,mixed_tokens,randomized,5,renamed,randomized,randomized,True,True,True,False
E,ollama__qwen2_5-coder__14b,numbers_10,deterministic,1,renamed,deterministic,deterministic,True,True,True,False
E,ollama__qwen2_5-coder__14b,numbers_10,deterministic,2,renamed,deterministic,deterministic,True,True,True,False
E,ollama__qwen2_5-coder__14b,numbers_10,deterministic,3,renamed,deterministic,deterministic,True,True,True,False
E,ollama__qwen2_5-coder__14b,numbers_10,deterministic,4,renamed,deterministic,deterministic,True,True,True,False
E,ollama__qwen2_5-coder__14b,numbers_10,deterministic,5,renamed,deterministic,deterministic,True,True,True,False
E,ollama__qwen2_5-coder__14b,numbers_10,randomized,1,renamed,randomized,randomized,True,True,True,False
E,ollama__qwen2_5-coder__14b,numbers_10,randomized,2,renamed,randomized,randomized,True,True,True,False
E,ollama__qwen2_5-coder__14b,numbers_10,randomized,3,renamed,randomized,randomized,True,True,True,False
E,ollama__qwen2_5-coder__14b,numbers_10,randomized,4,renamed,randomized,randomized,True,True,True,False
E,ollama__qwen2_5-coder__14b,numbers_10,randomized,5,renamed,randomized,randomized,True,True,True,False
E,ollama__qwen2_5-coder__32b,letters_8,deterministic,1,renamed,deterministic,deterministic,True,True,True,False
E,ollama__qwen2_5-coder__32b,letters_8,deterministic,2,renamed,deterministic,deterministic,True,True,True,False
E,ollama__qwen2_5-coder__32b,letters_8,deterministic,3,renamed,deterministic,deterministic,True,True,True,False
E,ollama__qwen2_5-coder__32b,letters_8,deterministic,4,renamed,deterministic,deterministic,True,True,True,False
E,ollama__qwen2_5-coder__32b,letters_8,deterministic,5,renamed,deterministic,deterministic,True,True,True,False
E,ollama__qwen2_5-coder__32b,letters_8,randomized,1,renamed,randomized,randomized,True,True,True,False
E,ollama__qwen2_5-coder__32b,letters_8,randomized,2,renamed,randomized,randomized,True,True,True,False
E,ollama__qwen2_5-coder__32b,letters_8,randomized,3,renamed,randomized,randomized,True,True,True,False
E,ollama__qwen2_5-coder__32b,letters_8,randomized,4,renamed,randomized,randomized,True,True,True,False
E,ollama__qwen2_5-coder__32b,letters_8,randomized,5,renamed,randomized,randomized,True,True,True,False
E,ollama__qwen2_5-coder__32b,mixed_tokens,deterministic,1,renamed,deterministic,deterministic,True,True,True,False
E,ollama__qwen2_5-coder__32b,mixed_tokens,deterministic,2,renamed,deterministic,deterministic,True,True,True,False
E,ollama__qwen2_5-coder__32b,mixed_tokens,deterministic,3,renamed,deterministic,deterministic,True,True,True,False
E,ollama__qwen2_5-coder__32b,mixed_tokens,deterministic,4,renamed,deterministic,deterministic,True,True,True,False
E,ollama__qwen2_5-coder__32b,mixed_tokens,deterministic,5,renamed,deterministic,deterministic,True,True,True,False
E,ollama__qwen2_5-coder__32b,mixed_tokens,randomized,1,renamed,randomized,randomized,True,True,True,False
E,ollama__qwen2_5-coder__32b,mixed_tokens,randomized,2,renamed,randomized,randomized,True,True,True,False
E,ollama__qwen2_5-coder__32b,mixed_tokens,randomized,3,renamed,randomized,randomized,True,True,True,False
E,ollama__qwen2_5-coder__32b,mixed_tokens,randomized,4,renamed,randomized,randomized,True,True,True,False
E,ollama__qwen2_5-coder__32b,mixed_tokens,randomized,5,renamed,randomized,randomized,True,True,True,False
E,ollama__qwen2_5-coder__32b,numbers_10,deterministic,1,renamed,deterministic,deterministic,True,True,True,False
E,ollama__qwen2_5-coder__32b,numbers_10,deterministic,2,renamed,deterministic,deterministic,True,True,True,False
E,ollama__qwen2_5-coder__32b,numbers_10,deterministic,3,renamed,deterministic,deterministic,True,True,True,False
E,ollama__qwen2_5-coder__32b,numbers_10,deterministic,4,renamed,deterministic,deterministic,True,True,True,False
E,ollama__qwen2_5-coder__32b,numbers_10,deterministic,5,renamed,deterministic,deterministic,True,True,True,False
E,ollama__qwen2_5-coder__32b,numbers_10,randomized,1,renamed,randomized,randomized,True,True,True,False
E,ollama__qwen2_5-coder__32b,numbers_10,randomized,2,renamed,randomized,randomized,True,True,True,False
E,ollama__qwen2_5-coder__32b,numbers_10,randomized,3,renamed,randomized,randomized,True,True,True,False
E,ollama__qwen2_5-coder__32b,numbers_10,randomized,4,renamed,randomized,randomized,True,True,True,False
E,ollama__qwen2_5-coder__32b,numbers_10,randomized,5,renamed,randomized,randomized,True,True,True,False
E,ollama__qwen3-coder__30b,letters_8,deterministic,1,renamed,deterministic,deterministic,True,True,True,False
E,ollama__qwen3-coder__30b,letters_8,deterministic,2,renamed,deterministic,deterministic,True,True,True,False
E,ollama__qwen3-coder__30b,letters_8,deterministic,3,renamed,deterministic,deterministic,True,True,True,False
E,ollama__qwen3-coder__30b,letters_8,deterministic,4,renamed,deterministic,deterministic,True,True,True,False
E,ollama__qwen3-coder__30b,letters_8,deterministic,5,renamed,deterministic,deterministic,True,True,True,False
E,ollama__qwen3-coder__30b,letters_8,randomized,1,renamed,randomized,randomized,True,True,True,False
E,ollama__qwen3-coder__30b,letters_8,randomized,2,renamed,randomized,randomized,True,True,True,False
E,ollama__qwen3-coder__30b,letters_8,randomized,3,renamed,randomized,randomized,True,True,True,False
E,ollama__qwen3-coder__30b,letters_8,randomized,4,renamed,randomized,randomized,True,True,True,False
E,ollama__qwen3-coder__30b,letters_8,randomized,5,renamed,randomized,randomized,True,True,True,False
E,ollama__qwen3-coder__30b,mixed_tokens,deterministic,1,renamed,deterministic,deterministic,True,True,True,False
E,ollama__qwen3-coder__30b,mixed_tokens,deterministic,2,renamed,deterministic,deterministic,True,True,True,False
E,ollama__qwen3-coder__30b,mixed_tokens,deterministic,3,renamed,deterministic,deterministic,True,True,True,False
E,ollama__qwen3-coder__30b,mixed_tokens,deterministic,4,renamed,deterministic,deterministic,True,True,True,False
E,ollama__qwen3-coder__30b,mixed_tokens,deterministic,5,renamed,deterministic,deterministic,True,True,True,False
E,ollama__qwen3-coder__30b,mixed_tokens,randomized,1,renamed,randomized,randomized,True,True,True,False
E,ollama__qwen3-coder__30b,mixed_tokens,randomized,2,renamed,randomized,randomized,True,True,True,False
E,ollama__qwen3-coder__30b,mixed_tokens,randomized,3,renamed,randomized,randomized,True,True,True,False
E,ollama__qwen3-coder__30b,mixed_tokens,randomized,4,renamed,randomized,randomized,True,True,True,False
E,ollama__qwen3-coder__30b,mixed_tokens,randomized,5,renamed,randomized,randomized,True,True,True,False
E,ollama__qwen3-coder__30b,numbers_10,deterministic,1,renamed,deterministic,deterministic,True,True,True,False
E,ollama__qwen3-coder__30b,numbers_10,deterministic,2,renamed,deterministic,deterministic,True,True,True,False
E,ollama__qwen3-coder__30b,numbers_10,deterministic,3,renamed,deterministic,deterministic,True,True,True,False
E,ollama__qwen3-coder__30b,numbers_10,deterministic,4,renamed,deterministic,deterministic,True,True,True,False
E,ollama__qwen3-coder__30b,numbers_10,deterministic,5,renamed,deterministic,deterministic,True,True,True,False
E,ollama__qwen3-coder__30b,numbers_10,randomized,1,renamed,randomized,randomized,True,True,True,False
E,ollama__qwen3-coder__30b,numbers_10,randomized,2,renamed,randomized,randomized,True,True,True,False
E,ollama__qwen3-coder__30b,numbers_10,randomized,3,renamed,randomized,randomized,True,True,True,False
E,ollama__qwen3-coder__30b,numbers_10,randomized,4,renamed,randomized,randomized,True,True,True,False
E,ollama__qwen3-coder__30b,numbers_10,randomized,5,renamed,randomized,randomized,True,True,True,False
E,ollama__devstral__latest,letters_8,deterministic,1,no_imports,deterministic,deterministic,True,True,True,False
E,ollama__devstral__latest,letters_8,deterministic,2,no_imports,deterministic,deterministic,True,True,True,False
E,ollama__devstral__latest,letters_8,deterministic,3,no_imports,deterministic,deterministic,True,True,True,False
E,ollama__devstral__latest,letters_8,deterministic,4,no_imports,deterministic,deterministic,True,True,True,False
E,ollama__devstral__latest,letters_8,deterministic,5,no_imports,deterministic,deterministic,True,True,True,False
E,ollama__devstral__latest,letters_8,randomized,1,no_imports,randomized,randomized,True,True,True,False
E,ollama__devstral__latest,letters_8,randomized,2,no_imports,randomized,randomized,True,True,True,False
E,ollama__devstral__latest,letters_8,randomized,3,no_imports,randomized,randomized,True,True,True,False
E,ollama__devstral__latest,letters_8,randomized,4,no_imports,randomized,randomized,True,True,True,False
E,ollama__devstral__latest,letters_8,randomized,5,no_imports,randomized,randomized,True,True,True,False
E,ollama__devstral__latest,mixed_tokens,deterministic,1,no_imports,deterministic,deterministic,True,True,True,False
E,ollama__devstral__latest,mixed_tokens,deterministic,2,no_imports,deterministic,deterministic,True,True,True,False
E,ollama__devstral__latest,mixed_tokens,deterministic,3,no_imports,deterministic,deterministic,True,True,True,False
E,ollama__devstral__latest,mixed_tokens,deterministic,4,no_imports,deterministic,deterministic,True,True,True,False
E,ollama__devstral__latest,mixed_tokens,deterministic,5,no_imports,deterministic,deterministic,True,True,True,False
E,ollama__devstral__latest,mixed_tokens,randomized,1,no_imports,randomized,randomized,True,True,True,False
E,ollama__devstral__latest,mixed_tokens,randomized,2,no_imports,randomized,randomized,True,True,True,False
E,ollama__devstral__latest,mixed_tokens,randomized,3,no_imports,randomized,randomized,True,True,True,False
E,ollama__devstral__latest,mixed_tokens,randomized,4,no_imports,randomized,randomized,True,True,True,False
E,ollama__devstral__latest,mixed_tokens,randomized,5,no_imports,randomized,randomized,True,True,True,False
E,ollama__devstral__latest,numbers_10,deterministic,1,no_imports,deterministic,deterministic,True,True,True,False
E,ollama__devstral__latest,numbers_10,deterministic,2,no_imports,deterministic,deterministic,True,True,True,False
E,ollama__devstral__latest,numbers_10,deterministic,3,no_imports,deterministic,deterministic,True,True,True,False
E,ollama__devstral__latest,numbers_10,deterministic,4,no_imports,deterministic,deterministic,True,True,True,False
E,ollama__devstral__latest,numbers_10,deterministic,5,no_imports,deterministic,deterministic,True,True,True,False
E,ollama__devstral__latest,numbers_10,randomized,1,no_imports,randomized,randomized,True,True,True,False
E,ollama__devstral__latest,numbers_10,randomized,2,no_imports,randomized,randomized,True,True,True,False
E,ollama__devstral__latest,numbers_10,randomized,3,no_imports,randomized,randomized,True,True,True,False
E,ollama__devstral__latest,numbers_10,randomized,4,no_imports,randomized,randomized,True,True,True,False
E,ollama__devstral__latest,numbers_10,randomized,5,no_imports,randomized,randomized,True,True,True,False
E,ollama__qwen2_5-coder__14b,letters_8,deterministic,1,no_imports,deterministic,deterministic,True,True,True,False
E,ollama__qwen2_5-coder__14b,letters_8,deterministic,2,no_imports,deterministic,deterministic,True,True,True,False
E,ollama__qwen2_5-coder__14b,letters_8,deterministic,3,no_imports,deterministic,deterministic,True,True,True,False
E,ollama__qwen2_5-coder__14b,letters_8,deterministic,4,no_imports,deterministic,deterministic,True,True,True,False
E,ollama__qwen2_5-coder__14b,letters_8,deterministic,5,no_imports,deterministic,deterministic,True,True,True,False
E,ollama__qwen2_5-coder__14b,letters_8,randomized,1,no_imports,randomized,randomized,True,True,True,False
E,ollama__qwen2_5-coder__14b,letters_8,randomized,2,no_imports,randomized,randomized,True,True,True,False
E,ollama__qwen2_5-coder__14b,letters_8,randomized,3,no_imports,randomized,randomized,True,True,True,False
E,ollama__qwen2_5-coder__14b,letters_8,randomized,4,no_imports,randomized,randomized,True,True,True,False
E,ollama__qwen2_5-coder__14b,letters_8,randomized,5,no_imports,randomized,randomized,True,True,True,False
E,ollama__qwen2_5-coder__14b,mixed_tokens,deterministic,1,no_imports,deterministic,deterministic,True,True,True,False
E,ollama__qwen2_5-coder__14b,mixed_tokens,deterministic,2,no_imports,deterministic,deterministic,True,True,True,False
E,ollama__qwen2_5-coder__14b,mixed_tokens,deterministic,3,no_imports,deterministic,deterministic,True,True,True,False
E,ollama__qwen2_5-coder__14b,mixed_tokens,deterministic,4,no_imports,deterministic,deterministic,True,True,True,False
E,ollama__qwen2_5-coder__14b,mixed_tokens,deterministic,5,no_imports,deterministic,deterministic,True,True,True,False
E,ollama__qwen2_5-coder__14b,mixed_tokens,randomized,1,no_imports,randomized,randomized,True,True,True,False
E,ollama__qwen2_5-coder__14b,mixed_tokens,randomized,2,no_imports,randomized,randomized,True,True,True,False
E,ollama__qwen2_5-coder__14b,mixed_tokens,randomized,3,no_imports,randomized,randomized,True,True,True,False
E,ollama__qwen2_5-coder__14b,mixed_tokens,randomized,4,no_imports,randomized,randomized,True,True,True,False
E,ollama__qwen2_5-coder__14b,mixed_tokens,randomized,5,no_imports,randomized,randomized,True,True,True,False
E,ollama__qwen2_5-coder__14b,numbers_10,deterministic,1,no_imports,deterministic,deterministic,True,True,True,False
E,ollama__qwen2_5-coder__14b,numbers_10,deterministic,2,no_imports,deterministic,deterministic,True,True,True,False
E,ollama__qwen2_5-coder__14b,numbers_10,deterministic,3,no_imports,deterministic,deterministic,True,True,True,False
E,ollama__qwen2_5-coder__14b,numbers_10,deterministic,4,no_imports,deterministic,deterministic,True,True,True,False
E,ollama__qwen2_5-coder__14b,numbers_10,deterministic,5,no_imports,deterministic,deterministic,True,True,True,False
E,ollama__qwen2_5-coder__14b,numbers_10,randomized,1,no_imports,randomized,randomized,True,True,True,False
E,ollama__qwen2_5-coder__14b,numbers_10,randomized,2,no_imports,randomized,randomized,True,True,True,False
E,ollama__qwen2_5-coder__14b,numbers_10,randomized,3,no_imports,randomized,randomized,True,True,True,False
E,ollama__qwen2_5-coder__14b,numbers_10,randomized,4,no_imports,randomized,randomized,True,True,True,False
E,ollama__qwen2_5-coder__14b,numbers_10,randomized,5,no_imports,randomized,randomized,True,True,True,False
E,ollama__qwen2_5-coder__32b,letters_8,deterministic,1,no_imports,deterministic,deterministic,True,True,True,False
E,ollama__qwen2_5-coder__32b,letters_8,deterministic,2,no_imports,deterministic,deterministic,True,True,True,False
E,ollama__qwen2_5-coder__32b,letters_8,deterministic,3,no_imports,deterministic,deterministic,True,True,True,False
E,ollama__qwen2_5-coder__32b,letters_8,deterministic,4,no_imports,deterministic,deterministic,True,True,True,False
E,ollama__qwen2_5-coder__32b,letters_8,deterministic,5,no_imports,deterministic,deterministic,True,True,True,False
E,ollama__qwen2_5-coder__32b,letters_8,randomized,1,no_imports,randomized,randomized,True,True,True,False
E,ollama__qwen2_5-coder__32b,letters_8,randomized,2,no_imports,randomized,randomized,True,True,True,False
E,ollama__qwen2_5-coder__32b,letters_8,randomized,3,no_imports,randomized,randomized,True,True,True,False
E,ollama__qwen2_5-coder__32b,letters_8,randomized,4,no_imports,randomized,randomized,True,True,True,False
E,ollama__qwen2_5-coder__32b,letters_8,randomized,5,no_imports,randomized,randomized,True,True,True,False
E,ollama__qwen2_5-coder__32b,mixed_tokens,deterministic,1,no_imports,deterministic,deterministic,True,True,True,False
E,ollama__qwen2_5-coder__32b,mixed_tokens,deterministic,2,no_imports,deterministic,deterministic,True,True,True,False
E,ollama__qwen2_5-coder__32b,mixed_tokens,deterministic,3,no_imports,deterministic,deterministic,True,True,True,False
E,ollama__qwen2_5-coder__32b,mixed_tokens,deterministic,4,no_imports,deterministic,deterministic,True,True,True,False
E,ollama__qwen2_5-coder__32b,mixed_tokens,deterministic,5,no_imports,deterministic,deterministic,True,True,True,False
E,ollama__qwen2_5-coder__32b,mixed_tokens,randomized,1,no_imports,randomized,randomized,True,True,True,False
E,ollama__qwen2_5-coder__32b,mixed_tokens,randomized,2,no_imports,randomized,randomized,True,True,True,False
E,ollama__qwen2_5-coder__32b,mixed_tokens,randomized,3,no_imports,randomized,randomized,True,True,True,False
E,ollama__qwen2_5-coder__32b,mixed_tokens,randomized,4,no_imports,randomized,randomized,True,True,True,False
E,ollama__qwen2_5-coder__32b,mixed_tokens,randomized,5,no_imports,randomized,randomized,True,True,True,False
E,ollama__qwen2_5-coder__32b,numbers_10,deterministic,1,no_imports,deterministic,deterministic,True,True,True,False
E,ollama__qwen2_5-coder__32b,numbers_10,deterministic,2,no_imports,deterministic,deterministic,True,True,True,False
E,ollama__qwen2_5-coder__32b,numbers_10,deterministic,3,no_imports,deterministic,deterministic,True,True,True,False
E,ollama__qwen2_5-coder__32b,numbers_10,deterministic,4,no_imports,deterministic,deterministic,True,True,True,False
E,ollama__qwen2_5-coder__32b,numbers_10,deterministic,5,no_imports,deterministic,deterministic,True,True,True,False
E,ollama__qwen2_5-coder__32b,numbers_10,randomized,1,no_imports,randomized,randomized,True,True,True,False
E,ollama__qwen2_5-coder__32b,numbers_10,randomized,2,no_imports,randomized,randomized,True,True,True,False
E,ollama__qwen2_5-coder__32b,numbers_10,randomized,3,no_imports,randomized,randomized,True,True,True,False
E,ollama__qwen2_5-coder__32b,numbers_10,randomized,4,no_imports,randomized,randomized,True,True,True,False
E,ollama__qwen2_5-coder__32b,numbers_10,randomized,5,no_imports,randomized,randomized,True,True,True,False
E,ollama__qwen3-coder__30b,letters_8,deterministic,1,no_imports,deterministic,deterministic,True,True,True,False
E,ollama__qwen3-coder__30b,letters_8,deterministic,2,no_imports,deterministic,deterministic,True,True,True,False
E,ollama__qwen3-coder__30b,letters_8,deterministic,3,no_imports,deterministic,deterministic,True,True,True,False
E,ollama__qwen3-coder__30b,letters_8,deterministic,4,no_imports,deterministic,deterministic,True,True,True,False
E,ollama__qwen3-coder__30b,letters_8,deterministic,5,no_imports,deterministic,deterministic,True,True,True,False
E,ollama__qwen3-coder__30b,letters_8,randomized,1,no_imports,randomized,randomized,True,True,True,False
E,ollama__qwen3-coder__30b,letters_8,randomized,2,no_imports,randomized,randomized,True,True,True,False
E,ollama__qwen3-coder__30b,letters_8,randomized,3,no_imports,randomized,randomized,True,True,True,False
E,ollama__qwen3-coder__30b,letters_8,randomized,4,no_imports,randomized,randomized,True,True,True,False
E,ollama__qwen3-coder__30b,letters_8,randomized,5,no_imports,randomized,randomized,True,True,True,False
E,ollama__qwen3-coder__30b,mixed_tokens,deterministic,1,no_imports,deterministic,deterministic,True,True,True,False
E,ollama__qwen3-coder__30b,mixed_tokens,deterministic,2,no_imports,deterministic,deterministic,True,True,True,False
E,ollama__qwen3-coder__30b,mixed_tokens,deterministic,3,no_imports,deterministic,deterministic,True,True,True,False
E,ollama__qwen3-coder__30b,mixed_tokens,deterministic,4,no_imports,deterministic,deterministic,True,True,True,False
E,ollama__qwen3-coder__30b,mixed_tokens,deterministic,5,no_imports,deterministic,deterministic,True,True,True,False
E,ollama__qwen3-coder__30b,mixed_tokens,randomized,1,no_imports,randomized,randomized,True,True,True,False
E,ollama__qwen3-coder__30b,mixed_tokens,randomized,2,no_imports,randomized,randomized,True,True,True,False
E,ollama__qwen3-coder__30b,mixed_tokens,randomized,3,no_imports,randomized,randomized,True,True,True,False
E,ollama__qwen3-coder__30b,mixed_tokens,randomized,4,no_imports,randomized,randomized,True,True,True,False
E,ollama__qwen3-coder__30b,mixed_tokens,randomized,5,no_imports,randomized,randomized,True,True,True,False
E,ollama__qwen3-coder__30b,numbers_10,deterministic,1,no_imports,deterministic,deterministic,True,True,True,False
E,ollama__qwen3-coder__30b,numbers_10,deterministic,2,no_imports,deterministic,deterministic,True,True,True,False
E,ollama__qwen3-coder__30b,numbers_10,deterministic,3,no_imports,deterministic,deterministic,True,True,True,False
E,ollama__qwen3-coder__30b,numbers_10,deterministic,4,no_imports,deterministic,deterministic,True,True,True,False
E,ollama__qwen3-coder__30b,numbers_10,deterministic,5,no_imports,deterministic,deterministic,True,True,True,False
E,ollama__qwen3-coder__30b,numbers_10,randomized,1,no_imports,randomized,randomized,True,True,True,False
E,ollama__qwen3-coder__30b,numbers_10,randomized,2,no_imports,randomized,randomized,True,True,True,False
E,ollama__qwen3-coder__30b,numbers_10,randomized,3,no_imports,randomized,randomized,True,True,True,False
E,ollama__qwen3-coder__30b,numbers_10,randomized,4,no_imports,randomized,randomized,True,True,True,False
E,ollama__qwen3-coder__30b,numbers_10,randomized,5,no_imports,randomized,randomized,True,True,True,False
E,ollama__devstral__latest,letters_8,deterministic,1,format_normalized,deterministic,deterministic,True,True,True,False
E,ollama__devstral__latest,letters_8,deterministic,2,format_normalized,deterministic,deterministic,True,True,True,False
E,ollama__devstral__latest,letters_8,deterministic,3,format_normalized,deterministic,deterministic,True,True,True,False
E,ollama__devstral__latest,letters_8,deterministic,4,format_normalized,deterministic,deterministic,True,True,True,False
E,ollama__devstral__latest,letters_8,deterministic,5,format_normalized,deterministic,deterministic,True,True,True,False
E,ollama__devstral__latest,letters_8,randomized,1,format_normalized,randomized,randomized,True,True,True,False
E,ollama__devstral__latest,letters_8,randomized,2,format_normalized,randomized,randomized,True,True,True,False
E,ollama__devstral__latest,letters_8,randomized,3,format_normalized,randomized,randomized,True,True,True,False
E,ollama__devstral__latest,letters_8,randomized,4,format_normalized,randomized,randomized,True,True,True,False
E,ollama__devstral__latest,letters_8,randomized,5,format_normalized,randomized,randomized,True,True,True,False
E,ollama__devstral__latest,mixed_tokens,deterministic,1,format_normalized,deterministic,deterministic,True,True,True,False
E,ollama__devstral__latest,mixed_tokens,deterministic,2,format_normalized,deterministic,deterministic,True,True,True,False
E,ollama__devstral__latest,mixed_tokens,deterministic,3,format_normalized,deterministic,deterministic,True,True,True,False
E,ollama__devstral__latest,mixed_tokens,deterministic,4,format_normalized,deterministic,deterministic,True,True,True,False
E,ollama__devstral__latest,mixed_tokens,deterministic,5,format_normalized,deterministic,deterministic,True,True,True,False
E,ollama__devstral__latest,mixed_tokens,randomized,1,format_normalized,randomized,randomized,True,True,True,False
E,ollama__devstral__latest,mixed_tokens,randomized,2,format_normalized,randomized,randomized,True,True,True,False
E,ollama__devstral__latest,mixed_tokens,randomized,3,format_normalized,randomized,randomized,True,True,True,False
E,ollama__devstral__latest,mixed_tokens,randomized,4,format_normalized,randomized,randomized,True,True,True,False
E,ollama__devstral__latest,mixed_tokens,randomized,5,format_normalized,randomized,randomized,True,True,True,False
E,ollama__devstral__latest,numbers_10,deterministic,1,format_normalized,deterministic,deterministic,True,True,True,False
E,ollama__devstral__latest,numbers_10,deterministic,2,format_normalized,deterministic,deterministic,True,True,True,False
E,ollama__devstral__latest,numbers_10,deterministic,3,format_normalized,deterministic,deterministic,True,True,True,False
E,ollama__devstral__latest,numbers_10,deterministic,4,format_normalized,deterministic,deterministic,True,True,True,False
E,ollama__devstral__latest,numbers_10,deterministic,5,format_normalized,deterministic,deterministic,True,True,True,False
E,ollama__devstral__latest,numbers_10,randomized,1,format_normalized,randomized,randomized,True,True,True,False
E,ollama__devstral__latest,numbers_10,randomized,2,format_normalized,randomized,randomized,True,True,True,False
E,ollama__devstral__latest,numbers_10,randomized,3,format_normalized,randomized,randomized,True,True,True,False
E,ollama__devstral__latest,numbers_10,randomized,4,format_normalized,randomized,randomized,True,True,True,False
E,ollama__devstral__latest,numbers_10,randomized,5,format_normalized,randomized,randomized,True,True,True,False
E,ollama__qwen2_5-coder__14b,letters_8,deterministic,1,format_normalized,deterministic,deterministic,True,True,True,False
E,ollama__qwen2_5-coder__14b,letters_8,deterministic,2,format_normalized,deterministic,deterministic,True,True,True,False
E,ollama__qwen2_5-coder__14b,letters_8,deterministic,3,format_normalized,deterministic,deterministic,True,True,True,False
E,ollama__qwen2_5-coder__14b,letters_8,deterministic,4,format_normalized,deterministic,deterministic,True,True,True,False
E,ollama__qwen2_5-coder__14b,letters_8,deterministic,5,format_normalized,deterministic,deterministic,True,True,True,False
E,ollama__qwen2_5-coder__14b,letters_8,randomized,1,format_normalized,randomized,randomized,True,True,True,False
E,ollama__qwen2_5-coder__14b,letters_8,randomized,2,format_normalized,randomized,randomized,True,True,True,False
E,ollama__qwen2_5-coder__14b,letters_8,randomized,3,format_normalized,randomized,randomized,True,True,True,False
E,ollama__qwen2_5-coder__14b,letters_8,randomized,4,format_normalized,randomized,randomized,True,True,True,False
E,ollama__qwen2_5-coder__14b,letters_8,randomized,5,format_normalized,randomized,randomized,True,True,True,False
E,ollama__qwen2_5-coder__14b,mixed_tokens,deterministic,1,format_normalized,deterministic,deterministic,True,True,True,False
E,ollama__qwen2_5-coder__14b,mixed_tokens,deterministic,2,format_normalized,deterministic,deterministic,True,True,True,False
E,ollama__qwen2_5-coder__14b,mixed_tokens,deterministic,3,format_normalized,deterministic,deterministic,True,True,True,False
E,ollama__qwen2_5-coder__14b,mixed_tokens,deterministic,4,format_normalized,deterministic,deterministic,True,True,True,False
E,ollama__qwen2_5-coder__14b,mixed_tokens,deterministic,5,format_normalized,deterministic,deterministic,True,True,True,False
E,ollama__qwen2_5-coder__14b,mixed_tokens,randomized,1,format_normalized,randomized,randomized,True,True,True,False
E,ollama__qwen2_5-coder__14b,mixed_tokens,randomized,2,format_normalized,randomized,randomized,True,True,True,False
E,ollama__qwen2_5-coder__14b,mixed_tokens,randomized,3,format_normalized,randomized,randomized,True,True,True,False
E,ollama__qwen2_5-coder__14b,mixed_tokens,randomized,4,format_normalized,randomized,randomized,True,True,True,False
E,ollama__qwen2_5-coder__14b,mixed_tokens,randomized,5,format_normalized,randomized,randomized,True,True,True,False
E,ollama__qwen2_5-coder__14b,numbers_10,deterministic,1,format_normalized,deterministic,deterministic,True,True,True,False
E,ollama__qwen2_5-coder__14b,numbers_10,deterministic,2,format_normalized,deterministic,deterministic,True,True,True,False
E,ollama__qwen2_5-coder__14b,numbers_10,deterministic,3,format_normalized,deterministic,deterministic,True,True,True,False
E,ollama__qwen2_5-coder__14b,numbers_10,deterministic,4,format_normalized,deterministic,deterministic,True,True,True,False
E,ollama__qwen2_5-coder__14b,numbers_10,deterministic,5,format_normalized,deterministic,deterministic,True,True,True,False
E,ollama__qwen2_5-coder__14b,numbers_10,randomized,1,format_normalized,randomized,randomized,True,True,True,False
E,ollama__qwen2_5-coder__14b,numbers_10,randomized,2,format_normalized,randomized,randomized,True,True,True,False
E,ollama__qwen2_5-coder__14b,numbers_10,randomized,3,format_normalized,randomized,randomized,True,True,True,False
E,ollama__qwen2_5-coder__14b,numbers_10,randomized,4,format_normalized,randomized,randomized,True,True,True,False
E,ollama__qwen2_5-coder__14b,numbers_10,randomized,5,format_normalized,randomized,randomized,True,True,True,False
E,ollama__qwen2_5-coder__32b,letters_8,deterministic,1,format_normalized,deterministic,deterministic,True,True,True,False
E,ollama__qwen2_5-coder__32b,letters_8,deterministic,2,format_normalized,deterministic,deterministic,True,True,True,False
E,ollama__qwen2_5-coder__32b,letters_8,deterministic,3,format_normalized,deterministic,deterministic,True,True,True,False
E,ollama__qwen2_5-coder__32b,letters_8,deterministic,4,format_normalized,deterministic,deterministic,True,True,True,False
E,ollama__qwen2_5-coder__32b,letters_8,deterministic,5,format_normalized,deterministic,deterministic,True,True,True,False
E,ollama__qwen2_5-coder__32b,letters_8,randomized,1,format_normalized,randomized,randomized,True,True,True,False
E,ollama__qwen2_5-coder__32b,letters_8,randomized,2,format_normalized,randomized,randomized,True,True,True,False
E,ollama__qwen2_5-coder__32b,letters_8,randomized,3,format_normalized,randomized,randomized,True,True,True,False
E,ollama__qwen2_5-coder__32b,letters_8,randomized,4,format_normalized,randomized,randomized,True,True,True,False
E,ollama__qwen2_5-coder__32b,letters_8,randomized,5,format_normalized,randomized,randomized,True,True,True,False
E,ollama__qwen2_5-coder__32b,mixed_tokens,deterministic,1,format_normalized,deterministic,deterministic,True,True,True,False
E,ollama__qwen2_5-coder__32b,mixed_tokens,deterministic,2,format_normalized,deterministic,deterministic,True,True,True,False
E,ollama__qwen2_5-coder__32b,mixed_tokens,deterministic,3,format_normalized,deterministic,deterministic,True,True,True,False
E,ollama__qwen2_5-coder__32b,mixed_tokens,deterministic,4,format_normalized,deterministic,deterministic,True,True,True,False
E,ollama__qwen2_5-coder__32b,mixed_tokens,deterministic,5,format_normalized,deterministic,deterministic,True,True,True,False
E,ollama__qwen2_5-coder__32b,mixed_tokens,randomized,1,format_normalized,randomized,randomized,True,True,True,False
E,ollama__qwen2_5-coder__32b,mixed_tokens,randomized,2,format_normalized,randomized,randomized,True,True,True,False
E,ollama__qwen2_5-coder__32b,mixed_tokens,randomized,3,format_normalized,randomized,randomized,True,True,True,False
E,ollama__qwen2_5-coder__32b,mixed_tokens,randomized,4,format_normalized,randomized,randomized,True,True,True,False
E,ollama__qwen2_5-coder__32b,mixed_tokens,randomized,5,format_normalized,randomized,randomized,True,True,True,False
E,ollama__qwen2_5-coder__32b,numbers_10,deterministic,1,format_normalized,deterministic,deterministic,True,True,True,False
E,ollama__qwen2_5-coder__32b,numbers_10,deterministic,2,format_normalized,deterministic,deterministic,True,True,True,False
E,ollama__qwen2_5-coder__32b,numbers_10,deterministic,3,format_normalized,deterministic,deterministic,True,True,True,False
E,ollama__qwen2_5-coder__32b,numbers_10,deterministic,4,format_normalized,deterministic,deterministic,True,True,True,False
E,ollama__qwen2_5-coder__32b,numbers_10,deterministic,5,format_normalized,deterministic,deterministic,True,True,True,False
E,ollama__qwen2_5-coder__32b,numbers_10,randomized,1,format_normalized,randomized,randomized,True,True,True,False
E,ollama__qwen2_5-coder__32b,numbers_10,randomized,2,format_normalized,randomized,randomized,True,True,True,False
E,ollama__qwen2_5-coder__32b,numbers_10,randomized,3,format_normalized,randomized,randomized,True,True,True,False
E,ollama__qwen2_5-coder__32b,numbers_10,randomized,4,format_normalized,randomized,randomized,True,True,True,False
E,ollama__qwen2_5-coder__32b,numbers_10,randomized,5,format_normalized,randomized,randomized,True,True,True,False
E,ollama__qwen3-coder__30b,letters_8,deterministic,1,format_normalized,deterministic,deterministic,True,True,True,False
E,ollama__qwen3-coder__30b,letters_8,deterministic,2,format_normalized,deterministic,deterministic,True,True,True,False
E,ollama__qwen3-coder__30b,letters_8,deterministic,3,format_normalized,deterministic,deterministic,True,True,True,False
E,ollama__qwen3-coder__30b,letters_8,deterministic,4,format_normalized,deterministic,deterministic,True,True,True,False
E,ollama__qwen3-coder__30b,letters_8,deterministic,5,format_normalized,deterministic,deterministic,True,True,True,False
E,ollama__qwen3-coder__30b,letters_8,randomized,1,format_normalized,randomized,randomized,True,True,True,False
E,ollama__qwen3-coder__30b,letters_8,randomized,2,format_normalized,randomized,randomized,True,True,True,False
E,ollama__qwen3-coder__30b,letters_8,randomized,3,format_normalized,randomized,randomized,True,True,True,False
E,ollama__qwen3-coder__30b,letters_8,randomized,4,format_normalized,randomized,randomized,True,True,True,False
E,ollama__qwen3-coder__30b,letters_8,randomized,5,format_normalized,randomized,randomized,True,True,True,False
E,ollama__qwen3-coder__30b,mixed_tokens,deterministic,1,format_normalized,deterministic,deterministic,True,True,True,False
E,ollama__qwen3-coder__30b,mixed_tokens,deterministic,2,format_normalized,deterministic,deterministic,True,True,True,False
E,ollama__qwen3-coder__30b,mixed_tokens,deterministic,3,format_normalized,deterministic,deterministic,True,True,True,False
E,ollama__qwen3-coder__30b,mixed_tokens,deterministic,4,format_normalized,deterministic,deterministic,True,True,True,False
E,ollama__qwen3-coder__30b,mixed_tokens,deterministic,5,format_normalized,deterministic,deterministic,True,True,True,False
E,ollama__qwen3-coder__30b,mixed_tokens,randomized,1,format_normalized,randomized,randomized,True,True,True,False
E,ollama__qwen3-coder__30b,mixed_tokens,randomized,2,format_normalized,randomized,randomized,True,True,True,False
E,ollama__qwen3-coder__30b,mixed_tokens,randomized,3,format_normalized,randomized,randomized,True,True,True,False
E,ollama__qwen3-coder__30b,mixed_tokens,randomized,4,format_normalized,randomized,randomized,True,True,True,False
E,ollama__qwen3-coder__30b,mixed_tokens,randomized,5,format_normalized,randomized,randomized,True,True,True,False
E,ollama__qwen3-coder__30b,numbers_10,deterministic,1,format_normalized,deterministic,deterministic,True,True,True,False
E,ollama__qwen3-coder__30b,numbers_10,deterministic,2,format_normalized,deterministic,deterministic,True,True,True,False
E,ollama__qwen3-coder__30b,numbers_10,deterministic,3,format_normalized,deterministic,deterministic,True,True,True,False
E,ollama__qwen3-coder__30b,numbers_10,deterministic,4,format_normalized,deterministic,deterministic,True,True,True,False
E,ollama__qwen3-coder__30b,numbers_10,deterministic,5,format_normalized,deterministic,deterministic,True,True,True,False
E,ollama__qwen3-coder__30b,numbers_10,randomized,1,format_normalized,randomized,randomized,True,True,True,False
E,ollama__qwen3-coder__30b,numbers_10,randomized,2,format_normalized,randomized,randomized,True,True,True,False
E,ollama__qwen3-coder__30b,numbers_10,randomized,3,format_normalized,randomized,randomized,True,True,True,False
E,ollama__qwen3-coder__30b,numbers_10,randomized,4,format_normalized,randomized,randomized,True,True,True,False
E,ollama__qwen3-coder__30b,numbers_10,randomized,5,format_normalized,randomized,randomized,True,True,True,False
